query,group,time,value
"avg:container.cpu.usage{container_name:server-hotel OR container_name:server-flight OR container_name:conductor-server}",container_name:conductor-server,2025-01-20T17:42:54.000Z,68445283.29967
"avg:container.cpu.usage{container_name:server-hotel OR container_name:server-flight OR container_name:conductor-server}",container_name:conductor-server,2025-01-20T17:43:09.000Z,65181571.06678
"avg:container.cpu.usage{container_name:server-hotel OR container_name:server-flight OR container_name:conductor-server}",container_name:conductor-server,2025-01-20T17:43:24.000Z,312424614.429849
"avg:container.cpu.usage{container_name:server-hotel OR container_name:server-flight OR container_name:conductor-server}",container_name:conductor-server,2025-01-20T17:43:39.000Z,76453695.280389
"avg:container.cpu.usage{container_name:server-hotel OR container_name:server-flight OR container_name:conductor-server}",container_name:conductor-server,2025-01-20T17:43:54.000Z,64618123.416853
"avg:container.cpu.usage{container_name:server-hotel OR container_name:server-flight OR container_name:conductor-server}",container_name:conductor-server,2025-01-20T17:44:09.000Z,68651813.27851
"avg:container.cpu.usage{container_name:server-hotel OR container_name:server-flight OR container_name:conductor-server}",container_name:conductor-server,2025-01-20T17:44:24.000Z,1643399975.899995
"avg:container.cpu.usage{container_name:server-hotel OR container_name:server-flight OR container_name:conductor-server}",container_name:conductor-server,2025-01-20T17:44:39.000Z,431764174.150716
"avg:container.cpu.usage{container_name:server-hotel OR container_name:server-flight OR container_name:conductor-server}",container_name:conductor-server,2025-01-20T17:44:54.000Z,330527551.425289
"avg:container.cpu.usage{container_name:server-hotel OR container_name:server-flight OR container_name:conductor-server}",container_name:conductor-server,2025-01-20T17:45:09.000Z,264407430.219152
"avg:container.cpu.usage{container_name:server-hotel OR container_name:server-flight OR container_name:conductor-server}",container_name:conductor-server,2025-01-20T17:45:24.000Z,344096763.091022
"avg:container.cpu.usage{container_name:server-hotel OR container_name:server-flight OR container_name:conductor-server}",container_name:conductor-server,2025-01-20T17:45:39.000Z,262932702.834953
"avg:container.cpu.usage{container_name:server-hotel OR container_name:server-flight OR container_name:conductor-server}",container_name:conductor-server,2025-01-20T17:45:54.000Z,194176453.410338
"avg:container.cpu.usage{container_name:server-hotel OR container_name:server-flight OR container_name:conductor-server}",container_name:conductor-server,2025-01-20T17:46:09.000Z,214725625.263017
"avg:container.cpu.usage{container_name:server-hotel OR container_name:server-flight OR container_name:conductor-server}",container_name:conductor-server,2025-01-20T17:46:24.000Z,146792453.623669
"avg:container.cpu.usage{container_name:server-hotel OR container_name:server-flight OR container_name:conductor-server}",container_name:conductor-server,2025-01-20T17:46:39.000Z,64985031.632039
"avg:container.cpu.usage{container_name:server-hotel OR container_name:server-flight OR container_name:conductor-server}",container_name:conductor-server,2025-01-20T17:46:54.000Z,54890414.199221
"avg:container.cpu.usage{container_name:server-hotel OR container_name:server-flight OR container_name:conductor-server}",container_name:conductor-server,2025-01-20T17:47:09.000Z,54862124.720602
"avg:container.cpu.usage{container_name:server-hotel OR container_name:server-flight OR container_name:conductor-server}",container_name:conductor-server,2025-01-20T17:47:24.000Z,48982512.674494
"avg:container.cpu.usage{container_name:server-hotel OR container_name:server-flight OR container_name:conductor-server}",container_name:conductor-server,2025-01-20T17:47:39.000Z,68275829.178086
"avg:container.cpu.usage{container_name:server-hotel OR container_name:server-flight OR container_name:conductor-server}",container_name:server-flight,2025-01-20T17:42:54.000Z,13199560.133064
"avg:container.cpu.usage{container_name:server-hotel OR container_name:server-flight OR container_name:conductor-server}",container_name:server-flight,2025-01-20T17:43:09.000Z,13706724.401069
"avg:container.cpu.usage{container_name:server-hotel OR container_name:server-flight OR container_name:conductor-server}",container_name:server-flight,2025-01-20T17:43:24.000Z,12836065.377668
"avg:container.cpu.usage{container_name:server-hotel OR container_name:server-flight OR container_name:conductor-server}",container_name:server-flight,2025-01-20T17:43:39.000Z,10615246.435864
"avg:container.cpu.usage{container_name:server-hotel OR container_name:server-flight OR container_name:conductor-server}",container_name:server-flight,2025-01-20T17:43:54.000Z,11767851.525064
"avg:container.cpu.usage{container_name:server-hotel OR container_name:server-flight OR container_name:conductor-server}",container_name:server-flight,2025-01-20T17:44:09.000Z,13942781.375247
"avg:container.cpu.usage{container_name:server-hotel OR container_name:server-flight OR container_name:conductor-server}",container_name:server-flight,2025-01-20T17:44:24.000Z,27983677.586793
"avg:container.cpu.usage{container_name:server-hotel OR container_name:server-flight OR container_name:conductor-server}",container_name:server-flight,2025-01-20T17:44:39.000Z,31463764.242595
"avg:container.cpu.usage{container_name:server-hotel OR container_name:server-flight OR container_name:conductor-server}",container_name:server-flight,2025-01-20T17:44:54.000Z,28488985.49086
"avg:container.cpu.usage{container_name:server-hotel OR container_name:server-flight OR container_name:conductor-server}",container_name:server-flight,2025-01-20T17:45:09.000Z,26010745.089463
"avg:container.cpu.usage{container_name:server-hotel OR container_name:server-flight OR container_name:conductor-server}",container_name:server-flight,2025-01-20T17:45:24.000Z,34491856.442693
"avg:container.cpu.usage{container_name:server-hotel OR container_name:server-flight OR container_name:conductor-server}",container_name:server-flight,2025-01-20T17:45:39.000Z,33940078.602004
"avg:container.cpu.usage{container_name:server-hotel OR container_name:server-flight OR container_name:conductor-server}",container_name:server-flight,2025-01-20T17:45:54.000Z,30964728.724616
"avg:container.cpu.usage{container_name:server-hotel OR container_name:server-flight OR container_name:conductor-server}",container_name:server-flight,2025-01-20T17:46:09.000Z,32625894.136153
"avg:container.cpu.usage{container_name:server-hotel OR container_name:server-flight OR container_name:conductor-server}",container_name:server-flight,2025-01-20T17:46:24.000Z,18612331.126818
"avg:container.cpu.usage{container_name:server-hotel OR container_name:server-flight OR container_name:conductor-server}",container_name:server-flight,2025-01-20T17:46:39.000Z,14245760.826508
"avg:container.cpu.usage{container_name:server-hotel OR container_name:server-flight OR container_name:conductor-server}",container_name:server-flight,2025-01-20T17:46:54.000Z,12440947.493982
"avg:container.cpu.usage{container_name:server-hotel OR container_name:server-flight OR container_name:conductor-server}",container_name:server-flight,2025-01-20T17:47:09.000Z,12427755.385181
"avg:container.cpu.usage{container_name:server-hotel OR container_name:server-flight OR container_name:conductor-server}",container_name:server-flight,2025-01-20T17:47:24.000Z,13685556.766291
"avg:container.cpu.usage{container_name:server-hotel OR container_name:server-flight OR container_name:conductor-server}",container_name:server-flight,2025-01-20T17:47:39.000Z,13353995.099362
"avg:container.cpu.usage{container_name:server-hotel OR container_name:server-flight OR container_name:conductor-server}",container_name:server-hotel,2025-01-20T17:42:54.000Z,13648117.605126
"avg:container.cpu.usage{container_name:server-hotel OR container_name:server-flight OR container_name:conductor-server}",container_name:server-hotel,2025-01-20T17:43:09.000Z,14052154.114468
"avg:container.cpu.usage{container_name:server-hotel OR container_name:server-flight OR container_name:conductor-server}",container_name:server-hotel,2025-01-20T17:43:24.000Z,13569069.999395
"avg:container.cpu.usage{container_name:server-hotel OR container_name:server-flight OR container_name:conductor-server}",container_name:server-hotel,2025-01-20T17:43:39.000Z,11928241.352534
"avg:container.cpu.usage{container_name:server-hotel OR container_name:server-flight OR container_name:conductor-server}",container_name:server-hotel,2025-01-20T17:43:54.000Z,14145219.505671
"avg:container.cpu.usage{container_name:server-hotel OR container_name:server-flight OR container_name:conductor-server}",container_name:server-hotel,2025-01-20T17:44:09.000Z,13742129.852499
"avg:container.cpu.usage{container_name:server-hotel OR container_name:server-flight OR container_name:conductor-server}",container_name:server-hotel,2025-01-20T17:44:24.000Z,27560372.04972
"avg:container.cpu.usage{container_name:server-hotel OR container_name:server-flight OR container_name:conductor-server}",container_name:server-hotel,2025-01-20T17:44:39.000Z,32010964.645967
"avg:container.cpu.usage{container_name:server-hotel OR container_name:server-flight OR container_name:conductor-server}",container_name:server-hotel,2025-01-20T17:44:54.000Z,28494064.590401
"avg:container.cpu.usage{container_name:server-hotel OR container_name:server-flight OR container_name:conductor-server}",container_name:server-hotel,2025-01-20T17:45:09.000Z,25762763.984116
"avg:container.cpu.usage{container_name:server-hotel OR container_name:server-flight OR container_name:conductor-server}",container_name:server-hotel,2025-01-20T17:45:24.000Z,34918346.672425
"avg:container.cpu.usage{container_name:server-hotel OR container_name:server-flight OR container_name:conductor-server}",container_name:server-hotel,2025-01-20T17:45:39.000Z,34291190.794006
"avg:container.cpu.usage{container_name:server-hotel OR container_name:server-flight OR container_name:conductor-server}",container_name:server-hotel,2025-01-20T17:45:54.000Z,31968859.06477
"avg:container.cpu.usage{container_name:server-hotel OR container_name:server-flight OR container_name:conductor-server}",container_name:server-hotel,2025-01-20T17:46:09.000Z,33400301.080089
"avg:container.cpu.usage{container_name:server-hotel OR container_name:server-flight OR container_name:conductor-server}",container_name:server-hotel,2025-01-20T17:46:24.000Z,17199484.08357
"avg:container.cpu.usage{container_name:server-hotel OR container_name:server-flight OR container_name:conductor-server}",container_name:server-hotel,2025-01-20T17:46:39.000Z,13412253.028457
"avg:container.cpu.usage{container_name:server-hotel OR container_name:server-flight OR container_name:conductor-server}",container_name:server-hotel,2025-01-20T17:46:54.000Z,10307601.696473
"avg:container.cpu.usage{container_name:server-hotel OR container_name:server-flight OR container_name:conductor-server}",container_name:server-hotel,2025-01-20T17:47:09.000Z,10998515.041961
"avg:container.cpu.usage{container_name:server-hotel OR container_name:server-flight OR container_name:conductor-server}",container_name:server-hotel,2025-01-20T17:47:24.000Z,12704264.192757
"avg:container.cpu.usage{container_name:server-hotel OR container_name:server-flight OR container_name:conductor-server}",container_name:server-hotel,2025-01-20T17:47:39.000Z,12955619.671325
