query,group,time,value
"avg:container.memory.usage{container_name:server-hotel OR container_name:server-flight OR container_name:conductor-server}",container_name:conductor-server,2025-01-20T17:42:54.000Z,724176896
"avg:container.memory.usage{container_name:server-hotel OR container_name:server-flight OR container_name:conductor-server}",container_name:conductor-server,2025-01-20T17:43:09.000Z,724185088
"avg:container.memory.usage{container_name:server-hotel OR container_name:server-flight OR container_name:conductor-server}",container_name:conductor-server,2025-01-20T17:43:24.000Z,732164096
"avg:container.memory.usage{container_name:server-hotel OR container_name:server-flight OR container_name:conductor-server}",container_name:conductor-server,2025-01-20T17:43:39.000Z,733040640
"avg:container.memory.usage{container_name:server-hotel OR container_name:server-flight OR container_name:conductor-server}",container_name:conductor-server,2025-01-20T17:43:54.000Z,733261824
"avg:container.memory.usage{container_name:server-hotel OR container_name:server-flight OR container_name:conductor-server}",container_name:conductor-server,2025-01-20T17:44:09.000Z,733347840
"avg:container.memory.usage{container_name:server-hotel OR container_name:server-flight OR container_name:conductor-server}",container_name:conductor-server,2025-01-20T17:44:24.000Z,864935936
"avg:container.memory.usage{container_name:server-hotel OR container_name:server-flight OR container_name:conductor-server}",container_name:conductor-server,2025-01-20T17:44:39.000Z,844124160
"avg:container.memory.usage{container_name:server-hotel OR container_name:server-flight OR container_name:conductor-server}",container_name:conductor-server,2025-01-20T17:44:54.000Z,850550784
"avg:container.memory.usage{container_name:server-hotel OR container_name:server-flight OR container_name:conductor-server}",container_name:conductor-server,2025-01-20T17:45:09.000Z,851124224
"avg:container.memory.usage{container_name:server-hotel OR container_name:server-flight OR container_name:conductor-server}",container_name:conductor-server,2025-01-20T17:45:24.000Z,851927040
"avg:container.memory.usage{container_name:server-hotel OR container_name:server-flight OR container_name:conductor-server}",container_name:conductor-server,2025-01-20T17:45:39.000Z,846245888
"avg:container.memory.usage{container_name:server-hotel OR container_name:server-flight OR container_name:conductor-server}",container_name:conductor-server,2025-01-20T17:45:54.000Z,846630912
"avg:container.memory.usage{container_name:server-hotel OR container_name:server-flight OR container_name:conductor-server}",container_name:conductor-server,2025-01-20T17:46:09.000Z,847073280
"avg:container.memory.usage{container_name:server-hotel OR container_name:server-flight OR container_name:conductor-server}",container_name:conductor-server,2025-01-20T17:46:24.000Z,847253504
"avg:container.memory.usage{container_name:server-hotel OR container_name:server-flight OR container_name:conductor-server}",container_name:conductor-server,2025-01-20T17:46:39.000Z,847339520
"avg:container.memory.usage{container_name:server-hotel OR container_name:server-flight OR container_name:conductor-server}",container_name:conductor-server,2025-01-20T17:46:54.000Z,847425536
"avg:container.memory.usage{container_name:server-hotel OR container_name:server-flight OR container_name:conductor-server}",container_name:conductor-server,2025-01-20T17:47:09.000Z,847450112
"avg:container.memory.usage{container_name:server-hotel OR container_name:server-flight OR container_name:conductor-server}",container_name:conductor-server,2025-01-20T17:47:24.000Z,847351808
"avg:container.memory.usage{container_name:server-hotel OR container_name:server-flight OR container_name:conductor-server}",container_name:conductor-server,2025-01-20T17:47:39.000Z,851701760
"avg:container.memory.usage{container_name:server-hotel OR container_name:server-flight OR container_name:conductor-server}",container_name:server-flight,2025-01-20T17:42:54.000Z,61706240
"avg:container.memory.usage{container_name:server-hotel OR container_name:server-flight OR container_name:conductor-server}",container_name:server-flight,2025-01-20T17:43:09.000Z,61739008
"avg:container.memory.usage{container_name:server-hotel OR container_name:server-flight OR container_name:conductor-server}",container_name:server-flight,2025-01-20T17:43:24.000Z,61607936
"avg:container.memory.usage{container_name:server-hotel OR container_name:server-flight OR container_name:conductor-server}",container_name:server-flight,2025-01-20T17:43:39.000Z,61616128
"avg:container.memory.usage{container_name:server-hotel OR container_name:server-flight OR container_name:conductor-server}",container_name:server-flight,2025-01-20T17:43:54.000Z,61628416
"avg:container.memory.usage{container_name:server-hotel OR container_name:server-flight OR container_name:conductor-server}",container_name:server-flight,2025-01-20T17:44:09.000Z,61640704
"avg:container.memory.usage{container_name:server-hotel OR container_name:server-flight OR container_name:conductor-server}",container_name:server-flight,2025-01-20T17:44:24.000Z,62828544
"avg:container.memory.usage{container_name:server-hotel OR container_name:server-flight OR container_name:conductor-server}",container_name:server-flight,2025-01-20T17:44:39.000Z,62926848
"avg:container.memory.usage{container_name:server-hotel OR container_name:server-flight OR container_name:conductor-server}",container_name:server-flight,2025-01-20T17:44:54.000Z,65134592
"avg:container.memory.usage{container_name:server-hotel OR container_name:server-flight OR container_name:conductor-server}",container_name:server-flight,2025-01-20T17:45:09.000Z,65265664
"avg:container.memory.usage{container_name:server-hotel OR container_name:server-flight OR container_name:conductor-server}",container_name:server-flight,2025-01-20T17:45:24.000Z,65359872
"avg:container.memory.usage{container_name:server-hotel OR container_name:server-flight OR container_name:conductor-server}",container_name:server-flight,2025-01-20T17:45:39.000Z,65417216
"avg:container.memory.usage{container_name:server-hotel OR container_name:server-flight OR container_name:conductor-server}",container_name:server-flight,2025-01-20T17:45:54.000Z,65425408
"avg:container.memory.usage{container_name:server-hotel OR container_name:server-flight OR container_name:conductor-server}",container_name:server-flight,2025-01-20T17:46:09.000Z,65433600
"avg:container.memory.usage{container_name:server-hotel OR container_name:server-flight OR container_name:conductor-server}",container_name:server-flight,2025-01-20T17:46:24.000Z,65433600
"avg:container.memory.usage{container_name:server-hotel OR container_name:server-flight OR container_name:conductor-server}",container_name:server-flight,2025-01-20T17:46:39.000Z,65445888
"avg:container.memory.usage{container_name:server-hotel OR container_name:server-flight OR container_name:conductor-server}",container_name:server-flight,2025-01-20T17:46:54.000Z,65449984
"avg:container.memory.usage{container_name:server-hotel OR container_name:server-flight OR container_name:conductor-server}",container_name:server-flight,2025-01-20T17:47:09.000Z,65445888
"avg:container.memory.usage{container_name:server-hotel OR container_name:server-flight OR container_name:conductor-server}",container_name:server-flight,2025-01-20T17:47:24.000Z,65462272
"avg:container.memory.usage{container_name:server-hotel OR container_name:server-flight OR container_name:conductor-server}",container_name:server-flight,2025-01-20T17:47:39.000Z,65462272
"avg:container.memory.usage{container_name:server-hotel OR container_name:server-flight OR container_name:conductor-server}",container_name:server-hotel,2025-01-20T17:42:54.000Z,60006400
"avg:container.memory.usage{container_name:server-hotel OR container_name:server-flight OR container_name:conductor-server}",container_name:server-hotel,2025-01-20T17:43:09.000Z,59879424
"avg:container.memory.usage{container_name:server-hotel OR container_name:server-flight OR container_name:conductor-server}",container_name:server-hotel,2025-01-20T17:43:24.000Z,59883520
"avg:container.memory.usage{container_name:server-hotel OR container_name:server-flight OR container_name:conductor-server}",container_name:server-hotel,2025-01-20T17:43:39.000Z,59891712
"avg:container.memory.usage{container_name:server-hotel OR container_name:server-flight OR container_name:conductor-server}",container_name:server-hotel,2025-01-20T17:43:54.000Z,59891712
"avg:container.memory.usage{container_name:server-hotel OR container_name:server-flight OR container_name:conductor-server}",container_name:server-hotel,2025-01-20T17:44:09.000Z,59895808
"avg:container.memory.usage{container_name:server-hotel OR container_name:server-flight OR container_name:conductor-server}",container_name:server-hotel,2025-01-20T17:44:24.000Z,61005824
"avg:container.memory.usage{container_name:server-hotel OR container_name:server-flight OR container_name:conductor-server}",container_name:server-hotel,2025-01-20T17:44:39.000Z,61046784
"avg:container.memory.usage{container_name:server-hotel OR container_name:server-flight OR container_name:conductor-server}",container_name:server-hotel,2025-01-20T17:44:54.000Z,61042688
"avg:container.memory.usage{container_name:server-hotel OR container_name:server-flight OR container_name:conductor-server}",container_name:server-hotel,2025-01-20T17:45:09.000Z,61206528
"avg:container.memory.usage{container_name:server-hotel OR container_name:server-flight OR container_name:conductor-server}",container_name:server-hotel,2025-01-20T17:45:24.000Z,63193088
"avg:container.memory.usage{container_name:server-hotel OR container_name:server-flight OR container_name:conductor-server}",container_name:server-hotel,2025-01-20T17:45:39.000Z,63225856
"avg:container.memory.usage{container_name:server-hotel OR container_name:server-flight OR container_name:conductor-server}",container_name:server-hotel,2025-01-20T17:45:54.000Z,63221760
"avg:container.memory.usage{container_name:server-hotel OR container_name:server-flight OR container_name:conductor-server}",container_name:server-hotel,2025-01-20T17:46:09.000Z,63234048
"avg:container.memory.usage{container_name:server-hotel OR container_name:server-flight OR container_name:conductor-server}",container_name:server-hotel,2025-01-20T17:46:24.000Z,63242240
"avg:container.memory.usage{container_name:server-hotel OR container_name:server-flight OR container_name:conductor-server}",container_name:server-hotel,2025-01-20T17:46:39.000Z,63254528
"avg:container.memory.usage{container_name:server-hotel OR container_name:server-flight OR container_name:conductor-server}",container_name:server-hotel,2025-01-20T17:46:54.000Z,63254528
"avg:container.memory.usage{container_name:server-hotel OR container_name:server-flight OR container_name:conductor-server}",container_name:server-hotel,2025-01-20T17:47:09.000Z,63242240
"avg:container.memory.usage{container_name:server-hotel OR container_name:server-flight OR container_name:conductor-server}",container_name:server-hotel,2025-01-20T17:47:24.000Z,63254528
"avg:container.memory.usage{container_name:server-hotel OR container_name:server-flight OR container_name:conductor-server}",container_name:server-hotel,2025-01-20T17:47:39.000Z,63266816
