query,group,time,value
"sum:workflow_start_success{*}.as_count()",workflowname:travel_booking_worker_saga_wf,2025-01-20T17:44:16.000Z,0
"sum:workflow_start_success{*}.as_count()",workflowname:travel_booking_worker_saga_wf,2025-01-20T17:44:17.000Z,50
"sum:workflow_start_success{*}.as_count()",workflowname:travel_booking_worker_saga_wf,2025-01-20T17:44:18.000Z,50
"sum:workflow_start_success{*}.as_count()",workflowname:travel_booking_worker_saga_wf,2025-01-20T17:44:19.000Z,50
"sum:workflow_start_success{*}.as_count()",workflowname:travel_booking_worker_saga_wf,2025-01-20T17:44:20.000Z,50
"sum:workflow_start_success{*}.as_count()",workflowname:travel_booking_worker_saga_wf,2025-01-20T17:44:21.000Z,50
"sum:workflow_start_success{*}.as_count()",workflowname:travel_booking_worker_saga_wf,2025-01-20T17:44:22.000Z,41
"sum:workflow_start_success{*}.as_count()",workflowname:travel_booking_worker_saga_wf,2025-01-20T17:44:23.000Z,44
"sum:workflow_start_success{*}.as_count()",workflowname:travel_booking_worker_saga_wf,2025-01-20T17:44:24.000Z,48
"sum:workflow_start_success{*}.as_count()",workflowname:travel_booking_worker_saga_wf,2025-01-20T17:44:25.000Z,50
"sum:workflow_start_success{*}.as_count()",workflowname:travel_booking_worker_saga_wf,2025-01-20T17:44:26.000Z,50
"sum:workflow_start_success{*}.as_count()",workflowname:travel_booking_worker_saga_wf,2025-01-20T17:44:27.000Z,17
"sum:workflow_start_success{*}.as_count()",workflowname:travel_booking_worker_saga_wf,2025-01-20T17:44:28.000Z,0
"sum:workflow_start_success{*}.as_count()",workflowname:travel_booking_worker_saga_wf,2025-01-20T17:44:29.000Z,0
"sum:workflow_start_success{*}.as_count()",workflowname:travel_booking_worker_saga_wf,2025-01-20T17:44:30.000Z,0
"sum:workflow_start_success{*}.as_count()",workflowname:travel_booking_worker_saga_wf,2025-01-20T17:44:31.000Z,0
"sum:workflow_start_success{*}.as_count()",workflowname:travel_booking_worker_saga_wf,2025-01-20T17:44:32.000Z,0
"sum:workflow_start_success{*}.as_count()",workflowname:travel_booking_worker_saga_wf,2025-01-20T17:44:33.000Z,0
"sum:workflow_start_success{*}.as_count()",workflowname:travel_booking_worker_saga_wf,2025-01-20T17:44:34.000Z,0
"sum:workflow_start_success{*}.as_count()",workflowname:travel_booking_worker_saga_wf,2025-01-20T17:44:35.000Z,0
"sum:workflow_start_success{*}.as_count()",workflowname:travel_booking_worker_saga_wf,2025-01-20T17:44:36.000Z,0
"sum:workflow_start_success{*}.as_count()",workflowname:travel_booking_worker_saga_wf,2025-01-20T17:44:37.000Z,0
"sum:workflow_start_success{*}.as_count()",workflowname:travel_booking_worker_saga_wf,2025-01-20T17:44:38.000Z,0
"sum:workflow_start_success{*}.as_count()",workflowname:travel_booking_worker_saga_wf,2025-01-20T17:44:39.000Z,0
"sum:workflow_start_success{*}.as_count()",workflowname:travel_booking_worker_saga_wf,2025-01-20T17:44:40.000Z,0
"sum:workflow_start_success{*}.as_count()",workflowname:travel_booking_worker_saga_wf,2025-01-20T17:44:41.000Z,0
"sum:workflow_start_success{*}.as_count()",workflowname:travel_booking_worker_saga_wf,2025-01-20T17:44:42.000Z,0
"sum:workflow_start_success{*}.as_count()",workflowname:travel_booking_worker_saga_wf,2025-01-20T17:44:43.000Z,0
"sum:workflow_start_success{*}.as_count()",workflowname:travel_booking_worker_saga_wf,2025-01-20T17:44:44.000Z,0
"sum:workflow_start_success{*}.as_count()",workflowname:travel_booking_worker_saga_wf,2025-01-20T17:44:45.000Z,0
"sum:workflow_start_success{*}.as_count()",workflowname:travel_booking_worker_saga_wf,2025-01-20T17:44:46.000Z,0
"sum:workflow_start_success{*}.as_count()",workflowname:travel_booking_worker_saga_wf,2025-01-20T17:44:47.000Z,0
"sum:workflow_start_success{*}.as_count()",workflowname:travel_booking_worker_saga_wf,2025-01-20T17:44:48.000Z,0
"sum:workflow_start_success{*}.as_count()",workflowname:travel_booking_worker_saga_wf,2025-01-20T17:44:49.000Z,0
"sum:workflow_start_success{*}.as_count()",workflowname:travel_booking_worker_saga_wf,2025-01-20T17:44:50.000Z,0
"sum:workflow_start_success{*}.as_count()",workflowname:travel_booking_worker_saga_wf,2025-01-20T17:44:51.000Z,0
"sum:workflow_start_success{*}.as_count()",workflowname:travel_booking_worker_saga_wf,2025-01-20T17:44:52.000Z,0
"sum:workflow_start_success{*}.as_count()",workflowname:travel_booking_worker_saga_wf,2025-01-20T17:44:53.000Z,0
"sum:workflow_start_success{*}.as_count()",workflowname:travel_booking_worker_saga_wf,2025-01-20T17:44:54.000Z,0
"sum:workflow_start_success{*}.as_count()",workflowname:travel_booking_worker_saga_wf,2025-01-20T17:44:55.000Z,0
"sum:workflow_start_success{*}.as_count()",workflowname:travel_booking_worker_saga_wf,2025-01-20T17:44:56.000Z,0
"sum:workflow_start_success{*}.as_count()",workflowname:travel_booking_worker_saga_wf,2025-01-20T17:44:57.000Z,0
"sum:workflow_start_success{*}.as_count()",workflowname:travel_booking_worker_saga_wf,2025-01-20T17:44:58.000Z,0
"sum:workflow_start_success{*}.as_count()",workflowname:travel_booking_worker_saga_wf,2025-01-20T17:44:59.000Z,0
"sum:workflow_start_success{*}.as_count()",workflowname:travel_booking_worker_saga_wf,2025-01-20T17:45:00.000Z,0
"sum:workflow_start_success{*}.as_count()",workflowname:travel_booking_worker_saga_wf,2025-01-20T17:45:01.000Z,0
"sum:workflow_start_success{*}.as_count()",workflowname:travel_booking_worker_saga_wf,2025-01-20T17:45:02.000Z,0
"sum:workflow_start_success{*}.as_count()",workflowname:travel_booking_worker_saga_wf,2025-01-20T17:45:03.000Z,0
"sum:workflow_start_success{*}.as_count()",workflowname:travel_booking_worker_saga_wf,2025-01-20T17:45:04.000Z,0
"sum:workflow_start_success{*}.as_count()",workflowname:travel_booking_worker_saga_wf,2025-01-20T17:45:05.000Z,0
"sum:workflow_start_success{*}.as_count()",workflowname:travel_booking_worker_saga_wf,2025-01-20T17:45:06.000Z,0
"sum:workflow_start_success{*}.as_count()",workflowname:travel_booking_worker_saga_wf,2025-01-20T17:45:07.000Z,0
"sum:workflow_start_success{*}.as_count()",workflowname:travel_booking_worker_saga_wf,2025-01-20T17:45:08.000Z,0
"sum:workflow_start_success{*}.as_count()",workflowname:travel_booking_worker_saga_wf,2025-01-20T17:45:09.000Z,0
"sum:workflow_start_success{*}.as_count()",workflowname:travel_booking_worker_saga_wf,2025-01-20T17:45:10.000Z,0
"sum:workflow_start_success{*}.as_count()",workflowname:travel_booking_worker_saga_wf,2025-01-20T17:45:11.000Z,0
"sum:workflow_start_success{*}.as_count()",workflowname:travel_booking_worker_saga_wf,2025-01-20T17:45:12.000Z,0
"sum:workflow_start_success{*}.as_count()",workflowname:travel_booking_worker_saga_wf,2025-01-20T17:45:13.000Z,0
"sum:workflow_start_success{*}.as_count()",workflowname:travel_booking_worker_saga_wf,2025-01-20T17:45:14.000Z,0
"sum:workflow_start_success{*}.as_count()",workflowname:travel_booking_worker_saga_wf,2025-01-20T17:45:15.000Z,0
"sum:workflow_start_success{*}.as_count()",workflowname:travel_booking_worker_saga_wf,2025-01-20T17:45:16.000Z,0
"sum:workflow_start_success{*}.as_count()",workflowname:travel_booking_worker_saga_wf,2025-01-20T17:45:17.000Z,0
"sum:workflow_start_success{*}.as_count()",workflowname:travel_booking_worker_saga_wf,2025-01-20T17:45:18.000Z,0
"sum:workflow_start_success{*}.as_count()",workflowname:travel_booking_worker_saga_wf,2025-01-20T17:45:19.000Z,0
"sum:workflow_start_success{*}.as_count()",workflowname:travel_booking_worker_saga_wf,2025-01-20T17:45:20.000Z,0
"sum:workflow_start_success{*}.as_count()",workflowname:travel_booking_worker_saga_wf,2025-01-20T17:45:21.000Z,0
"sum:workflow_start_success{*}.as_count()",workflowname:travel_booking_worker_saga_wf,2025-01-20T17:45:22.000Z,0
"sum:workflow_start_success{*}.as_count()",workflowname:travel_booking_worker_saga_wf,2025-01-20T17:45:23.000Z,0
"sum:workflow_start_success{*}.as_count()",workflowname:travel_booking_worker_saga_wf,2025-01-20T17:45:24.000Z,0
"sum:workflow_start_success{*}.as_count()",workflowname:travel_booking_worker_saga_wf,2025-01-20T17:45:25.000Z,0
"sum:workflow_start_success{*}.as_count()",workflowname:travel_booking_worker_saga_wf,2025-01-20T17:45:26.000Z,0
"sum:workflow_start_success{*}.as_count()",workflowname:travel_booking_worker_saga_wf,2025-01-20T17:45:27.000Z,0
"sum:workflow_start_success{*}.as_count()",workflowname:travel_booking_worker_saga_wf,2025-01-20T17:45:28.000Z,0
"sum:workflow_start_success{*}.as_count()",workflowname:travel_booking_worker_saga_wf,2025-01-20T17:45:29.000Z,0
"sum:workflow_start_success{*}.as_count()",workflowname:travel_booking_worker_saga_wf,2025-01-20T17:45:30.000Z,0
"sum:workflow_start_success{*}.as_count()",workflowname:travel_booking_worker_saga_wf,2025-01-20T17:45:31.000Z,0
"sum:workflow_start_success{*}.as_count()",workflowname:travel_booking_worker_saga_wf,2025-01-20T17:45:32.000Z,0
"sum:workflow_start_success{*}.as_count()",workflowname:travel_booking_worker_saga_wf,2025-01-20T17:45:33.000Z,0
"sum:workflow_start_success{*}.as_count()",workflowname:travel_booking_worker_saga_wf,2025-01-20T17:45:34.000Z,0
"sum:workflow_start_success{*}.as_count()",workflowname:travel_booking_worker_saga_wf,2025-01-20T17:45:35.000Z,0
"sum:workflow_start_success{*}.as_count()",workflowname:travel_booking_worker_saga_wf,2025-01-20T17:45:36.000Z,0
"sum:workflow_start_success{*}.as_count()",workflowname:travel_booking_worker_saga_wf,2025-01-20T17:45:37.000Z,0
"sum:workflow_start_success{*}.as_count()",workflowname:travel_booking_worker_saga_wf,2025-01-20T17:45:38.000Z,0
"sum:workflow_start_success{*}.as_count()",workflowname:travel_booking_worker_saga_wf,2025-01-20T17:45:39.000Z,0
"sum:workflow_start_success{*}.as_count()",workflowname:travel_booking_worker_saga_wf,2025-01-20T17:45:40.000Z,0
"sum:workflow_start_success{*}.as_count()",workflowname:travel_booking_worker_saga_wf,2025-01-20T17:45:41.000Z,0
"sum:workflow_start_success{*}.as_count()",workflowname:travel_booking_worker_saga_wf,2025-01-20T17:45:42.000Z,0
"sum:workflow_start_success{*}.as_count()",workflowname:travel_booking_worker_saga_wf,2025-01-20T17:45:43.000Z,0
"sum:workflow_start_success{*}.as_count()",workflowname:travel_booking_worker_saga_wf,2025-01-20T17:45:44.000Z,0
"sum:workflow_start_success{*}.as_count()",workflowname:travel_booking_worker_saga_wf,2025-01-20T17:45:45.000Z,0
"sum:workflow_start_success{*}.as_count()",workflowname:travel_booking_worker_saga_wf,2025-01-20T17:45:46.000Z,0
"sum:workflow_start_success{*}.as_count()",workflowname:travel_booking_worker_saga_wf,2025-01-20T17:45:47.000Z,0
"sum:workflow_start_success{*}.as_count()",workflowname:travel_booking_worker_saga_wf,2025-01-20T17:45:48.000Z,0
"sum:workflow_start_success{*}.as_count()",workflowname:travel_booking_worker_saga_wf,2025-01-20T17:45:49.000Z,0
"sum:workflow_start_success{*}.as_count()",workflowname:travel_booking_worker_saga_wf,2025-01-20T17:45:50.000Z,0
"sum:workflow_start_success{*}.as_count()",workflowname:travel_booking_worker_saga_wf,2025-01-20T17:45:51.000Z,0
"sum:workflow_start_success{*}.as_count()",workflowname:travel_booking_worker_saga_wf,2025-01-20T17:45:52.000Z,0
"sum:workflow_start_success{*}.as_count()",workflowname:travel_booking_worker_saga_wf,2025-01-20T17:45:53.000Z,0
"sum:workflow_start_success{*}.as_count()",workflowname:travel_booking_worker_saga_wf,2025-01-20T17:45:54.000Z,0
"sum:workflow_start_success{*}.as_count()",workflowname:travel_booking_worker_saga_wf,2025-01-20T17:45:55.000Z,0
"sum:workflow_start_success{*}.as_count()",workflowname:travel_booking_worker_saga_wf,2025-01-20T17:45:56.000Z,0
"sum:workflow_start_success{*}.as_count()",workflowname:travel_booking_worker_saga_wf,2025-01-20T17:45:57.000Z,0
"sum:workflow_start_success{*}.as_count()",workflowname:travel_booking_worker_saga_wf,2025-01-20T17:45:58.000Z,0
"sum:workflow_start_success{*}.as_count()",workflowname:travel_booking_worker_saga_wf,2025-01-20T17:45:59.000Z,0
"sum:workflow_start_success{*}.as_count()",workflowname:travel_booking_worker_saga_wf,2025-01-20T17:46:00.000Z,0
"sum:workflow_start_success{*}.as_count()",workflowname:travel_booking_worker_saga_wf,2025-01-20T17:46:01.000Z,0
"sum:workflow_start_success{*}.as_count()",workflowname:travel_booking_worker_saga_wf,2025-01-20T17:46:02.000Z,0
"sum:workflow_start_success{*}.as_count()",workflowname:travel_booking_worker_saga_wf,2025-01-20T17:46:03.000Z,0
"sum:workflow_start_success{*}.as_count()",workflowname:travel_booking_worker_saga_wf,2025-01-20T17:46:04.000Z,0
"sum:workflow_start_success{*}.as_count()",workflowname:travel_booking_worker_saga_wf,2025-01-20T17:46:05.000Z,0
"sum:workflow_start_success{*}.as_count()",workflowname:travel_booking_worker_saga_wf,2025-01-20T17:46:06.000Z,0
"sum:workflow_start_success{*}.as_count()",workflowname:travel_booking_worker_saga_wf,2025-01-20T17:46:07.000Z,0
"sum:workflow_start_success{*}.as_count()",workflowname:travel_booking_worker_saga_wf,2025-01-20T17:46:08.000Z,0
"sum:workflow_start_success{*}.as_count()",workflowname:travel_booking_worker_saga_wf,2025-01-20T17:46:09.000Z,0
"sum:workflow_start_success{*}.as_count()",workflowname:travel_booking_worker_saga_wf,2025-01-20T17:46:10.000Z,0
"sum:workflow_start_success{*}.as_count()",workflowname:travel_booking_worker_saga_wf,2025-01-20T17:46:11.000Z,0
"sum:workflow_start_success{*}.as_count()",workflowname:travel_booking_worker_saga_wf,2025-01-20T17:46:12.000Z,0
"sum:workflow_start_success{*}.as_count()",workflowname:travel_booking_worker_saga_wf,2025-01-20T17:46:13.000Z,0
"sum:workflow_start_success{*}.as_count()",workflowname:travel_booking_worker_saga_wf,2025-01-20T17:46:14.000Z,0
"sum:workflow_start_success{*}.as_count()",workflowname:travel_booking_worker_saga_wf,2025-01-20T17:46:15.000Z,0
"sum:workflow_start_success{*}.as_count()",workflowname:travel_booking_worker_saga_wf,2025-01-20T17:46:16.000Z,0
"sum:workflow_start_success{*}.as_count()",workflowname:travel_booking_worker_saga_wf,2025-01-20T17:46:17.000Z,0
"sum:workflow_start_success{*}.as_count()",workflowname:travel_booking_worker_saga_wf,2025-01-20T17:46:18.000Z,0
"sum:workflow_start_success{*}.as_count()",workflowname:travel_booking_worker_saga_wf,2025-01-20T17:46:19.000Z,0
"sum:workflow_start_success{*}.as_count()",workflowname:travel_booking_worker_saga_wf,2025-01-20T17:46:20.000Z,0
"sum:workflow_start_success{*}.as_count()",workflowname:travel_booking_worker_saga_wf,2025-01-20T17:46:21.000Z,0
"sum:workflow_start_success{*}.as_count()",workflowname:travel_booking_worker_saga_wf,2025-01-20T17:46:22.000Z,0
"sum:workflow_start_success{*}.as_count()",workflowname:travel_booking_worker_saga_wf,2025-01-20T17:46:23.000Z,0
"sum:workflow_start_success{*}.as_count()",workflowname:travel_booking_worker_saga_wf,2025-01-20T17:46:24.000Z,0
"sum:workflow_start_success{*}.as_count()",workflowname:travel_booking_worker_saga_wf,2025-01-20T17:46:25.000Z,0
"sum:workflow_start_success{*}.as_count()",workflowname:travel_booking_worker_saga_wf,2025-01-20T17:46:26.000Z,0
"sum:workflow_start_success{*}.as_count()",workflowname:travel_booking_worker_saga_wf,2025-01-20T17:46:27.000Z,0
"sum:workflow_start_success{*}.as_count()",workflowname:travel_booking_worker_saga_wf,2025-01-20T17:46:28.000Z,0
"sum:workflow_start_success{*}.as_count()",workflowname:travel_booking_worker_saga_wf,2025-01-20T17:46:29.000Z,0
"sum:workflow_start_success{*}.as_count()",workflowname:travel_booking_worker_saga_wf,2025-01-20T17:46:30.000Z,0
"sum:workflow_start_success{*}.as_count()",workflowname:travel_booking_worker_saga_wf,2025-01-20T17:46:31.000Z,0
"sum:workflow_start_success{*}.as_count()",workflowname:travel_booking_worker_saga_wf,2025-01-20T17:46:32.000Z,0
"sum:workflow_start_success{*}.as_count()",workflowname:travel_booking_worker_saga_wf,2025-01-20T17:46:33.000Z,0
"sum:workflow_start_success{*}.as_count()",workflowname:travel_booking_worker_saga_wf,2025-01-20T17:46:34.000Z,0
"sum:workflow_start_success{*}.as_count()",workflowname:travel_booking_worker_saga_wf,2025-01-20T17:46:35.000Z,0
"sum:workflow_start_success{*}.as_count()",workflowname:travel_booking_worker_saga_wf,2025-01-20T17:46:36.000Z,0
"sum:workflow_start_success{*}.as_count()",workflowname:travel_booking_worker_saga_wf,2025-01-20T17:46:37.000Z,0
"sum:workflow_start_success{*}.as_count()",workflowname:travel_booking_worker_saga_wf,2025-01-20T17:46:38.000Z,0
"sum:workflow_start_success{*}.as_count()",workflowname:travel_booking_worker_saga_wf,2025-01-20T17:46:39.000Z,0
"sum:workflow_start_success{*}.as_count()",workflowname:travel_booking_worker_saga_wf,2025-01-20T17:46:40.000Z,0
"sum:workflow_start_success{*}.as_count()",workflowname:travel_booking_worker_saga_wf,2025-01-20T17:46:41.000Z,0
"sum:workflow_start_success{*}.as_count()",workflowname:travel_booking_worker_saga_wf,2025-01-20T17:46:42.000Z,0
"sum:workflow_start_success{*}.as_count()",workflowname:travel_booking_worker_saga_wf,2025-01-20T17:46:43.000Z,0
"sum:workflow_start_success{*}.as_count()",workflowname:travel_booking_worker_saga_wf,2025-01-20T17:46:44.000Z,0
"sum:workflow_start_success{*}.as_count()",workflowname:travel_booking_worker_saga_wf,2025-01-20T17:46:45.000Z,0
"sum:workflow_start_success{*}.as_count()",workflowname:travel_booking_worker_saga_wf,2025-01-20T17:46:46.000Z,0
"sum:workflow_start_success{*}.as_count()",workflowname:travel_booking_worker_saga_wf,2025-01-20T17:46:47.000Z,0
"sum:workflow_start_success{*}.as_count()",workflowname:travel_booking_worker_saga_wf,2025-01-20T17:46:48.000Z,0
"sum:workflow_start_success{*}.as_count()",workflowname:travel_booking_worker_saga_wf,2025-01-20T17:46:49.000Z,0
"sum:workflow_start_success{*}.as_count()",workflowname:travel_booking_worker_saga_wf,2025-01-20T17:46:50.000Z,0
"sum:workflow_start_success{*}.as_count()",workflowname:travel_booking_worker_saga_wf,2025-01-20T17:46:51.000Z,0
"sum:workflow_start_success{*}.as_count()",workflowname:travel_booking_worker_saga_wf,2025-01-20T17:46:52.000Z,0
"sum:workflow_start_success{*}.as_count()",workflowname:travel_booking_worker_saga_wf,2025-01-20T17:46:53.000Z,0
"sum:workflow_start_success{*}.as_count()",workflowname:travel_booking_worker_saga_wf,2025-01-20T17:46:54.000Z,0
"sum:workflow_start_success{*}.as_count()",workflowname:travel_booking_worker_saga_wf,2025-01-20T17:46:55.000Z,0
"sum:workflow_start_success{*}.as_count()",workflowname:travel_booking_worker_saga_wf,2025-01-20T17:46:56.000Z,0
"sum:workflow_start_success{*}.as_count()",workflowname:travel_booking_worker_saga_wf,2025-01-20T17:46:57.000Z,0
"sum:workflow_start_success{*}.as_count()",workflowname:travel_booking_worker_saga_wf,2025-01-20T17:46:58.000Z,0
"sum:workflow_start_success{*}.as_count()",workflowname:travel_booking_worker_saga_wf,2025-01-20T17:46:59.000Z,0
"sum:workflow_start_success{*}.as_count()",workflowname:travel_booking_worker_saga_wf,2025-01-20T17:47:00.000Z,0
"sum:workflow_start_success{*}.as_count()",workflowname:travel_booking_worker_saga_wf,2025-01-20T17:47:01.000Z,0
"sum:workflow_start_success{*}.as_count()",workflowname:travel_booking_worker_saga_wf,2025-01-20T17:47:02.000Z,0
"sum:workflow_start_success{*}.as_count()",workflowname:travel_booking_worker_saga_wf,2025-01-20T17:47:03.000Z,0
"sum:workflow_start_success{*}.as_count()",workflowname:travel_booking_worker_saga_wf,2025-01-20T17:47:04.000Z,0
"sum:workflow_start_success{*}.as_count()",workflowname:travel_booking_worker_saga_wf,2025-01-20T17:47:05.000Z,0
"sum:workflow_start_success{*}.as_count()",workflowname:travel_booking_worker_saga_wf,2025-01-20T17:47:06.000Z,0
"sum:workflow_start_success{*}.as_count()",workflowname:travel_booking_worker_saga_wf,2025-01-20T17:47:07.000Z,0
"sum:workflow_start_success{*}.as_count()",workflowname:travel_booking_worker_saga_wf,2025-01-20T17:47:08.000Z,0
"sum:workflow_start_success{*}.as_count()",workflowname:travel_booking_worker_saga_wf,2025-01-20T17:47:09.000Z,0
"sum:workflow_start_success{*}.as_count()",workflowname:travel_booking_worker_saga_wf,2025-01-20T17:47:10.000Z,0
"sum:workflow_start_success{*}.as_count()",workflowname:travel_booking_worker_saga_wf,2025-01-20T17:47:11.000Z,0
"sum:workflow_start_success{*}.as_count()",workflowname:travel_booking_worker_saga_wf,2025-01-20T17:47:12.000Z,0
"sum:workflow_start_success{*}.as_count()",workflowname:travel_booking_worker_saga_wf,2025-01-20T17:47:13.000Z,0
"sum:workflow_start_success{*}.as_count()",workflowname:travel_booking_worker_saga_wf,2025-01-20T17:47:14.000Z,0
"sum:workflow_start_success{*}.as_count()",workflowname:travel_booking_worker_saga_wf,2025-01-20T17:47:15.000Z,0
"sum:workflow_start_success{*}.as_count()",workflowname:travel_booking_worker_saga_wf,2025-01-20T17:47:16.000Z,0
"sum:workflow_start_success{*}.as_count()",workflowname:travel_booking_worker_saga_wf,2025-01-20T17:47:17.000Z,0
"sum:workflow_start_success{*}.as_count()",workflowname:travel_booking_worker_saga_wf,2025-01-20T17:47:18.000Z,0
"sum:workflow_start_success{*}.as_count()",workflowname:travel_booking_worker_saga_wf,2025-01-20T17:47:19.000Z,0
"sum:workflow_start_success{*}.as_count()",workflowname:travel_booking_worker_saga_wf,2025-01-20T17:47:20.000Z,0
"sum:workflow_start_success{*}.as_count()",workflowname:travel_booking_worker_saga_wf,2025-01-20T17:47:21.000Z,0
"sum:workflow_start_success{*}.as_count()",workflowname:travel_booking_worker_saga_wf,2025-01-20T17:47:22.000Z,0
"sum:workflow_start_success{*}.as_count()",workflowname:travel_booking_worker_saga_wf,2025-01-20T17:47:23.000Z,0
"sum:workflow_start_success{*}.as_count()",workflowname:travel_booking_worker_saga_wf,2025-01-20T17:47:24.000Z,0
"sum:workflow_start_success{*}.as_count()",workflowname:travel_booking_worker_saga_wf,2025-01-20T17:47:25.000Z,0
"sum:workflow_start_success{*}.as_count()",workflowname:travel_booking_worker_saga_wf,2025-01-20T17:47:26.000Z,0
"sum:workflow_start_success{*}.as_count()",workflowname:travel_booking_worker_saga_wf,2025-01-20T17:47:27.000Z,0
"sum:workflow_start_success{*}.as_count()",workflowname:travel_booking_worker_saga_wf,2025-01-20T17:47:28.000Z,0
"sum:workflow_start_success{*}.as_count()",workflowname:travel_booking_worker_saga_wf,2025-01-20T17:47:29.000Z,0
"sum:workflow_start_success{*}.as_count()",workflowname:travel_booking_worker_saga_wf,2025-01-20T17:47:30.000Z,0
"sum:workflow_start_success{*}.as_count()",workflowname:travel_booking_worker_saga_wf,2025-01-20T17:47:31.000Z,0
"sum:workflow_start_success{*}.as_count()",workflowname:travel_booking_worker_saga_wf,2025-01-20T17:47:32.000Z,0
"sum:workflow_start_success{*}.as_count()",workflowname:travel_booking_worker_saga_wf,2025-01-20T17:47:33.000Z,0
"sum:workflow_start_success{*}.as_count()",workflowname:travel_booking_worker_saga_wf,2025-01-20T17:47:34.000Z,0
"sum:workflow_start_success{*}.as_count()",workflowname:travel_booking_worker_saga_wf,2025-01-20T17:47:35.000Z,0
"sum:workflow_start_success{*}.as_count()",workflowname:travel_booking_worker_saga_wf,2025-01-20T17:47:36.000Z,0
"sum:workflow_start_success{*}.as_count()",workflowname:travel_booking_worker_saga_wf,2025-01-20T17:47:37.000Z,0
"sum:workflow_start_success{*}.as_count()",workflowname:travel_booking_worker_saga_wf,2025-01-20T17:47:38.000Z,0
"sum:workflow_start_success{*}.as_count()",workflowname:travel_booking_worker_saga_wf,2025-01-20T17:47:39.000Z,0
"sum:workflow_start_success{*}.as_count()",workflowname:travel_booking_worker_saga_wf,2025-01-20T17:47:40.000Z,0
"sum:workflow_start_success{*}.as_count()",workflowname:travel_booking_worker_saga_wf,2025-01-20T17:47:41.000Z,0
"sum:workflow_start_success{*}.as_count()",workflowname:travel_booking_worker_saga_wf,2025-01-20T17:47:42.000Z,0
"sum:workflow_start_success{*}.as_count()",workflowname:travel_booking_worker_saga_wf,2025-01-20T17:47:43.000Z,0
"sum:workflow_start_success{*}.as_count()",workflowname:travel_booking_worker_saga_wf,2025-01-20T17:47:44.000Z,0
"sum:workflow_start_success{*}.as_count()",workflowname:travel_booking_worker_saga_wf,2025-01-20T17:47:45.000Z,0
"sum:workflow_start_success{*}.as_count()",workflowname:travel_booking_worker_saga_wf,2025-01-20T17:47:46.000Z,0
"sum:workflow_start_success{*}.as_count()",workflowname:travel_booking_worker_saga_wf,2025-01-20T17:47:47.000Z,0
