query,group,time,value
"sum:task_queue_wait.avg{*}",tasktype:book_flight,2025-01-20T17:44:16.000Z,0
"sum:task_queue_wait.avg{*}",tasktype:book_flight,2025-01-20T17:44:17.000Z,587.25
"sum:task_queue_wait.avg{*}",tasktype:book_flight,2025-01-20T17:44:18.000Z,1334.5
"sum:task_queue_wait.avg{*}",tasktype:book_flight,2025-01-20T17:44:19.000Z,2272.9
"sum:task_queue_wait.avg{*}",tasktype:book_flight,2025-01-20T17:44:20.000Z,3816
"sum:task_queue_wait.avg{*}",tasktype:book_flight,2025-01-20T17:44:21.000Z,3922.5
"sum:task_queue_wait.avg{*}",tasktype:book_flight,2025-01-20T17:44:22.000Z,0
"sum:task_queue_wait.avg{*}",tasktype:book_flight,2025-01-20T17:44:23.000Z,6384.25
"sum:task_queue_wait.avg{*}",tasktype:book_flight,2025-01-20T17:44:24.000Z,7341.846154
"sum:task_queue_wait.avg{*}",tasktype:book_flight,2025-01-20T17:44:25.000Z,7915.4
"sum:task_queue_wait.avg{*}",tasktype:book_flight,2025-01-20T17:44:26.000Z,8411.8
"sum:task_queue_wait.avg{*}",tasktype:book_flight,2025-01-20T17:44:27.000Z,9084.4
"sum:task_queue_wait.avg{*}",tasktype:book_flight,2025-01-20T17:44:28.000Z,10500.333333
"sum:task_queue_wait.avg{*}",tasktype:book_flight,2025-01-20T17:44:29.000Z,10691.5
"sum:task_queue_wait.avg{*}",tasktype:book_flight,2025-01-20T17:44:30.000Z,11855
"sum:task_queue_wait.avg{*}",tasktype:book_flight,2025-01-20T17:44:31.000Z,13198.4
"sum:task_queue_wait.avg{*}",tasktype:book_flight,2025-01-20T17:44:32.000Z,14432.666667
"sum:task_queue_wait.avg{*}",tasktype:book_flight,2025-01-20T17:44:33.000Z,14609.5
"sum:task_queue_wait.avg{*}",tasktype:book_flight,2025-01-20T17:44:34.000Z,0
"sum:task_queue_wait.avg{*}",tasktype:book_flight,2025-01-20T17:44:35.000Z,16841
"sum:task_queue_wait.avg{*}",tasktype:book_flight,2025-01-20T17:44:36.000Z,17949
"sum:task_queue_wait.avg{*}",tasktype:book_flight,2025-01-20T17:44:37.000Z,19034
"sum:task_queue_wait.avg{*}",tasktype:book_flight,2025-01-20T17:44:38.000Z,20242.2
"sum:task_queue_wait.avg{*}",tasktype:book_flight,2025-01-20T17:44:39.000Z,20323
"sum:task_queue_wait.avg{*}",tasktype:book_flight,2025-01-20T17:44:40.000Z,21157.833333
"sum:task_queue_wait.avg{*}",tasktype:book_flight,2025-01-20T17:44:41.000Z,0
"sum:task_queue_wait.avg{*}",tasktype:book_flight,2025-01-20T17:44:42.000Z,22599.666667
"sum:task_queue_wait.avg{*}",tasktype:book_flight,2025-01-20T17:44:43.000Z,23717
"sum:task_queue_wait.avg{*}",tasktype:book_flight,2025-01-20T17:44:44.000Z,24789
"sum:task_queue_wait.avg{*}",tasktype:book_flight,2025-01-20T17:44:45.000Z,25842
"sum:task_queue_wait.avg{*}",tasktype:book_flight,2025-01-20T17:44:46.000Z,0
"sum:task_queue_wait.avg{*}",tasktype:book_flight,2025-01-20T17:44:47.000Z,28081.571429
"sum:task_queue_wait.avg{*}",tasktype:book_flight,2025-01-20T17:44:48.000Z,29351
"sum:task_queue_wait.avg{*}",tasktype:book_flight,2025-01-20T17:44:49.000Z,29451.333333
"sum:task_queue_wait.avg{*}",tasktype:book_flight,2025-01-20T17:44:50.000Z,0
"sum:task_queue_wait.avg{*}",tasktype:book_flight,2025-01-20T17:44:51.000Z,31614.5
"sum:task_queue_wait.avg{*}",tasktype:book_flight,2025-01-20T17:44:52.000Z,32876.666667
"sum:task_queue_wait.avg{*}",tasktype:book_flight,2025-01-20T17:44:53.000Z,34240.5
"sum:task_queue_wait.avg{*}",tasktype:book_flight,2025-01-20T17:44:54.000Z,34475.705882
"sum:task_queue_wait.avg{*}",tasktype:book_flight,2025-01-20T17:44:55.000Z,35499
"sum:task_queue_wait.avg{*}",tasktype:book_flight,2025-01-20T17:44:56.000Z,35672.833333
"sum:task_queue_wait.avg{*}",tasktype:book_flight,2025-01-20T17:44:57.000Z,37157.2
"sum:task_queue_wait.avg{*}",tasktype:book_flight,2025-01-20T17:44:58.000Z,37732.666667
"sum:task_queue_wait.avg{*}",tasktype:book_flight,2025-01-20T17:44:59.000Z,39077
"sum:task_queue_wait.avg{*}",tasktype:book_flight,2025-01-20T17:45:00.000Z,40252
"sum:task_queue_wait.avg{*}",tasktype:book_flight,2025-01-20T17:45:01.000Z,40383.333333
"sum:task_queue_wait.avg{*}",tasktype:book_flight,2025-01-20T17:45:02.000Z,41523
"sum:task_queue_wait.avg{*}",tasktype:book_flight,2025-01-20T17:45:03.000Z,0
"sum:task_queue_wait.avg{*}",tasktype:book_flight,2025-01-20T17:45:04.000Z,43612
"sum:task_queue_wait.avg{*}",tasktype:book_flight,2025-01-20T17:45:05.000Z,44675
"sum:task_queue_wait.avg{*}",tasktype:book_flight,2025-01-20T17:45:06.000Z,45713
"sum:task_queue_wait.avg{*}",tasktype:book_flight,2025-01-20T17:45:07.000Z,46983.25
"sum:task_queue_wait.avg{*}",tasktype:book_flight,2025-01-20T17:45:08.000Z,47022.5
"sum:task_queue_wait.avg{*}",tasktype:book_flight,2025-01-20T17:45:09.000Z,48005.833333
"sum:task_queue_wait.avg{*}",tasktype:book_flight,2025-01-20T17:45:10.000Z,49212
"sum:task_queue_wait.avg{*}",tasktype:book_flight,2025-01-20T17:45:11.000Z,50329.5
"sum:task_queue_wait.avg{*}",tasktype:book_flight,2025-01-20T17:45:12.000Z,50799.176471
"sum:task_queue_wait.avg{*}",tasktype:book_flight,2025-01-20T17:45:13.000Z,52210.5
"sum:task_queue_wait.avg{*}",tasktype:book_flight,2025-01-20T17:45:14.000Z,52448.666667
"sum:task_queue_wait.avg{*}",tasktype:book_flight,2025-01-20T17:45:15.000Z,53841.833333
"sum:task_queue_wait.avg{*}",tasktype:book_flight,2025-01-20T17:45:16.000Z,0
"sum:task_queue_wait.avg{*}",tasktype:book_flight,2025-01-20T17:45:17.000Z,56082
"sum:task_queue_wait.avg{*}",tasktype:book_flight,2025-01-20T17:45:18.000Z,0
"sum:task_queue_wait.avg{*}",tasktype:book_flight,2025-01-20T17:45:19.000Z,57163
"sum:task_queue_wait.avg{*}",tasktype:book_flight,2025-01-20T17:45:20.000Z,58081.727273
"sum:task_queue_wait.avg{*}",tasktype:book_flight,2025-01-20T17:45:21.000Z,58394
"sum:task_queue_wait.avg{*}",tasktype:book_flight,2025-01-20T17:45:22.000Z,0
"sum:task_queue_wait.avg{*}",tasktype:book_flight,2025-01-20T17:45:23.000Z,60474
"sum:task_queue_wait.avg{*}",tasktype:book_flight,2025-01-20T17:45:24.000Z,61875.25
"sum:task_queue_wait.avg{*}",tasktype:book_flight,2025-01-20T17:45:25.000Z,62543.555556
"sum:task_queue_wait.avg{*}",tasktype:book_flight,2025-01-20T17:45:26.000Z,63814
"sum:task_queue_wait.avg{*}",tasktype:book_flight,2025-01-20T17:45:27.000Z,64956.5
"sum:task_queue_wait.avg{*}",tasktype:book_flight,2025-01-20T17:45:28.000Z,0
"sum:task_queue_wait.avg{*}",tasktype:book_flight,2025-01-20T17:45:29.000Z,66376.090909
"sum:task_queue_wait.avg{*}",tasktype:book_flight,2025-01-20T17:45:30.000Z,67772
"sum:task_queue_wait.avg{*}",tasktype:book_flight,2025-01-20T17:45:31.000Z,68356
"sum:task_queue_wait.avg{*}",tasktype:book_flight,2025-01-20T17:45:32.000Z,68530.285714
"sum:task_queue_wait.avg{*}",tasktype:book_flight,2025-01-20T17:45:33.000Z,69697.666667
"sum:task_queue_wait.avg{*}",tasktype:book_flight,2025-01-20T17:45:34.000Z,70975.666667
"sum:task_queue_wait.avg{*}",tasktype:book_flight,2025-01-20T17:45:35.000Z,71224
"sum:task_queue_wait.avg{*}",tasktype:book_flight,2025-01-20T17:45:36.000Z,72586.65
"sum:task_queue_wait.avg{*}",tasktype:book_flight,2025-01-20T17:45:37.000Z,0
"sum:task_queue_wait.avg{*}",tasktype:book_flight,2025-01-20T17:45:38.000Z,74113.166667
"sum:task_queue_wait.avg{*}",tasktype:book_flight,2025-01-20T17:45:39.000Z,74834.666667
"sum:task_queue_wait.avg{*}",tasktype:book_flight,2025-01-20T17:45:40.000Z,75868
"sum:task_queue_wait.avg{*}",tasktype:book_flight,2025-01-20T17:45:41.000Z,76983.666667
"sum:task_queue_wait.avg{*}",tasktype:book_flight,2025-01-20T17:45:42.000Z,78077
"sum:task_queue_wait.avg{*}",tasktype:book_flight,2025-01-20T17:45:43.000Z,79143.75
"sum:task_queue_wait.avg{*}",tasktype:book_flight,2025-01-20T17:45:44.000Z,0
"sum:task_queue_wait.avg{*}",tasktype:book_flight,2025-01-20T17:45:45.000Z,80427.818182
"sum:task_queue_wait.avg{*}",tasktype:book_flight,2025-01-20T17:45:46.000Z,81726
"sum:task_queue_wait.avg{*}",tasktype:book_flight,2025-01-20T17:45:47.000Z,82807
"sum:task_queue_wait.avg{*}",tasktype:book_flight,2025-01-20T17:45:48.000Z,83984.2
"sum:task_queue_wait.avg{*}",tasktype:book_flight,2025-01-20T17:45:49.000Z,84149.333333
"sum:task_queue_wait.avg{*}",tasktype:book_flight,2025-01-20T17:45:50.000Z,85285
"sum:task_queue_wait.avg{*}",tasktype:book_flight,2025-01-20T17:45:51.000Z,86595
"sum:task_queue_wait.avg{*}",tasktype:book_flight,2025-01-20T17:45:52.000Z,0
"sum:task_queue_wait.avg{*}",tasktype:book_flight,2025-01-20T17:45:53.000Z,87439
"sum:task_queue_wait.avg{*}",tasktype:book_flight,2025-01-20T17:45:54.000Z,88544
"sum:task_queue_wait.avg{*}",tasktype:book_flight,2025-01-20T17:45:55.000Z,89777.5
"sum:task_queue_wait.avg{*}",tasktype:book_flight,2025-01-20T17:45:56.000Z,90951
"sum:task_queue_wait.avg{*}",tasktype:book_flight,2025-01-20T17:45:57.000Z,92009.666667
"sum:task_queue_wait.avg{*}",tasktype:book_flight,2025-01-20T17:45:58.000Z,93114
"sum:task_queue_wait.avg{*}",tasktype:book_flight,2025-01-20T17:45:59.000Z,93402.454545
"sum:task_queue_wait.avg{*}",tasktype:book_flight,2025-01-20T17:46:00.000Z,94704
"sum:task_queue_wait.avg{*}",tasktype:book_flight,2025-01-20T17:46:01.000Z,95778
"sum:task_queue_wait.avg{*}",tasktype:book_flight,2025-01-20T17:46:02.000Z,96882.5
"sum:task_queue_wait.avg{*}",tasktype:book_flight,2025-01-20T17:46:03.000Z,97987
"sum:task_queue_wait.avg{*}",tasktype:book_flight,2025-01-20T17:46:04.000Z,97971
"sum:task_queue_wait.avg{*}",tasktype:book_flight,2025-01-20T17:46:05.000Z,99396.066667
"sum:task_queue_wait.avg{*}",tasktype:book_flight,2025-01-20T17:46:06.000Z,99564.714286
"sum:task_queue_wait.avg{*}",tasktype:book_flight,2025-01-20T17:46:07.000Z,100652
"sum:task_queue_wait.avg{*}",tasktype:book_flight,2025-01-20T17:46:08.000Z,101802.75
"sum:task_queue_wait.avg{*}",tasktype:book_flight,2025-01-20T17:46:09.000Z,102957
"sum:task_queue_wait.avg{*}",tasktype:book_flight,2025-01-20T17:46:10.000Z,104036.333333
"sum:task_queue_wait.avg{*}",tasktype:book_flight,2025-01-20T17:46:11.000Z,104525.176471
"sum:task_queue_wait.avg{*}",tasktype:book_flight,2025-01-20T17:46:12.000Z,105985
"sum:task_queue_wait.avg{*}",tasktype:book_flight,2025-01-20T17:46:13.000Z,106247.235294
"sum:task_queue_wait.avg{*}",tasktype:book_flight,2025-01-20T17:46:14.000Z,0
"sum:task_queue_wait.avg{*}",tasktype:book_flight,2025-01-20T17:46:15.000Z,0
"sum:task_queue_wait.avg{*}",tasktype:book_flight,2025-01-20T17:46:16.000Z,0
"sum:task_queue_wait.avg{*}",tasktype:book_flight,2025-01-20T17:46:17.000Z,0
"sum:task_queue_wait.avg{*}",tasktype:book_flight,2025-01-20T17:46:18.000Z,0
"sum:task_queue_wait.avg{*}",tasktype:book_flight,2025-01-20T17:46:19.000Z,0
"sum:task_queue_wait.avg{*}",tasktype:book_flight,2025-01-20T17:46:20.000Z,0
"sum:task_queue_wait.avg{*}",tasktype:book_flight,2025-01-20T17:46:21.000Z,0
"sum:task_queue_wait.avg{*}",tasktype:book_flight,2025-01-20T17:46:22.000Z,0
"sum:task_queue_wait.avg{*}",tasktype:book_flight,2025-01-20T17:46:23.000Z,0
"sum:task_queue_wait.avg{*}",tasktype:book_flight,2025-01-20T17:46:24.000Z,0
"sum:task_queue_wait.avg{*}",tasktype:book_flight,2025-01-20T17:46:25.000Z,0
"sum:task_queue_wait.avg{*}",tasktype:book_flight,2025-01-20T17:46:26.000Z,0
"sum:task_queue_wait.avg{*}",tasktype:book_flight,2025-01-20T17:46:27.000Z,0
"sum:task_queue_wait.avg{*}",tasktype:book_flight,2025-01-20T17:46:28.000Z,0
"sum:task_queue_wait.avg{*}",tasktype:book_flight,2025-01-20T17:46:29.000Z,0
"sum:task_queue_wait.avg{*}",tasktype:book_flight,2025-01-20T17:46:30.000Z,0
"sum:task_queue_wait.avg{*}",tasktype:book_flight,2025-01-20T17:46:31.000Z,0
"sum:task_queue_wait.avg{*}",tasktype:book_flight,2025-01-20T17:46:32.000Z,0
"sum:task_queue_wait.avg{*}",tasktype:book_flight,2025-01-20T17:46:33.000Z,0
"sum:task_queue_wait.avg{*}",tasktype:book_flight,2025-01-20T17:46:34.000Z,0
"sum:task_queue_wait.avg{*}",tasktype:book_flight,2025-01-20T17:46:35.000Z,0
"sum:task_queue_wait.avg{*}",tasktype:book_flight,2025-01-20T17:46:36.000Z,0
"sum:task_queue_wait.avg{*}",tasktype:book_flight,2025-01-20T17:46:37.000Z,0
"sum:task_queue_wait.avg{*}",tasktype:book_flight,2025-01-20T17:46:38.000Z,0
"sum:task_queue_wait.avg{*}",tasktype:book_flight,2025-01-20T17:46:39.000Z,0
"sum:task_queue_wait.avg{*}",tasktype:book_flight,2025-01-20T17:46:40.000Z,0
"sum:task_queue_wait.avg{*}",tasktype:book_flight,2025-01-20T17:46:41.000Z,0
"sum:task_queue_wait.avg{*}",tasktype:book_flight,2025-01-20T17:46:42.000Z,0
"sum:task_queue_wait.avg{*}",tasktype:book_flight,2025-01-20T17:46:43.000Z,0
"sum:task_queue_wait.avg{*}",tasktype:book_flight,2025-01-20T17:46:44.000Z,0
"sum:task_queue_wait.avg{*}",tasktype:book_flight,2025-01-20T17:46:45.000Z,0
"sum:task_queue_wait.avg{*}",tasktype:book_flight,2025-01-20T17:46:46.000Z,0
"sum:task_queue_wait.avg{*}",tasktype:book_flight,2025-01-20T17:46:47.000Z,0
"sum:task_queue_wait.avg{*}",tasktype:book_flight,2025-01-20T17:46:48.000Z,0
"sum:task_queue_wait.avg{*}",tasktype:book_flight,2025-01-20T17:46:49.000Z,0
"sum:task_queue_wait.avg{*}",tasktype:book_flight,2025-01-20T17:46:50.000Z,0
"sum:task_queue_wait.avg{*}",tasktype:book_flight,2025-01-20T17:46:51.000Z,0
"sum:task_queue_wait.avg{*}",tasktype:book_flight,2025-01-20T17:46:52.000Z,0
"sum:task_queue_wait.avg{*}",tasktype:book_flight,2025-01-20T17:46:53.000Z,0
"sum:task_queue_wait.avg{*}",tasktype:book_flight,2025-01-20T17:46:54.000Z,0
"sum:task_queue_wait.avg{*}",tasktype:book_flight,2025-01-20T17:46:55.000Z,0
"sum:task_queue_wait.avg{*}",tasktype:book_flight,2025-01-20T17:46:56.000Z,0
"sum:task_queue_wait.avg{*}",tasktype:book_flight,2025-01-20T17:46:57.000Z,0
"sum:task_queue_wait.avg{*}",tasktype:book_flight,2025-01-20T17:46:58.000Z,0
"sum:task_queue_wait.avg{*}",tasktype:book_flight,2025-01-20T17:46:59.000Z,0
"sum:task_queue_wait.avg{*}",tasktype:book_flight,2025-01-20T17:47:00.000Z,0
"sum:task_queue_wait.avg{*}",tasktype:book_flight,2025-01-20T17:47:01.000Z,0
"sum:task_queue_wait.avg{*}",tasktype:book_flight,2025-01-20T17:47:02.000Z,0
"sum:task_queue_wait.avg{*}",tasktype:book_flight,2025-01-20T17:47:03.000Z,0
"sum:task_queue_wait.avg{*}",tasktype:book_flight,2025-01-20T17:47:04.000Z,0
"sum:task_queue_wait.avg{*}",tasktype:book_flight,2025-01-20T17:47:05.000Z,0
"sum:task_queue_wait.avg{*}",tasktype:book_flight,2025-01-20T17:47:06.000Z,0
"sum:task_queue_wait.avg{*}",tasktype:book_flight,2025-01-20T17:47:07.000Z,0
"sum:task_queue_wait.avg{*}",tasktype:book_flight,2025-01-20T17:47:08.000Z,0
"sum:task_queue_wait.avg{*}",tasktype:book_flight,2025-01-20T17:47:09.000Z,0
"sum:task_queue_wait.avg{*}",tasktype:book_flight,2025-01-20T17:47:10.000Z,0
"sum:task_queue_wait.avg{*}",tasktype:book_flight,2025-01-20T17:47:11.000Z,0
"sum:task_queue_wait.avg{*}",tasktype:book_flight,2025-01-20T17:47:12.000Z,0
"sum:task_queue_wait.avg{*}",tasktype:book_flight,2025-01-20T17:47:13.000Z,0
"sum:task_queue_wait.avg{*}",tasktype:book_flight,2025-01-20T17:47:14.000Z,0
"sum:task_queue_wait.avg{*}",tasktype:book_flight,2025-01-20T17:47:15.000Z,0
"sum:task_queue_wait.avg{*}",tasktype:book_flight,2025-01-20T17:47:16.000Z,0
"sum:task_queue_wait.avg{*}",tasktype:book_flight,2025-01-20T17:47:17.000Z,0
"sum:task_queue_wait.avg{*}",tasktype:book_flight,2025-01-20T17:47:18.000Z,0
"sum:task_queue_wait.avg{*}",tasktype:book_flight,2025-01-20T17:47:19.000Z,0
"sum:task_queue_wait.avg{*}",tasktype:book_flight,2025-01-20T17:47:20.000Z,0
"sum:task_queue_wait.avg{*}",tasktype:book_flight,2025-01-20T17:47:21.000Z,0
"sum:task_queue_wait.avg{*}",tasktype:book_flight,2025-01-20T17:47:22.000Z,0
"sum:task_queue_wait.avg{*}",tasktype:book_flight,2025-01-20T17:47:23.000Z,0
"sum:task_queue_wait.avg{*}",tasktype:book_flight,2025-01-20T17:47:24.000Z,0
"sum:task_queue_wait.avg{*}",tasktype:book_flight,2025-01-20T17:47:25.000Z,0
"sum:task_queue_wait.avg{*}",tasktype:book_flight,2025-01-20T17:47:26.000Z,0
"sum:task_queue_wait.avg{*}",tasktype:book_flight,2025-01-20T17:47:27.000Z,0
"sum:task_queue_wait.avg{*}",tasktype:book_flight,2025-01-20T17:47:28.000Z,0
"sum:task_queue_wait.avg{*}",tasktype:book_flight,2025-01-20T17:47:29.000Z,0
"sum:task_queue_wait.avg{*}",tasktype:book_flight,2025-01-20T17:47:30.000Z,0
"sum:task_queue_wait.avg{*}",tasktype:book_flight,2025-01-20T17:47:31.000Z,0
"sum:task_queue_wait.avg{*}",tasktype:book_flight,2025-01-20T17:47:32.000Z,0
"sum:task_queue_wait.avg{*}",tasktype:book_flight,2025-01-20T17:47:33.000Z,0
"sum:task_queue_wait.avg{*}",tasktype:book_flight,2025-01-20T17:47:34.000Z,0
"sum:task_queue_wait.avg{*}",tasktype:book_flight,2025-01-20T17:47:35.000Z,0
"sum:task_queue_wait.avg{*}",tasktype:book_flight,2025-01-20T17:47:36.000Z,0
"sum:task_queue_wait.avg{*}",tasktype:book_flight,2025-01-20T17:47:37.000Z,0
"sum:task_queue_wait.avg{*}",tasktype:book_flight,2025-01-20T17:47:38.000Z,0
"sum:task_queue_wait.avg{*}",tasktype:book_flight,2025-01-20T17:47:39.000Z,0
"sum:task_queue_wait.avg{*}",tasktype:book_flight,2025-01-20T17:47:40.000Z,0
"sum:task_queue_wait.avg{*}",tasktype:book_flight,2025-01-20T17:47:41.000Z,0
"sum:task_queue_wait.avg{*}",tasktype:book_flight,2025-01-20T17:47:42.000Z,0
"sum:task_queue_wait.avg{*}",tasktype:book_flight,2025-01-20T17:47:43.000Z,0
"sum:task_queue_wait.avg{*}",tasktype:book_flight,2025-01-20T17:47:44.000Z,0
"sum:task_queue_wait.avg{*}",tasktype:book_flight,2025-01-20T17:47:45.000Z,0
"sum:task_queue_wait.avg{*}",tasktype:book_flight,2025-01-20T17:47:46.000Z,0
"sum:task_queue_wait.avg{*}",tasktype:book_flight,2025-01-20T17:47:47.000Z,0
"sum:task_queue_wait.avg{*}",tasktype:book_hotel,2025-01-20T17:44:16.000Z,N/A
"sum:task_queue_wait.avg{*}",tasktype:book_hotel,2025-01-20T17:44:17.000Z,150
"sum:task_queue_wait.avg{*}",tasktype:book_hotel,2025-01-20T17:44:18.000Z,89.555556
"sum:task_queue_wait.avg{*}",tasktype:book_hotel,2025-01-20T17:44:19.000Z,16.6
"sum:task_queue_wait.avg{*}",tasktype:book_hotel,2025-01-20T17:44:20.000Z,18
"sum:task_queue_wait.avg{*}",tasktype:book_hotel,2025-01-20T17:44:21.000Z,13
"sum:task_queue_wait.avg{*}",tasktype:book_hotel,2025-01-20T17:44:22.000Z,0
"sum:task_queue_wait.avg{*}",tasktype:book_hotel,2025-01-20T17:44:23.000Z,85.571429
"sum:task_queue_wait.avg{*}",tasktype:book_hotel,2025-01-20T17:44:24.000Z,54
"sum:task_queue_wait.avg{*}",tasktype:book_hotel,2025-01-20T17:44:25.000Z,161.4
"sum:task_queue_wait.avg{*}",tasktype:book_hotel,2025-01-20T17:44:26.000Z,229.166667
"sum:task_queue_wait.avg{*}",tasktype:book_hotel,2025-01-20T17:44:27.000Z,94.375
"sum:task_queue_wait.avg{*}",tasktype:book_hotel,2025-01-20T17:44:28.000Z,819.666667
"sum:task_queue_wait.avg{*}",tasktype:book_hotel,2025-01-20T17:44:29.000Z,107.8
"sum:task_queue_wait.avg{*}",tasktype:book_hotel,2025-01-20T17:44:30.000Z,1087
"sum:task_queue_wait.avg{*}",tasktype:book_hotel,2025-01-20T17:44:31.000Z,311.6
"sum:task_queue_wait.avg{*}",tasktype:book_hotel,2025-01-20T17:44:32.000Z,395.666667
"sum:task_queue_wait.avg{*}",tasktype:book_hotel,2025-01-20T17:44:33.000Z,40.8
"sum:task_queue_wait.avg{*}",tasktype:book_hotel,2025-01-20T17:44:34.000Z,0
"sum:task_queue_wait.avg{*}",tasktype:book_hotel,2025-01-20T17:44:35.000Z,16
"sum:task_queue_wait.avg{*}",tasktype:book_hotel,2025-01-20T17:44:36.000Z,15
"sum:task_queue_wait.avg{*}",tasktype:book_hotel,2025-01-20T17:44:37.000Z,15.5
"sum:task_queue_wait.avg{*}",tasktype:book_hotel,2025-01-20T17:44:38.000Z,72.333333
"sum:task_queue_wait.avg{*}",tasktype:book_hotel,2025-01-20T17:44:39.000Z,174
"sum:task_queue_wait.avg{*}",tasktype:book_hotel,2025-01-20T17:44:40.000Z,252.461538
"sum:task_queue_wait.avg{*}",tasktype:book_hotel,2025-01-20T17:44:41.000Z,1122
"sum:task_queue_wait.avg{*}",tasktype:book_hotel,2025-01-20T17:44:42.000Z,50.666667
"sum:task_queue_wait.avg{*}",tasktype:book_hotel,2025-01-20T17:44:43.000Z,18
"sum:task_queue_wait.avg{*}",tasktype:book_hotel,2025-01-20T17:44:44.000Z,18
"sum:task_queue_wait.avg{*}",tasktype:book_hotel,2025-01-20T17:44:45.000Z,18
"sum:task_queue_wait.avg{*}",tasktype:book_hotel,2025-01-20T17:44:46.000Z,0
"sum:task_queue_wait.avg{*}",tasktype:book_hotel,2025-01-20T17:44:47.000Z,161.25
"sum:task_queue_wait.avg{*}",tasktype:book_hotel,2025-01-20T17:44:48.000Z,1282
"sum:task_queue_wait.avg{*}",tasktype:book_hotel,2025-01-20T17:44:49.000Z,890.666667
"sum:task_queue_wait.avg{*}",tasktype:book_hotel,2025-01-20T17:44:50.000Z,0
"sum:task_queue_wait.avg{*}",tasktype:book_hotel,2025-01-20T17:44:51.000Z,2207.5
"sum:task_queue_wait.avg{*}",tasktype:book_hotel,2025-01-20T17:44:52.000Z,925.428571
"sum:task_queue_wait.avg{*}",tasktype:book_hotel,2025-01-20T17:44:53.000Z,1239.5
"sum:task_queue_wait.avg{*}",tasktype:book_hotel,2025-01-20T17:44:54.000Z,113.055556
"sum:task_queue_wait.avg{*}",tasktype:book_hotel,2025-01-20T17:44:55.000Z,1067
"sum:task_queue_wait.avg{*}",tasktype:book_hotel,2025-01-20T17:44:56.000Z,53.571429
"sum:task_queue_wait.avg{*}",tasktype:book_hotel,2025-01-20T17:44:57.000Z,9.2
"sum:task_queue_wait.avg{*}",tasktype:book_hotel,2025-01-20T17:44:58.000Z,76.166667
"sum:task_queue_wait.avg{*}",tasktype:book_hotel,2025-01-20T17:44:59.000Z,10.75
"sum:task_queue_wait.avg{*}",tasktype:book_hotel,2025-01-20T17:45:00.000Z,16
"sum:task_queue_wait.avg{*}",tasktype:book_hotel,2025-01-20T17:45:01.000Z,187.5
"sum:task_queue_wait.avg{*}",tasktype:book_hotel,2025-01-20T17:45:02.000Z,1146
"sum:task_queue_wait.avg{*}",tasktype:book_hotel,2025-01-20T17:45:03.000Z,0
"sum:task_queue_wait.avg{*}",tasktype:book_hotel,2025-01-20T17:45:04.000Z,2135
"sum:task_queue_wait.avg{*}",tasktype:book_hotel,2025-01-20T17:45:05.000Z,3145
"sum:task_queue_wait.avg{*}",tasktype:book_hotel,2025-01-20T17:45:06.000Z,2144
"sum:task_queue_wait.avg{*}",tasktype:book_hotel,2025-01-20T17:45:07.000Z,438.111111
"sum:task_queue_wait.avg{*}",tasktype:book_hotel,2025-01-20T17:45:08.000Z,61.833333
"sum:task_queue_wait.avg{*}",tasktype:book_hotel,2025-01-20T17:45:09.000Z,179.571429
"sum:task_queue_wait.avg{*}",tasktype:book_hotel,2025-01-20T17:45:10.000Z,31
"sum:task_queue_wait.avg{*}",tasktype:book_hotel,2025-01-20T17:45:11.000Z,18
"sum:task_queue_wait.avg{*}",tasktype:book_hotel,2025-01-20T17:45:12.000Z,105.285714
"sum:task_queue_wait.avg{*}",tasktype:book_hotel,2025-01-20T17:45:13.000Z,1167
"sum:task_queue_wait.avg{*}",tasktype:book_hotel,2025-01-20T17:45:14.000Z,264.9
"sum:task_queue_wait.avg{*}",tasktype:book_hotel,2025-01-20T17:45:15.000Z,386.142857
"sum:task_queue_wait.avg{*}",tasktype:book_hotel,2025-01-20T17:45:16.000Z,0
"sum:task_queue_wait.avg{*}",tasktype:book_hotel,2025-01-20T17:45:17.000Z,2128
"sum:task_queue_wait.avg{*}",tasktype:book_hotel,2025-01-20T17:45:18.000Z,0
"sum:task_queue_wait.avg{*}",tasktype:book_hotel,2025-01-20T17:45:19.000Z,1105
"sum:task_queue_wait.avg{*}",tasktype:book_hotel,2025-01-20T17:45:20.000Z,163.5
"sum:task_queue_wait.avg{*}",tasktype:book_hotel,2025-01-20T17:45:21.000Z,33
"sum:task_queue_wait.avg{*}",tasktype:book_hotel,2025-01-20T17:45:22.000Z,0
"sum:task_queue_wait.avg{*}",tasktype:book_hotel,2025-01-20T17:45:23.000Z,14
"sum:task_queue_wait.avg{*}",tasktype:book_hotel,2025-01-20T17:45:24.000Z,165.8
"sum:task_queue_wait.avg{*}",tasktype:book_hotel,2025-01-20T17:45:25.000Z,130.4
"sum:task_queue_wait.avg{*}",tasktype:book_hotel,2025-01-20T17:45:26.000Z,285.75
"sum:task_queue_wait.avg{*}",tasktype:book_hotel,2025-01-20T17:45:27.000Z,12.5
"sum:task_queue_wait.avg{*}",tasktype:book_hotel,2025-01-20T17:45:28.000Z,0
"sum:task_queue_wait.avg{*}",tasktype:book_hotel,2025-01-20T17:45:29.000Z,197.428571
"sum:task_queue_wait.avg{*}",tasktype:book_hotel,2025-01-20T17:45:30.000Z,1323
"sum:task_queue_wait.avg{*}",tasktype:book_hotel,2025-01-20T17:45:31.000Z,2032.75
"sum:task_queue_wait.avg{*}",tasktype:book_hotel,2025-01-20T17:45:32.000Z,160.666667
"sum:task_queue_wait.avg{*}",tasktype:book_hotel,2025-01-20T17:45:33.000Z,784
"sum:task_queue_wait.avg{*}",tasktype:book_hotel,2025-01-20T17:45:34.000Z,218.25
"sum:task_queue_wait.avg{*}",tasktype:book_hotel,2025-01-20T17:45:35.000Z,0
"sum:task_queue_wait.avg{*}",tasktype:book_hotel,2025-01-20T17:45:36.000Z,128.3125
"sum:task_queue_wait.avg{*}",tasktype:book_hotel,2025-01-20T17:45:37.000Z,1199
"sum:task_queue_wait.avg{*}",tasktype:book_hotel,2025-01-20T17:45:38.000Z,694.833333
"sum:task_queue_wait.avg{*}",tasktype:book_hotel,2025-01-20T17:45:39.000Z,1174
"sum:task_queue_wait.avg{*}",tasktype:book_hotel,2025-01-20T17:45:40.000Z,1180
"sum:task_queue_wait.avg{*}",tasktype:book_hotel,2025-01-20T17:45:41.000Z,1852.333333
"sum:task_queue_wait.avg{*}",tasktype:book_hotel,2025-01-20T17:45:42.000Z,1173
"sum:task_queue_wait.avg{*}",tasktype:book_hotel,2025-01-20T17:45:43.000Z,1139.8
"sum:task_queue_wait.avg{*}",tasktype:book_hotel,2025-01-20T17:45:44.000Z,0
"sum:task_queue_wait.avg{*}",tasktype:book_hotel,2025-01-20T17:45:45.000Z,236.692308
"sum:task_queue_wait.avg{*}",tasktype:book_hotel,2025-01-20T17:45:46.000Z,33
"sum:task_queue_wait.avg{*}",tasktype:book_hotel,2025-01-20T17:45:47.000Z,28.5
"sum:task_queue_wait.avg{*}",tasktype:book_hotel,2025-01-20T17:45:48.000Z,14.666667
"sum:task_queue_wait.avg{*}",tasktype:book_hotel,2025-01-20T17:45:49.000Z,195.5
"sum:task_queue_wait.avg{*}",tasktype:book_hotel,2025-01-20T17:45:50.000Z,1194
"sum:task_queue_wait.avg{*}",tasktype:book_hotel,2025-01-20T17:45:51.000Z,664.272727
"sum:task_queue_wait.avg{*}",tasktype:book_hotel,2025-01-20T17:45:52.000Z,0
"sum:task_queue_wait.avg{*}",tasktype:book_hotel,2025-01-20T17:45:53.000Z,1212
"sum:task_queue_wait.avg{*}",tasktype:book_hotel,2025-01-20T17:45:54.000Z,1440.5
"sum:task_queue_wait.avg{*}",tasktype:book_hotel,2025-01-20T17:45:55.000Z,614.428571
"sum:task_queue_wait.avg{*}",tasktype:book_hotel,2025-01-20T17:45:56.000Z,1159
"sum:task_queue_wait.avg{*}",tasktype:book_hotel,2025-01-20T17:45:57.000Z,1119.333333
"sum:task_queue_wait.avg{*}",tasktype:book_hotel,2025-01-20T17:45:58.000Z,1123
"sum:task_queue_wait.avg{*}",tasktype:book_hotel,2025-01-20T17:45:59.000Z,188.833333
"sum:task_queue_wait.avg{*}",tasktype:book_hotel,2025-01-20T17:46:00.000Z,1075
"sum:task_queue_wait.avg{*}",tasktype:book_hotel,2025-01-20T17:46:01.000Z,1090
"sum:task_queue_wait.avg{*}",tasktype:book_hotel,2025-01-20T17:46:02.000Z,586
"sum:task_queue_wait.avg{*}",tasktype:book_hotel,2025-01-20T17:46:03.000Z,377.333333
"sum:task_queue_wait.avg{*}",tasktype:book_hotel,2025-01-20T17:46:04.000Z,14
"sum:task_queue_wait.avg{*}",tasktype:book_hotel,2025-01-20T17:46:05.000Z,158.538462
"sum:task_queue_wait.avg{*}",tasktype:book_hotel,2025-01-20T17:46:06.000Z,90.5
"sum:task_queue_wait.avg{*}",tasktype:book_hotel,2025-01-20T17:46:07.000Z,1085
"sum:task_queue_wait.avg{*}",tasktype:book_hotel,2025-01-20T17:46:08.000Z,253.8
"sum:task_queue_wait.avg{*}",tasktype:book_hotel,2025-01-20T17:46:09.000Z,11
"sum:task_queue_wait.avg{*}",tasktype:book_hotel,2025-01-20T17:46:10.000Z,10.333333
"sum:task_queue_wait.avg{*}",tasktype:book_hotel,2025-01-20T17:46:11.000Z,141.066667
"sum:task_queue_wait.avg{*}",tasktype:book_hotel,2025-01-20T17:46:12.000Z,1123
"sum:task_queue_wait.avg{*}",tasktype:book_hotel,2025-01-20T17:46:13.000Z,124.4
"sum:task_queue_wait.avg{*}",tasktype:book_hotel,2025-01-20T17:46:14.000Z,0
"sum:task_queue_wait.avg{*}",tasktype:book_hotel,2025-01-20T17:46:15.000Z,0
"sum:task_queue_wait.avg{*}",tasktype:book_hotel,2025-01-20T17:46:16.000Z,0
"sum:task_queue_wait.avg{*}",tasktype:book_hotel,2025-01-20T17:46:17.000Z,0
"sum:task_queue_wait.avg{*}",tasktype:book_hotel,2025-01-20T17:46:18.000Z,0
"sum:task_queue_wait.avg{*}",tasktype:book_hotel,2025-01-20T17:46:19.000Z,0
"sum:task_queue_wait.avg{*}",tasktype:book_hotel,2025-01-20T17:46:20.000Z,0
"sum:task_queue_wait.avg{*}",tasktype:book_hotel,2025-01-20T17:46:21.000Z,0
"sum:task_queue_wait.avg{*}",tasktype:book_hotel,2025-01-20T17:46:22.000Z,0
"sum:task_queue_wait.avg{*}",tasktype:book_hotel,2025-01-20T17:46:23.000Z,0
"sum:task_queue_wait.avg{*}",tasktype:book_hotel,2025-01-20T17:46:24.000Z,0
"sum:task_queue_wait.avg{*}",tasktype:book_hotel,2025-01-20T17:46:25.000Z,0
"sum:task_queue_wait.avg{*}",tasktype:book_hotel,2025-01-20T17:46:26.000Z,0
"sum:task_queue_wait.avg{*}",tasktype:book_hotel,2025-01-20T17:46:27.000Z,0
"sum:task_queue_wait.avg{*}",tasktype:book_hotel,2025-01-20T17:46:28.000Z,0
"sum:task_queue_wait.avg{*}",tasktype:book_hotel,2025-01-20T17:46:29.000Z,0
"sum:task_queue_wait.avg{*}",tasktype:book_hotel,2025-01-20T17:46:30.000Z,0
"sum:task_queue_wait.avg{*}",tasktype:book_hotel,2025-01-20T17:46:31.000Z,0
"sum:task_queue_wait.avg{*}",tasktype:book_hotel,2025-01-20T17:46:32.000Z,0
"sum:task_queue_wait.avg{*}",tasktype:book_hotel,2025-01-20T17:46:33.000Z,0
"sum:task_queue_wait.avg{*}",tasktype:book_hotel,2025-01-20T17:46:34.000Z,0
"sum:task_queue_wait.avg{*}",tasktype:book_hotel,2025-01-20T17:46:35.000Z,0
"sum:task_queue_wait.avg{*}",tasktype:book_hotel,2025-01-20T17:46:36.000Z,0
"sum:task_queue_wait.avg{*}",tasktype:book_hotel,2025-01-20T17:46:37.000Z,0
"sum:task_queue_wait.avg{*}",tasktype:book_hotel,2025-01-20T17:46:38.000Z,0
"sum:task_queue_wait.avg{*}",tasktype:book_hotel,2025-01-20T17:46:39.000Z,0
"sum:task_queue_wait.avg{*}",tasktype:book_hotel,2025-01-20T17:46:40.000Z,0
"sum:task_queue_wait.avg{*}",tasktype:book_hotel,2025-01-20T17:46:41.000Z,0
"sum:task_queue_wait.avg{*}",tasktype:book_hotel,2025-01-20T17:46:42.000Z,0
"sum:task_queue_wait.avg{*}",tasktype:book_hotel,2025-01-20T17:46:43.000Z,0
"sum:task_queue_wait.avg{*}",tasktype:book_hotel,2025-01-20T17:46:44.000Z,0
"sum:task_queue_wait.avg{*}",tasktype:book_hotel,2025-01-20T17:46:45.000Z,0
"sum:task_queue_wait.avg{*}",tasktype:book_hotel,2025-01-20T17:46:46.000Z,0
"sum:task_queue_wait.avg{*}",tasktype:book_hotel,2025-01-20T17:46:47.000Z,0
"sum:task_queue_wait.avg{*}",tasktype:book_hotel,2025-01-20T17:46:48.000Z,0
"sum:task_queue_wait.avg{*}",tasktype:book_hotel,2025-01-20T17:46:49.000Z,0
"sum:task_queue_wait.avg{*}",tasktype:book_hotel,2025-01-20T17:46:50.000Z,0
"sum:task_queue_wait.avg{*}",tasktype:book_hotel,2025-01-20T17:46:51.000Z,0
"sum:task_queue_wait.avg{*}",tasktype:book_hotel,2025-01-20T17:46:52.000Z,0
"sum:task_queue_wait.avg{*}",tasktype:book_hotel,2025-01-20T17:46:53.000Z,0
"sum:task_queue_wait.avg{*}",tasktype:book_hotel,2025-01-20T17:46:54.000Z,0
"sum:task_queue_wait.avg{*}",tasktype:book_hotel,2025-01-20T17:46:55.000Z,0
"sum:task_queue_wait.avg{*}",tasktype:book_hotel,2025-01-20T17:46:56.000Z,0
"sum:task_queue_wait.avg{*}",tasktype:book_hotel,2025-01-20T17:46:57.000Z,0
"sum:task_queue_wait.avg{*}",tasktype:book_hotel,2025-01-20T17:46:58.000Z,0
"sum:task_queue_wait.avg{*}",tasktype:book_hotel,2025-01-20T17:46:59.000Z,0
"sum:task_queue_wait.avg{*}",tasktype:book_hotel,2025-01-20T17:47:00.000Z,0
"sum:task_queue_wait.avg{*}",tasktype:book_hotel,2025-01-20T17:47:01.000Z,0
"sum:task_queue_wait.avg{*}",tasktype:book_hotel,2025-01-20T17:47:02.000Z,0
"sum:task_queue_wait.avg{*}",tasktype:book_hotel,2025-01-20T17:47:03.000Z,0
"sum:task_queue_wait.avg{*}",tasktype:book_hotel,2025-01-20T17:47:04.000Z,0
"sum:task_queue_wait.avg{*}",tasktype:book_hotel,2025-01-20T17:47:05.000Z,0
"sum:task_queue_wait.avg{*}",tasktype:book_hotel,2025-01-20T17:47:06.000Z,0
"sum:task_queue_wait.avg{*}",tasktype:book_hotel,2025-01-20T17:47:07.000Z,0
"sum:task_queue_wait.avg{*}",tasktype:book_hotel,2025-01-20T17:47:08.000Z,0
"sum:task_queue_wait.avg{*}",tasktype:book_hotel,2025-01-20T17:47:09.000Z,0
"sum:task_queue_wait.avg{*}",tasktype:book_hotel,2025-01-20T17:47:10.000Z,0
"sum:task_queue_wait.avg{*}",tasktype:book_hotel,2025-01-20T17:47:11.000Z,0
"sum:task_queue_wait.avg{*}",tasktype:book_hotel,2025-01-20T17:47:12.000Z,0
"sum:task_queue_wait.avg{*}",tasktype:book_hotel,2025-01-20T17:47:13.000Z,0
"sum:task_queue_wait.avg{*}",tasktype:book_hotel,2025-01-20T17:47:14.000Z,0
"sum:task_queue_wait.avg{*}",tasktype:book_hotel,2025-01-20T17:47:15.000Z,0
"sum:task_queue_wait.avg{*}",tasktype:book_hotel,2025-01-20T17:47:16.000Z,0
"sum:task_queue_wait.avg{*}",tasktype:book_hotel,2025-01-20T17:47:17.000Z,0
"sum:task_queue_wait.avg{*}",tasktype:book_hotel,2025-01-20T17:47:18.000Z,0
"sum:task_queue_wait.avg{*}",tasktype:book_hotel,2025-01-20T17:47:19.000Z,0
"sum:task_queue_wait.avg{*}",tasktype:book_hotel,2025-01-20T17:47:20.000Z,0
"sum:task_queue_wait.avg{*}",tasktype:book_hotel,2025-01-20T17:47:21.000Z,0
"sum:task_queue_wait.avg{*}",tasktype:book_hotel,2025-01-20T17:47:22.000Z,0
"sum:task_queue_wait.avg{*}",tasktype:book_hotel,2025-01-20T17:47:23.000Z,0
"sum:task_queue_wait.avg{*}",tasktype:book_hotel,2025-01-20T17:47:24.000Z,0
"sum:task_queue_wait.avg{*}",tasktype:book_hotel,2025-01-20T17:47:25.000Z,0
"sum:task_queue_wait.avg{*}",tasktype:book_hotel,2025-01-20T17:47:26.000Z,0
"sum:task_queue_wait.avg{*}",tasktype:book_hotel,2025-01-20T17:47:27.000Z,0
"sum:task_queue_wait.avg{*}",tasktype:book_hotel,2025-01-20T17:47:28.000Z,0
"sum:task_queue_wait.avg{*}",tasktype:book_hotel,2025-01-20T17:47:29.000Z,0
"sum:task_queue_wait.avg{*}",tasktype:book_hotel,2025-01-20T17:47:30.000Z,0
"sum:task_queue_wait.avg{*}",tasktype:book_hotel,2025-01-20T17:47:31.000Z,0
"sum:task_queue_wait.avg{*}",tasktype:book_hotel,2025-01-20T17:47:32.000Z,0
"sum:task_queue_wait.avg{*}",tasktype:book_hotel,2025-01-20T17:47:33.000Z,0
"sum:task_queue_wait.avg{*}",tasktype:book_hotel,2025-01-20T17:47:34.000Z,0
"sum:task_queue_wait.avg{*}",tasktype:book_hotel,2025-01-20T17:47:35.000Z,0
"sum:task_queue_wait.avg{*}",tasktype:book_hotel,2025-01-20T17:47:36.000Z,0
"sum:task_queue_wait.avg{*}",tasktype:book_hotel,2025-01-20T17:47:37.000Z,0
"sum:task_queue_wait.avg{*}",tasktype:book_hotel,2025-01-20T17:47:38.000Z,0
"sum:task_queue_wait.avg{*}",tasktype:book_hotel,2025-01-20T17:47:39.000Z,0
"sum:task_queue_wait.avg{*}",tasktype:book_hotel,2025-01-20T17:47:40.000Z,0
"sum:task_queue_wait.avg{*}",tasktype:book_hotel,2025-01-20T17:47:41.000Z,0
"sum:task_queue_wait.avg{*}",tasktype:book_hotel,2025-01-20T17:47:42.000Z,0
"sum:task_queue_wait.avg{*}",tasktype:book_hotel,2025-01-20T17:47:43.000Z,0
"sum:task_queue_wait.avg{*}",tasktype:book_hotel,2025-01-20T17:47:44.000Z,0
"sum:task_queue_wait.avg{*}",tasktype:book_hotel,2025-01-20T17:47:45.000Z,0
"sum:task_queue_wait.avg{*}",tasktype:book_hotel,2025-01-20T17:47:46.000Z,0
"sum:task_queue_wait.avg{*}",tasktype:book_hotel,2025-01-20T17:47:47.000Z,0
