query,group,time,value
"avg:workflow_execution.avg{*}",workflowname:compensate_travel_booking_workflow,2025-01-21T03:13:10.000Z,0
"avg:workflow_execution.avg{*}",workflowname:compensate_travel_booking_workflow,2025-01-21T03:13:20.000Z,0
"avg:workflow_execution.avg{*}",workflowname:compensate_travel_booking_workflow,2025-01-21T03:13:30.000Z,0
"avg:workflow_execution.avg{*}",workflowname:compensate_travel_booking_workflow,2025-01-21T03:13:40.000Z,0
"avg:workflow_execution.avg{*}",workflowname:compensate_travel_booking_workflow,2025-01-21T03:13:50.000Z,0
"avg:workflow_execution.avg{*}",workflowname:compensate_travel_booking_workflow,2025-01-21T03:14:00.000Z,0
"avg:workflow_execution.avg{*}",workflowname:compensate_travel_booking_workflow,2025-01-21T03:14:10.000Z,0
"avg:workflow_execution.avg{*}",workflowname:compensate_travel_booking_workflow,2025-01-21T03:14:20.000Z,0
"avg:workflow_execution.avg{*}",workflowname:compensate_travel_booking_workflow,2025-01-21T03:14:30.000Z,125.5
"avg:workflow_execution.avg{*}",workflowname:compensate_travel_booking_workflow,2025-01-21T03:14:40.000Z,84.2
"avg:workflow_execution.avg{*}",workflowname:compensate_travel_booking_workflow,2025-01-21T03:14:50.000Z,78.06
"avg:workflow_execution.avg{*}",workflowname:compensate_travel_booking_workflow,2025-01-21T03:15:00.000Z,432.8
"avg:workflow_execution.avg{*}",workflowname:compensate_travel_booking_workflow,2025-01-21T03:15:10.000Z,502.21
"avg:workflow_execution.avg{*}",workflowname:compensate_travel_booking_workflow,2025-01-21T03:15:20.000Z,441.849444
"avg:workflow_execution.avg{*}",workflowname:compensate_travel_booking_workflow,2025-01-21T03:15:30.000Z,381.983333
"avg:workflow_execution.avg{*}",workflowname:compensate_travel_booking_workflow,2025-01-21T03:15:40.000Z,503.933333
"avg:workflow_execution.avg{*}",workflowname:compensate_travel_booking_workflow,2025-01-21T03:15:50.000Z,414.875
"avg:workflow_execution.avg{*}",workflowname:compensate_travel_booking_workflow,2025-01-21T03:16:00.000Z,581.871667
"avg:workflow_execution.avg{*}",workflowname:compensate_travel_booking_workflow,2025-01-21T03:16:10.000Z,348.109524
"avg:workflow_execution.avg{*}",workflowname:compensate_travel_booking_workflow,2025-01-21T03:16:20.000Z,561.156667
"avg:workflow_execution.avg{*}",workflowname:compensate_travel_booking_workflow,2025-01-21T03:16:30.000Z,635.133333
"avg:workflow_execution.avg{*}",workflowname:compensate_travel_booking_workflow,2025-01-21T03:16:40.000Z,509.886667
"avg:workflow_execution.avg{*}",workflowname:compensate_travel_booking_workflow,2025-01-21T03:16:50.000Z,261.166667
"avg:workflow_execution.avg{*}",workflowname:compensate_travel_booking_workflow,2025-01-21T03:17:00.000Z,449.65
"avg:workflow_execution.avg{*}",workflowname:compensate_travel_booking_workflow,2025-01-21T03:17:10.000Z,413.525641
"avg:workflow_execution.avg{*}",workflowname:compensate_travel_booking_workflow,2025-01-21T03:17:20.000Z,377.05
"avg:workflow_execution.avg{*}",workflowname:compensate_travel_booking_workflow,2025-01-21T03:17:30.000Z,862.359524
"avg:workflow_execution.avg{*}",workflowname:compensate_travel_booking_workflow,2025-01-21T03:17:40.000Z,1207.53381
"avg:workflow_execution.avg{*}",workflowname:compensate_travel_booking_workflow,2025-01-21T03:17:50.000Z,1092.283333
"avg:workflow_execution.avg{*}",workflowname:compensate_travel_booking_workflow,2025-01-21T03:18:00.000Z,1152.483333
"avg:workflow_execution.avg{*}",workflowname:compensate_travel_booking_workflow,2025-01-21T03:18:10.000Z,862.253333
"avg:workflow_execution.avg{*}",workflowname:compensate_travel_booking_workflow,2025-01-21T03:18:20.000Z,869.705556
"avg:workflow_execution.avg{*}",workflowname:compensate_travel_booking_workflow,2025-01-21T03:18:30.000Z,831.891667
"avg:workflow_execution.avg{*}",workflowname:compensate_travel_booking_workflow,2025-01-21T03:18:40.000Z,577.516667
"avg:workflow_execution.avg{*}",workflowname:compensate_travel_booking_workflow,2025-01-21T03:18:50.000Z,921.058333
"avg:workflow_execution.avg{*}",workflowname:compensate_travel_booking_workflow,2025-01-21T03:19:00.000Z,796.738939
"avg:workflow_execution.avg{*}",workflowname:compensate_travel_booking_workflow,2025-01-21T03:19:10.000Z,1218.389167
"avg:workflow_execution.avg{*}",workflowname:compensate_travel_booking_workflow,2025-01-21T03:19:20.000Z,1963.6
"avg:workflow_execution.avg{*}",workflowname:compensate_travel_booking_workflow,2025-01-21T03:19:30.000Z,535.3
"avg:workflow_execution.avg{*}",workflowname:compensate_travel_booking_workflow,2025-01-21T03:19:40.000Z,1158.3375
"avg:workflow_execution.avg{*}",workflowname:compensate_travel_booking_workflow,2025-01-21T03:19:50.000Z,682.8
"avg:workflow_execution.avg{*}",workflowname:compensate_travel_booking_workflow,2025-01-21T03:20:00.000Z,696.064762
"avg:workflow_execution.avg{*}",workflowname:compensate_travel_booking_workflow,2025-01-21T03:20:10.000Z,306.383333
"avg:workflow_execution.avg{*}",workflowname:compensate_travel_booking_workflow,2025-01-21T03:20:20.000Z,484.666667
"avg:workflow_execution.avg{*}",workflowname:compensate_travel_booking_workflow,2025-01-21T03:20:30.000Z,421.483333
"avg:workflow_execution.avg{*}",workflowname:compensate_travel_booking_workflow,2025-01-21T03:20:40.000Z,612.443333
"avg:workflow_execution.avg{*}",workflowname:compensate_travel_booking_workflow,2025-01-21T03:20:50.000Z,325.95
"avg:workflow_execution.avg{*}",workflowname:compensate_travel_booking_workflow,2025-01-21T03:21:00.000Z,534.357143
"avg:workflow_execution.avg{*}",workflowname:compensate_travel_booking_workflow,2025-01-21T03:21:10.000Z,470.87619
"avg:workflow_execution.avg{*}",workflowname:compensate_travel_booking_workflow,2025-01-21T03:21:20.000Z,510.966667
"avg:workflow_execution.avg{*}",workflowname:compensate_travel_booking_workflow,2025-01-21T03:21:30.000Z,553.758333
"avg:workflow_execution.avg{*}",workflowname:compensate_travel_booking_workflow,2025-01-21T03:21:40.000Z,441.933333
"avg:workflow_execution.avg{*}",workflowname:compensate_travel_booking_workflow,2025-01-21T03:21:50.000Z,440.516667
"avg:workflow_execution.avg{*}",workflowname:compensate_travel_booking_workflow,2025-01-21T03:22:00.000Z,1096.9
"avg:workflow_execution.avg{*}",workflowname:compensate_travel_booking_workflow,2025-01-21T03:22:10.000Z,891.716667
"avg:workflow_execution.avg{*}",workflowname:compensate_travel_booking_workflow,2025-01-21T03:22:20.000Z,1309.75
"avg:workflow_execution.avg{*}",workflowname:compensate_travel_booking_workflow,2025-01-21T03:22:30.000Z,1105.625
"avg:workflow_execution.avg{*}",workflowname:compensate_travel_booking_workflow,2025-01-21T03:22:40.000Z,995.466667
"avg:workflow_execution.avg{*}",workflowname:compensate_travel_booking_workflow,2025-01-21T03:22:50.000Z,1385.475
"avg:workflow_execution.avg{*}",workflowname:compensate_travel_booking_workflow,2025-01-21T03:23:00.000Z,717.383333
"avg:workflow_execution.avg{*}",workflowname:compensate_travel_booking_workflow,2025-01-21T03:23:10.000Z,889.735714
"avg:workflow_execution.avg{*}",workflowname:compensate_travel_booking_workflow,2025-01-21T03:23:20.000Z,1240.216667
"avg:workflow_execution.avg{*}",workflowname:compensate_travel_booking_workflow,2025-01-21T03:23:30.000Z,932.466667
"avg:workflow_execution.avg{*}",workflowname:compensate_travel_booking_workflow,2025-01-21T03:23:40.000Z,852.05
"avg:workflow_execution.avg{*}",workflowname:compensate_travel_booking_workflow,2025-01-21T03:23:50.000Z,911.612778
"avg:workflow_execution.avg{*}",workflowname:compensate_travel_booking_workflow,2025-01-21T03:24:00.000Z,1196.915
"avg:workflow_execution.avg{*}",workflowname:compensate_travel_booking_workflow,2025-01-21T03:24:10.000Z,1129
"avg:workflow_execution.avg{*}",workflowname:compensate_travel_booking_workflow,2025-01-21T03:24:20.000Z,1346.621429
"avg:workflow_execution.avg{*}",workflowname:compensate_travel_booking_workflow,2025-01-21T03:24:30.000Z,915.37
"avg:workflow_execution.avg{*}",workflowname:compensate_travel_booking_workflow,2025-01-21T03:24:40.000Z,974.303333
"avg:workflow_execution.avg{*}",workflowname:compensate_travel_booking_workflow,2025-01-21T03:24:50.000Z,621.95
"avg:workflow_execution.avg{*}",workflowname:compensate_travel_booking_workflow,2025-01-21T03:25:00.000Z,465.311905
"avg:workflow_execution.avg{*}",workflowname:compensate_travel_booking_workflow,2025-01-21T03:25:10.000Z,285.216667
"avg:workflow_execution.avg{*}",workflowname:compensate_travel_booking_workflow,2025-01-21T03:25:20.000Z,871.508333
"avg:workflow_execution.avg{*}",workflowname:compensate_travel_booking_workflow,2025-01-21T03:25:30.000Z,595.45
"avg:workflow_execution.avg{*}",workflowname:compensate_travel_booking_workflow,2025-01-21T03:25:40.000Z,410.375
"avg:workflow_execution.avg{*}",workflowname:compensate_travel_booking_workflow,2025-01-21T03:25:50.000Z,456.25
"avg:workflow_execution.avg{*}",workflowname:compensate_travel_booking_workflow,2025-01-21T03:26:00.000Z,378.1
"avg:workflow_execution.avg{*}",workflowname:compensate_travel_booking_workflow,2025-01-21T03:26:10.000Z,527.858571
"avg:workflow_execution.avg{*}",workflowname:compensate_travel_booking_workflow,2025-01-21T03:26:20.000Z,338.066667
"avg:workflow_execution.avg{*}",workflowname:compensate_travel_booking_workflow,2025-01-21T03:26:30.000Z,774.558333
"avg:workflow_execution.avg{*}",workflowname:compensate_travel_booking_workflow,2025-01-21T03:26:40.000Z,666.57
"avg:workflow_execution.avg{*}",workflowname:compensate_travel_booking_workflow,2025-01-21T03:26:50.000Z,566.25
"avg:workflow_execution.avg{*}",workflowname:compensate_travel_booking_workflow,2025-01-21T03:27:00.000Z,312.15
"avg:workflow_execution.avg{*}",workflowname:compensate_travel_booking_workflow,2025-01-21T03:27:10.000Z,370.225
"avg:workflow_execution.avg{*}",workflowname:compensate_travel_booking_workflow,2025-01-21T03:27:20.000Z,583.733333
"avg:workflow_execution.avg{*}",workflowname:compensate_travel_booking_workflow,2025-01-21T03:27:30.000Z,1436.375
"avg:workflow_execution.avg{*}",workflowname:compensate_travel_booking_workflow,2025-01-21T03:27:40.000Z,807.73
"avg:workflow_execution.avg{*}",workflowname:compensate_travel_booking_workflow,2025-01-21T03:27:50.000Z,706.31
"avg:workflow_execution.avg{*}",workflowname:compensate_travel_booking_workflow,2025-01-21T03:28:00.000Z,1008.1
"avg:workflow_execution.avg{*}",workflowname:compensate_travel_booking_workflow,2025-01-21T03:28:10.000Z,815
"avg:workflow_execution.avg{*}",workflowname:compensate_travel_booking_workflow,2025-01-21T03:28:20.000Z,1253.816667
"avg:workflow_execution.avg{*}",workflowname:compensate_travel_booking_workflow,2025-01-21T03:28:30.000Z,875.330303
"avg:workflow_execution.avg{*}",workflowname:compensate_travel_booking_workflow,2025-01-21T03:28:40.000Z,910.185556
"avg:workflow_execution.avg{*}",workflowname:compensate_travel_booking_workflow,2025-01-21T03:28:50.000Z,468.65
"avg:workflow_execution.avg{*}",workflowname:compensate_travel_booking_workflow,2025-01-21T03:29:00.000Z,1194.325
"avg:workflow_execution.avg{*}",workflowname:compensate_travel_booking_workflow,2025-01-21T03:29:10.000Z,863.283333
"avg:workflow_execution.avg{*}",workflowname:compensate_travel_booking_workflow,2025-01-21T03:29:20.000Z,632.25
"avg:workflow_execution.avg{*}",workflowname:compensate_travel_booking_workflow,2025-01-21T03:29:30.000Z,669.975
"avg:workflow_execution.avg{*}",workflowname:compensate_travel_booking_workflow,2025-01-21T03:29:40.000Z,908.463333
"avg:workflow_execution.avg{*}",workflowname:compensate_travel_booking_workflow,2025-01-21T03:29:50.000Z,838.9
"avg:workflow_execution.avg{*}",workflowname:compensate_travel_booking_workflow,2025-01-21T03:30:00.000Z,720.125
"avg:workflow_execution.avg{*}",workflowname:compensate_travel_booking_workflow,2025-01-21T03:30:10.000Z,656.416667
"avg:workflow_execution.avg{*}",workflowname:compensate_travel_booking_workflow,2025-01-21T03:30:20.000Z,742.580357
"avg:workflow_execution.avg{*}",workflowname:compensate_travel_booking_workflow,2025-01-21T03:30:30.000Z,372.983333
"avg:workflow_execution.avg{*}",workflowname:compensate_travel_booking_workflow,2025-01-21T03:30:40.000Z,635.314286
"avg:workflow_execution.avg{*}",workflowname:compensate_travel_booking_workflow,2025-01-21T03:30:50.000Z,541.380714
"avg:workflow_execution.avg{*}",workflowname:compensate_travel_booking_workflow,2025-01-21T03:31:00.000Z,636.6775
"avg:workflow_execution.avg{*}",workflowname:compensate_travel_booking_workflow,2025-01-21T03:31:10.000Z,502.1875
"avg:workflow_execution.avg{*}",workflowname:compensate_travel_booking_workflow,2025-01-21T03:31:20.000Z,834.292857
"avg:workflow_execution.avg{*}",workflowname:compensate_travel_booking_workflow,2025-01-21T03:31:30.000Z,493.843333
"avg:workflow_execution.avg{*}",workflowname:compensate_travel_booking_workflow,2025-01-21T03:31:40.000Z,476.341667
"avg:workflow_execution.avg{*}",workflowname:compensate_travel_booking_workflow,2025-01-21T03:31:50.000Z,463.141667
"avg:workflow_execution.avg{*}",workflowname:compensate_travel_booking_workflow,2025-01-21T03:32:00.000Z,370.738889
"avg:workflow_execution.avg{*}",workflowname:compensate_travel_booking_workflow,2025-01-21T03:32:10.000Z,652.425
"avg:workflow_execution.avg{*}",workflowname:compensate_travel_booking_workflow,2025-01-21T03:32:20.000Z,506.066667
"avg:workflow_execution.avg{*}",workflowname:compensate_travel_booking_workflow,2025-01-21T03:32:30.000Z,942.376667
"avg:workflow_execution.avg{*}",workflowname:compensate_travel_booking_workflow,2025-01-21T03:32:40.000Z,791.85
"avg:workflow_execution.avg{*}",workflowname:compensate_travel_booking_workflow,2025-01-21T03:32:50.000Z,803.082857
"avg:workflow_execution.avg{*}",workflowname:compensate_travel_booking_workflow,2025-01-21T03:33:00.000Z,1023.109481
"avg:workflow_execution.avg{*}",workflowname:compensate_travel_booking_workflow,2025-01-21T03:33:10.000Z,877.176667
"avg:workflow_execution.avg{*}",workflowname:compensate_travel_booking_workflow,2025-01-21T03:33:20.000Z,908.416667
"avg:workflow_execution.avg{*}",workflowname:compensate_travel_booking_workflow,2025-01-21T03:33:30.000Z,1026.59
"avg:workflow_execution.avg{*}",workflowname:compensate_travel_booking_workflow,2025-01-21T03:33:40.000Z,725.266667
"avg:workflow_execution.avg{*}",workflowname:compensate_travel_booking_workflow,2025-01-21T03:33:50.000Z,1147.066667
"avg:workflow_execution.avg{*}",workflowname:compensate_travel_booking_workflow,2025-01-21T03:34:00.000Z,965.064286
"avg:workflow_execution.avg{*}",workflowname:compensate_travel_booking_workflow,2025-01-21T03:34:10.000Z,889.033333
"avg:workflow_execution.avg{*}",workflowname:compensate_travel_booking_workflow,2025-01-21T03:34:20.000Z,1015.625
"avg:workflow_execution.avg{*}",workflowname:compensate_travel_booking_workflow,2025-01-21T03:34:30.000Z,538.75
"avg:workflow_execution.avg{*}",workflowname:compensate_travel_booking_workflow,2025-01-21T03:34:40.000Z,1582.07
"avg:workflow_execution.avg{*}",workflowname:compensate_travel_booking_workflow,2025-01-21T03:34:50.000Z,1275.8
"avg:workflow_execution.avg{*}",workflowname:compensate_travel_booking_workflow,2025-01-21T03:35:00.000Z,768.916667
"avg:workflow_execution.avg{*}",workflowname:compensate_travel_booking_workflow,2025-01-21T03:35:10.000Z,695.215909
"avg:workflow_execution.avg{*}",workflowname:compensate_travel_booking_workflow,2025-01-21T03:35:20.000Z,496.35
"avg:workflow_execution.avg{*}",workflowname:compensate_travel_booking_workflow,2025-01-21T03:35:30.000Z,1003.034091
"avg:workflow_execution.avg{*}",workflowname:compensate_travel_booking_workflow,2025-01-21T03:35:40.000Z,880
"avg:workflow_execution.avg{*}",workflowname:compensate_travel_booking_workflow,2025-01-21T03:35:50.000Z,387.409091
"avg:workflow_execution.avg{*}",workflowname:compensate_travel_booking_workflow,2025-01-21T03:36:00.000Z,492.57
"avg:workflow_execution.avg{*}",workflowname:compensate_travel_booking_workflow,2025-01-21T03:36:10.000Z,708.328571
"avg:workflow_execution.avg{*}",workflowname:compensate_travel_booking_workflow,2025-01-21T03:36:20.000Z,891.966667
"avg:workflow_execution.avg{*}",workflowname:compensate_travel_booking_workflow,2025-01-21T03:36:30.000Z,593.956494
"avg:workflow_execution.avg{*}",workflowname:compensate_travel_booking_workflow,2025-01-21T03:36:40.000Z,743.862121
"avg:workflow_execution.avg{*}",workflowname:compensate_travel_booking_workflow,2025-01-21T03:36:50.000Z,1016.633333
"avg:workflow_execution.avg{*}",workflowname:compensate_travel_booking_workflow,2025-01-21T03:37:00.000Z,671.308333
"avg:workflow_execution.avg{*}",workflowname:compensate_travel_booking_workflow,2025-01-21T03:37:10.000Z,810.266667
"avg:workflow_execution.avg{*}",workflowname:compensate_travel_booking_workflow,2025-01-21T03:37:20.000Z,1231.033333
"avg:workflow_execution.avg{*}",workflowname:compensate_travel_booking_workflow,2025-01-21T03:37:30.000Z,1063.17
"avg:workflow_execution.avg{*}",workflowname:compensate_travel_booking_workflow,2025-01-21T03:37:40.000Z,998.23
"avg:workflow_execution.avg{*}",workflowname:compensate_travel_booking_workflow,2025-01-21T03:37:50.000Z,1216.108333
"avg:workflow_execution.avg{*}",workflowname:compensate_travel_booking_workflow,2025-01-21T03:38:00.000Z,594.825
"avg:workflow_execution.avg{*}",workflowname:compensate_travel_booking_workflow,2025-01-21T03:38:10.000Z,958.225
"avg:workflow_execution.avg{*}",workflowname:compensate_travel_booking_workflow,2025-01-21T03:38:20.000Z,1392.783939
"avg:workflow_execution.avg{*}",workflowname:compensate_travel_booking_workflow,2025-01-21T03:38:30.000Z,1379.733333
"avg:workflow_execution.avg{*}",workflowname:compensate_travel_booking_workflow,2025-01-21T03:38:40.000Z,728.7375
"avg:workflow_execution.avg{*}",workflowname:compensate_travel_booking_workflow,2025-01-21T03:38:50.000Z,637.187619
"avg:workflow_execution.avg{*}",workflowname:compensate_travel_booking_workflow,2025-01-21T03:39:00.000Z,768.011667
"avg:workflow_execution.avg{*}",workflowname:compensate_travel_booking_workflow,2025-01-21T03:39:10.000Z,764.775
"avg:workflow_execution.avg{*}",workflowname:compensate_travel_booking_workflow,2025-01-21T03:39:20.000Z,433.858333
"avg:workflow_execution.avg{*}",workflowname:compensate_travel_booking_workflow,2025-01-21T03:39:30.000Z,1025.13
"avg:workflow_execution.avg{*}",workflowname:compensate_travel_booking_workflow,2025-01-21T03:39:40.000Z,1124.9
"avg:workflow_execution.avg{*}",workflowname:compensate_travel_booking_workflow,2025-01-21T03:39:50.000Z,470.778333
"avg:workflow_execution.avg{*}",workflowname:compensate_travel_booking_workflow,2025-01-21T03:40:00.000Z,738.25
"avg:workflow_execution.avg{*}",workflowname:compensate_travel_booking_workflow,2025-01-21T03:40:10.000Z,867.730952
"avg:workflow_execution.avg{*}",workflowname:compensate_travel_booking_workflow,2025-01-21T03:40:20.000Z,457.4
"avg:workflow_execution.avg{*}",workflowname:compensate_travel_booking_workflow,2025-01-21T03:40:30.000Z,591.5
"avg:workflow_execution.avg{*}",workflowname:compensate_travel_booking_workflow,2025-01-21T03:40:40.000Z,1070.708333
"avg:workflow_execution.avg{*}",workflowname:compensate_travel_booking_workflow,2025-01-21T03:40:50.000Z,524.333333
"avg:workflow_execution.avg{*}",workflowname:compensate_travel_booking_workflow,2025-01-21T03:41:00.000Z,994.530769
"avg:workflow_execution.avg{*}",workflowname:compensate_travel_booking_workflow,2025-01-21T03:41:10.000Z,1223.286111
"avg:workflow_execution.avg{*}",workflowname:compensate_travel_booking_workflow,2025-01-21T03:41:20.000Z,1072.68
"avg:workflow_execution.avg{*}",workflowname:compensate_travel_booking_workflow,2025-01-21T03:41:30.000Z,971.416667
"avg:workflow_execution.avg{*}",workflowname:compensate_travel_booking_workflow,2025-01-21T03:41:40.000Z,850.140476
"avg:workflow_execution.avg{*}",workflowname:compensate_travel_booking_workflow,2025-01-21T03:41:50.000Z,1162.8625
"avg:workflow_execution.avg{*}",workflowname:compensate_travel_booking_workflow,2025-01-21T03:42:00.000Z,1032.533333
"avg:workflow_execution.avg{*}",workflowname:compensate_travel_booking_workflow,2025-01-21T03:42:10.000Z,2042.891667
"avg:workflow_execution.avg{*}",workflowname:compensate_travel_booking_workflow,2025-01-21T03:42:20.000Z,771.616667
"avg:workflow_execution.avg{*}",workflowname:compensate_travel_booking_workflow,2025-01-21T03:42:30.000Z,931.235714
"avg:workflow_execution.avg{*}",workflowname:compensate_travel_booking_workflow,2025-01-21T03:42:40.000Z,1030.128333
"avg:workflow_execution.avg{*}",workflowname:compensate_travel_booking_workflow,2025-01-21T03:42:50.000Z,1019.1125
"avg:workflow_execution.avg{*}",workflowname:compensate_travel_booking_workflow,2025-01-21T03:43:00.000Z,895.72619
"avg:workflow_execution.avg{*}",workflowname:compensate_travel_booking_workflow,2025-01-21T03:43:10.000Z,659.225
"avg:workflow_execution.avg{*}",workflowname:compensate_travel_booking_workflow,2025-01-21T03:43:20.000Z,1143.425
"avg:workflow_execution.avg{*}",workflowname:compensate_travel_booking_workflow,2025-01-21T03:43:30.000Z,389.841667
"avg:workflow_execution.avg{*}",workflowname:compensate_travel_booking_workflow,2025-01-21T03:43:40.000Z,540.617857
"avg:workflow_execution.avg{*}",workflowname:compensate_travel_booking_workflow,2025-01-21T03:43:50.000Z,927.016667
"avg:workflow_execution.avg{*}",workflowname:compensate_travel_booking_workflow,2025-01-21T03:44:00.000Z,608.739394
"avg:workflow_execution.avg{*}",workflowname:compensate_travel_booking_workflow,2025-01-21T03:44:10.000Z,514.925
"avg:workflow_execution.avg{*}",workflowname:compensate_travel_booking_workflow,2025-01-21T03:44:20.000Z,944.526667
"avg:workflow_execution.avg{*}",workflowname:compensate_travel_booking_workflow,2025-01-21T03:44:30.000Z,646.508333
"avg:workflow_execution.avg{*}",workflowname:compensate_travel_booking_workflow,2025-01-21T03:44:40.000Z,757.517857
"avg:workflow_execution.avg{*}",workflowname:compensate_travel_booking_workflow,2025-01-21T03:44:50.000Z,406.1
"avg:workflow_execution.avg{*}",workflowname:compensate_travel_booking_workflow,2025-01-21T03:45:00.000Z,785.216667
"avg:workflow_execution.avg{*}",workflowname:compensate_travel_booking_workflow,2025-01-21T03:45:10.000Z,412.666667
"avg:workflow_execution.avg{*}",workflowname:compensate_travel_booking_workflow,2025-01-21T03:45:20.000Z,953.958333
"avg:workflow_execution.avg{*}",workflowname:compensate_travel_booking_workflow,2025-01-21T03:45:30.000Z,930.61
"avg:workflow_execution.avg{*}",workflowname:compensate_travel_booking_workflow,2025-01-21T03:45:40.000Z,946.751667
"avg:workflow_execution.avg{*}",workflowname:compensate_travel_booking_workflow,2025-01-21T03:45:50.000Z,1080.686111
"avg:workflow_execution.avg{*}",workflowname:compensate_travel_booking_workflow,2025-01-21T03:46:00.000Z,676.956667
"avg:workflow_execution.avg{*}",workflowname:compensate_travel_booking_workflow,2025-01-21T03:46:10.000Z,968.125833
"avg:workflow_execution.avg{*}",workflowname:compensate_travel_booking_workflow,2025-01-21T03:46:20.000Z,456.966667
"avg:workflow_execution.avg{*}",workflowname:compensate_travel_booking_workflow,2025-01-21T03:46:30.000Z,714.966667
"avg:workflow_execution.avg{*}",workflowname:compensate_travel_booking_workflow,2025-01-21T03:46:40.000Z,629.398512
"avg:workflow_execution.avg{*}",workflowname:compensate_travel_booking_workflow,2025-01-21T03:46:50.000Z,977.830952
"avg:workflow_execution.avg{*}",workflowname:compensate_travel_booking_workflow,2025-01-21T03:47:00.000Z,1324.225
"avg:workflow_execution.avg{*}",workflowname:compensate_travel_booking_workflow,2025-01-21T03:47:10.000Z,693.643333
"avg:workflow_execution.avg{*}",workflowname:compensate_travel_booking_workflow,2025-01-21T03:47:20.000Z,1097.124286
"avg:workflow_execution.avg{*}",workflowname:compensate_travel_booking_workflow,2025-01-21T03:47:30.000Z,466.726667
"avg:workflow_execution.avg{*}",workflowname:compensate_travel_booking_workflow,2025-01-21T03:47:40.000Z,693.426667
"avg:workflow_execution.avg{*}",workflowname:compensate_travel_booking_workflow,2025-01-21T03:47:50.000Z,1086.891667
"avg:workflow_execution.avg{*}",workflowname:compensate_travel_booking_workflow,2025-01-21T03:48:00.000Z,901.055556
"avg:workflow_execution.avg{*}",workflowname:compensate_travel_booking_workflow,2025-01-21T03:48:10.000Z,432.933333
"avg:workflow_execution.avg{*}",workflowname:compensate_travel_booking_workflow,2025-01-21T03:48:20.000Z,549.86
"avg:workflow_execution.avg{*}",workflowname:compensate_travel_booking_workflow,2025-01-21T03:48:30.000Z,655.625
"avg:workflow_execution.avg{*}",workflowname:compensate_travel_booking_workflow,2025-01-21T03:48:40.000Z,853.077778
"avg:workflow_execution.avg{*}",workflowname:compensate_travel_booking_workflow,2025-01-21T03:48:50.000Z,897.2
"avg:workflow_execution.avg{*}",workflowname:compensate_travel_booking_workflow,2025-01-21T03:49:00.000Z,1000.398333
"avg:workflow_execution.avg{*}",workflowname:compensate_travel_booking_workflow,2025-01-21T03:49:10.000Z,417.761667
"avg:workflow_execution.avg{*}",workflowname:compensate_travel_booking_workflow,2025-01-21T03:49:20.000Z,473.304762
"avg:workflow_execution.avg{*}",workflowname:compensate_travel_booking_workflow,2025-01-21T03:49:30.000Z,616.854167
"avg:workflow_execution.avg{*}",workflowname:compensate_travel_booking_workflow,2025-01-21T03:49:40.000Z,810.775
"avg:workflow_execution.avg{*}",workflowname:compensate_travel_booking_workflow,2025-01-21T03:49:50.000Z,1143.224286
"avg:workflow_execution.avg{*}",workflowname:compensate_travel_booking_workflow,2025-01-21T03:50:00.000Z,1312.344048
"avg:workflow_execution.avg{*}",workflowname:compensate_travel_booking_workflow,2025-01-21T03:50:10.000Z,1562.933333
"avg:workflow_execution.avg{*}",workflowname:compensate_travel_booking_workflow,2025-01-21T03:50:20.000Z,829.260476
"avg:workflow_execution.avg{*}",workflowname:compensate_travel_booking_workflow,2025-01-21T03:50:30.000Z,751.917778
"avg:workflow_execution.avg{*}",workflowname:compensate_travel_booking_workflow,2025-01-21T03:50:40.000Z,1281.883333
"avg:workflow_execution.avg{*}",workflowname:compensate_travel_booking_workflow,2025-01-21T03:50:50.000Z,972.65
"avg:workflow_execution.avg{*}",workflowname:compensate_travel_booking_workflow,2025-01-21T03:51:00.000Z,985.894643
"avg:workflow_execution.avg{*}",workflowname:compensate_travel_booking_workflow,2025-01-21T03:51:10.000Z,539.389286
"avg:workflow_execution.avg{*}",workflowname:compensate_travel_booking_workflow,2025-01-21T03:51:20.000Z,478.673333
"avg:workflow_execution.avg{*}",workflowname:compensate_travel_booking_workflow,2025-01-21T03:51:30.000Z,1117.594444
"avg:workflow_execution.avg{*}",workflowname:compensate_travel_booking_workflow,2025-01-21T03:51:40.000Z,530.383333
"avg:workflow_execution.avg{*}",workflowname:compensate_travel_booking_workflow,2025-01-21T03:51:50.000Z,1260.026667
"avg:workflow_execution.avg{*}",workflowname:compensate_travel_booking_workflow,2025-01-21T03:52:00.000Z,931.754167
"avg:workflow_execution.avg{*}",workflowname:compensate_travel_booking_workflow,2025-01-21T03:52:10.000Z,561.75
"avg:workflow_execution.avg{*}",workflowname:compensate_travel_booking_workflow,2025-01-21T03:52:20.000Z,359.34
"avg:workflow_execution.avg{*}",workflowname:compensate_travel_booking_workflow,2025-01-21T03:52:30.000Z,1034.01
"avg:workflow_execution.avg{*}",workflowname:compensate_travel_booking_workflow,2025-01-21T03:52:40.000Z,506.012143
"avg:workflow_execution.avg{*}",workflowname:compensate_travel_booking_workflow,2025-01-21T03:52:50.000Z,334.56
"avg:workflow_execution.avg{*}",workflowname:compensate_travel_booking_workflow,2025-01-21T03:53:00.000Z,784.296667
"avg:workflow_execution.avg{*}",workflowname:compensate_travel_booking_workflow,2025-01-21T03:53:10.000Z,646.671111
"avg:workflow_execution.avg{*}",workflowname:compensate_travel_booking_workflow,2025-01-21T03:53:20.000Z,892.276667
"avg:workflow_execution.avg{*}",workflowname:compensate_travel_booking_workflow,2025-01-21T03:53:30.000Z,1126.497619
"avg:workflow_execution.avg{*}",workflowname:compensate_travel_booking_workflow,2025-01-21T03:53:40.000Z,567.54
"avg:workflow_execution.avg{*}",workflowname:compensate_travel_booking_workflow,2025-01-21T03:53:50.000Z,960.716667
"avg:workflow_execution.avg{*}",workflowname:compensate_travel_booking_workflow,2025-01-21T03:54:00.000Z,959.425
"avg:workflow_execution.avg{*}",workflowname:compensate_travel_booking_workflow,2025-01-21T03:54:10.000Z,907.358333
"avg:workflow_execution.avg{*}",workflowname:compensate_travel_booking_workflow,2025-01-21T03:54:20.000Z,1610.071429
"avg:workflow_execution.avg{*}",workflowname:compensate_travel_booking_workflow,2025-01-21T03:54:30.000Z,1301.73
"avg:workflow_execution.avg{*}",workflowname:compensate_travel_booking_workflow,2025-01-21T03:54:40.000Z,919.260714
"avg:workflow_execution.avg{*}",workflowname:compensate_travel_booking_workflow,2025-01-21T03:54:50.000Z,1155.48
"avg:workflow_execution.avg{*}",workflowname:compensate_travel_booking_workflow,2025-01-21T03:55:00.000Z,432.075
"avg:workflow_execution.avg{*}",workflowname:compensate_travel_booking_workflow,2025-01-21T03:55:10.000Z,1016.777778
"avg:workflow_execution.avg{*}",workflowname:compensate_travel_booking_workflow,2025-01-21T03:55:20.000Z,891.483333
"avg:workflow_execution.avg{*}",workflowname:compensate_travel_booking_workflow,2025-01-21T03:55:30.000Z,941.95
"avg:workflow_execution.avg{*}",workflowname:compensate_travel_booking_workflow,2025-01-21T03:55:40.000Z,756.2
"avg:workflow_execution.avg{*}",workflowname:compensate_travel_booking_workflow,2025-01-21T03:55:50.000Z,496.716667
"avg:workflow_execution.avg{*}",workflowname:compensate_travel_booking_workflow,2025-01-21T03:56:00.000Z,645.833333
"avg:workflow_execution.avg{*}",workflowname:compensate_travel_booking_workflow,2025-01-21T03:56:10.000Z,479.366667
"avg:workflow_execution.avg{*}",workflowname:compensate_travel_booking_workflow,2025-01-21T03:56:20.000Z,863.316667
"avg:workflow_execution.avg{*}",workflowname:compensate_travel_booking_workflow,2025-01-21T03:56:30.000Z,771.841667
"avg:workflow_execution.avg{*}",workflowname:compensate_travel_booking_workflow,2025-01-21T03:56:40.000Z,795.725
"avg:workflow_execution.avg{*}",workflowname:compensate_travel_booking_workflow,2025-01-21T03:56:50.000Z,880.373333
"avg:workflow_execution.avg{*}",workflowname:compensate_travel_booking_workflow,2025-01-21T03:57:00.000Z,722.483333
"avg:workflow_execution.avg{*}",workflowname:compensate_travel_booking_workflow,2025-01-21T03:57:10.000Z,569.741667
"avg:workflow_execution.avg{*}",workflowname:compensate_travel_booking_workflow,2025-01-21T03:57:20.000Z,512.669048
"avg:workflow_execution.avg{*}",workflowname:compensate_travel_booking_workflow,2025-01-21T03:57:30.000Z,449.001667
"avg:workflow_execution.avg{*}",workflowname:compensate_travel_booking_workflow,2025-01-21T03:57:40.000Z,495.339286
"avg:workflow_execution.avg{*}",workflowname:compensate_travel_booking_workflow,2025-01-21T03:57:50.000Z,1285.355556
"avg:workflow_execution.avg{*}",workflowname:compensate_travel_booking_workflow,2025-01-21T03:58:00.000Z,851.875
"avg:workflow_execution.avg{*}",workflowname:compensate_travel_booking_workflow,2025-01-21T03:58:10.000Z,659.580476
"avg:workflow_execution.avg{*}",workflowname:compensate_travel_booking_workflow,2025-01-21T03:58:20.000Z,656.543095
"avg:workflow_execution.avg{*}",workflowname:compensate_travel_booking_workflow,2025-01-21T03:58:30.000Z,1204.581667
"avg:workflow_execution.avg{*}",workflowname:compensate_travel_booking_workflow,2025-01-21T03:58:40.000Z,819.245363
"avg:workflow_execution.avg{*}",workflowname:compensate_travel_booking_workflow,2025-01-21T03:58:50.000Z,734.570833
"avg:workflow_execution.avg{*}",workflowname:compensate_travel_booking_workflow,2025-01-21T03:59:00.000Z,1037.409804
"avg:workflow_execution.avg{*}",workflowname:compensate_travel_booking_workflow,2025-01-21T03:59:10.000Z,305.122159
"avg:workflow_execution.avg{*}",workflowname:compensate_travel_booking_workflow,2025-01-21T03:59:20.000Z,0
"avg:workflow_execution.avg{*}",workflowname:compensate_travel_booking_workflow,2025-01-21T03:59:30.000Z,0
"avg:workflow_execution.avg{*}",workflowname:compensate_travel_booking_workflow,2025-01-21T03:59:40.000Z,0
"avg:workflow_execution.avg{*}",workflowname:travel_booking_segregated_saga_wf,2025-01-21T03:13:10.000Z,0
"avg:workflow_execution.avg{*}",workflowname:travel_booking_segregated_saga_wf,2025-01-21T03:13:20.000Z,0
"avg:workflow_execution.avg{*}",workflowname:travel_booking_segregated_saga_wf,2025-01-21T03:13:30.000Z,0
"avg:workflow_execution.avg{*}",workflowname:travel_booking_segregated_saga_wf,2025-01-21T03:13:40.000Z,0
"avg:workflow_execution.avg{*}",workflowname:travel_booking_segregated_saga_wf,2025-01-21T03:13:50.000Z,0
"avg:workflow_execution.avg{*}",workflowname:travel_booking_segregated_saga_wf,2025-01-21T03:14:00.000Z,0
"avg:workflow_execution.avg{*}",workflowname:travel_booking_segregated_saga_wf,2025-01-21T03:14:10.000Z,0
"avg:workflow_execution.avg{*}",workflowname:travel_booking_segregated_saga_wf,2025-01-21T03:14:20.000Z,0
"avg:workflow_execution.avg{*}",workflowname:travel_booking_segregated_saga_wf,2025-01-21T03:14:30.000Z,1143.8
"avg:workflow_execution.avg{*}",workflowname:travel_booking_segregated_saga_wf,2025-01-21T03:14:40.000Z,5867
"avg:workflow_execution.avg{*}",workflowname:travel_booking_segregated_saga_wf,2025-01-21T03:14:50.000Z,6182.02
"avg:workflow_execution.avg{*}",workflowname:travel_booking_segregated_saga_wf,2025-01-21T03:15:00.000Z,16431.1
"avg:workflow_execution.avg{*}",workflowname:travel_booking_segregated_saga_wf,2025-01-21T03:15:10.000Z,34925.38
"avg:workflow_execution.avg{*}",workflowname:travel_booking_segregated_saga_wf,2025-01-21T03:15:20.000Z,36198.725
"avg:workflow_execution.avg{*}",workflowname:travel_booking_segregated_saga_wf,2025-01-21T03:15:30.000Z,35079.641667
"avg:workflow_execution.avg{*}",workflowname:travel_booking_segregated_saga_wf,2025-01-21T03:15:40.000Z,56091.95
"avg:workflow_execution.avg{*}",workflowname:travel_booking_segregated_saga_wf,2025-01-21T03:15:50.000Z,54073.408333
"avg:workflow_execution.avg{*}",workflowname:travel_booking_segregated_saga_wf,2025-01-21T03:16:00.000Z,49604.766667
"avg:workflow_execution.avg{*}",workflowname:travel_booking_segregated_saga_wf,2025-01-21T03:16:10.000Z,43980.948095
"avg:workflow_execution.avg{*}",workflowname:travel_booking_segregated_saga_wf,2025-01-21T03:16:20.000Z,60508.44
"avg:workflow_execution.avg{*}",workflowname:travel_booking_segregated_saga_wf,2025-01-21T03:16:30.000Z,51841.5
"avg:workflow_execution.avg{*}",workflowname:travel_booking_segregated_saga_wf,2025-01-21T03:16:40.000Z,55656.657778
"avg:workflow_execution.avg{*}",workflowname:travel_booking_segregated_saga_wf,2025-01-21T03:16:50.000Z,45151.636667
"avg:workflow_execution.avg{*}",workflowname:travel_booking_segregated_saga_wf,2025-01-21T03:17:00.000Z,95659.05
"avg:workflow_execution.avg{*}",workflowname:travel_booking_segregated_saga_wf,2025-01-21T03:17:10.000Z,84862.69375
"avg:workflow_execution.avg{*}",workflowname:travel_booking_segregated_saga_wf,2025-01-21T03:17:20.000Z,107222.4
"avg:workflow_execution.avg{*}",workflowname:travel_booking_segregated_saga_wf,2025-01-21T03:17:30.000Z,151006.44
"avg:workflow_execution.avg{*}",workflowname:travel_booking_segregated_saga_wf,2025-01-21T03:17:40.000Z,159711.911667
"avg:workflow_execution.avg{*}",workflowname:travel_booking_segregated_saga_wf,2025-01-21T03:17:50.000Z,104775.833333
"avg:workflow_execution.avg{*}",workflowname:travel_booking_segregated_saga_wf,2025-01-21T03:18:00.000Z,175424.941667
"avg:workflow_execution.avg{*}",workflowname:travel_booking_segregated_saga_wf,2025-01-21T03:18:10.000Z,137386.536667
"avg:workflow_execution.avg{*}",workflowname:travel_booking_segregated_saga_wf,2025-01-21T03:18:20.000Z,143643.471429
"avg:workflow_execution.avg{*}",workflowname:travel_booking_segregated_saga_wf,2025-01-21T03:18:30.000Z,174264.716667
"avg:workflow_execution.avg{*}",workflowname:travel_booking_segregated_saga_wf,2025-01-21T03:18:40.000Z,180281.65
"avg:workflow_execution.avg{*}",workflowname:travel_booking_segregated_saga_wf,2025-01-21T03:18:50.000Z,133429.591667
"avg:workflow_execution.avg{*}",workflowname:travel_booking_segregated_saga_wf,2025-01-21T03:19:00.000Z,194839.15
"avg:workflow_execution.avg{*}",workflowname:travel_booking_segregated_saga_wf,2025-01-21T03:19:10.000Z,202035.415238
"avg:workflow_execution.avg{*}",workflowname:travel_booking_segregated_saga_wf,2025-01-21T03:19:20.000Z,149657.258333
"avg:workflow_execution.avg{*}",workflowname:travel_booking_segregated_saga_wf,2025-01-21T03:19:30.000Z,123792.775
"avg:workflow_execution.avg{*}",workflowname:travel_booking_segregated_saga_wf,2025-01-21T03:19:40.000Z,222658.0875
"avg:workflow_execution.avg{*}",workflowname:travel_booking_segregated_saga_wf,2025-01-21T03:19:50.000Z,229305.55
"avg:workflow_execution.avg{*}",workflowname:travel_booking_segregated_saga_wf,2025-01-21T03:20:00.000Z,270442.595055
"avg:workflow_execution.avg{*}",workflowname:travel_booking_segregated_saga_wf,2025-01-21T03:20:10.000Z,174261.933333
"avg:workflow_execution.avg{*}",workflowname:travel_booking_segregated_saga_wf,2025-01-21T03:20:20.000Z,179325.466667
"avg:workflow_execution.avg{*}",workflowname:travel_booking_segregated_saga_wf,2025-01-21T03:20:30.000Z,147149.966667
"avg:workflow_execution.avg{*}",workflowname:travel_booking_segregated_saga_wf,2025-01-21T03:20:40.000Z,150816.263333
"avg:workflow_execution.avg{*}",workflowname:travel_booking_segregated_saga_wf,2025-01-21T03:20:50.000Z,193392.05
"avg:workflow_execution.avg{*}",workflowname:travel_booking_segregated_saga_wf,2025-01-21T03:21:00.000Z,198772.647619
"avg:workflow_execution.avg{*}",workflowname:travel_booking_segregated_saga_wf,2025-01-21T03:21:10.000Z,245077.060714
"avg:workflow_execution.avg{*}",workflowname:travel_booking_segregated_saga_wf,2025-01-21T03:21:20.000Z,208948.633333
"avg:workflow_execution.avg{*}",workflowname:travel_booking_segregated_saga_wf,2025-01-21T03:21:30.000Z,214028.475
"avg:workflow_execution.avg{*}",workflowname:travel_booking_segregated_saga_wf,2025-01-21T03:21:40.000Z,262785.633333
"avg:workflow_execution.avg{*}",workflowname:travel_booking_segregated_saga_wf,2025-01-21T03:21:50.000Z,223531
"avg:workflow_execution.avg{*}",workflowname:travel_booking_segregated_saga_wf,2025-01-21T03:22:00.000Z,274165.673333
"avg:workflow_execution.avg{*}",workflowname:travel_booking_segregated_saga_wf,2025-01-21T03:22:10.000Z,232885.554167
"avg:workflow_execution.avg{*}",workflowname:travel_booking_segregated_saga_wf,2025-01-21T03:22:20.000Z,238640.466667
"avg:workflow_execution.avg{*}",workflowname:travel_booking_segregated_saga_wf,2025-01-21T03:22:30.000Z,341094.866667
"avg:workflow_execution.avg{*}",workflowname:travel_booking_segregated_saga_wf,2025-01-21T03:22:40.000Z,248933.6
"avg:workflow_execution.avg{*}",workflowname:travel_booking_segregated_saga_wf,2025-01-21T03:22:50.000Z,354651.806667
"avg:workflow_execution.avg{*}",workflowname:travel_booking_segregated_saga_wf,2025-01-21T03:23:00.000Z,206885.758333
"avg:workflow_execution.avg{*}",workflowname:travel_booking_segregated_saga_wf,2025-01-21T03:23:10.000Z,210098.616667
"avg:workflow_execution.avg{*}",workflowname:travel_booking_segregated_saga_wf,2025-01-21T03:23:20.000Z,375011.7625
"avg:workflow_execution.avg{*}",workflowname:travel_booking_segregated_saga_wf,2025-01-21T03:23:30.000Z,218395.64
"avg:workflow_execution.avg{*}",workflowname:travel_booking_segregated_saga_wf,2025-01-21T03:23:40.000Z,388885.741667
"avg:workflow_execution.avg{*}",workflowname:travel_booking_segregated_saga_wf,2025-01-21T03:23:50.000Z,340000.51
"avg:workflow_execution.avg{*}",workflowname:travel_booking_segregated_saga_wf,2025-01-21T03:24:00.000Z,345274.86
"avg:workflow_execution.avg{*}",workflowname:travel_booking_segregated_saga_wf,2025-01-21T03:24:10.000Z,292290.07
"avg:workflow_execution.avg{*}",workflowname:travel_booking_segregated_saga_wf,2025-01-21T03:24:20.000Z,298073.035
"avg:workflow_execution.avg{*}",workflowname:travel_booking_segregated_saga_wf,2025-01-21T03:24:30.000Z,484305.875
"avg:workflow_execution.avg{*}",workflowname:travel_booking_segregated_saga_wf,2025-01-21T03:24:40.000Z,492586.558333
"avg:workflow_execution.avg{*}",workflowname:travel_booking_segregated_saga_wf,2025-01-21T03:24:50.000Z,437946.75
"avg:workflow_execution.avg{*}",workflowname:travel_booking_segregated_saga_wf,2025-01-21T03:25:00.000Z,380392.452381
"avg:workflow_execution.avg{*}",workflowname:travel_booking_segregated_saga_wf,2025-01-21T03:25:10.000Z,258041.733333
"avg:workflow_execution.avg{*}",workflowname:travel_booking_segregated_saga_wf,2025-01-21T03:25:20.000Z,326833.816667
"avg:workflow_execution.avg{*}",workflowname:travel_booking_segregated_saga_wf,2025-01-21T03:25:30.000Z,332313.89
"avg:workflow_execution.avg{*}",workflowname:travel_booking_segregated_saga_wf,2025-01-21T03:25:40.000Z,405013.466667
"avg:workflow_execution.avg{*}",workflowname:travel_booking_segregated_saga_wf,2025-01-21T03:25:50.000Z,411141.85
"avg:workflow_execution.avg{*}",workflowname:travel_booking_segregated_saga_wf,2025-01-21T03:26:00.000Z,347862.35
"avg:workflow_execution.avg{*}",workflowname:travel_booking_segregated_saga_wf,2025-01-21T03:26:10.000Z,352878.008571
"avg:workflow_execution.avg{*}",workflowname:travel_booking_segregated_saga_wf,2025-01-21T03:26:20.000Z,429001.083333
"avg:workflow_execution.avg{*}",workflowname:travel_booking_segregated_saga_wf,2025-01-21T03:26:30.000Z,362157.883333
"avg:workflow_execution.avg{*}",workflowname:travel_booking_segregated_saga_wf,2025-01-21T03:26:40.000Z,293653.716667
"avg:workflow_execution.avg{*}",workflowname:travel_booking_segregated_saga_wf,2025-01-21T03:26:50.000Z,446809.433333
"avg:workflow_execution.avg{*}",workflowname:travel_booking_segregated_saga_wf,2025-01-21T03:27:00.000Z,376675.283333
"avg:workflow_execution.avg{*}",workflowname:travel_booking_segregated_saga_wf,2025-01-21T03:27:10.000Z,535226.533333
"avg:workflow_execution.avg{*}",workflowname:travel_booking_segregated_saga_wf,2025-01-21T03:27:20.000Z,541694.516667
"avg:workflow_execution.avg{*}",workflowname:travel_booking_segregated_saga_wf,2025-01-21T03:27:30.000Z,470588.7
"avg:workflow_execution.avg{*}",workflowname:travel_booking_segregated_saga_wf,2025-01-21T03:27:40.000Z,634877.313333
"avg:workflow_execution.avg{*}",workflowname:travel_booking_segregated_saga_wf,2025-01-21T03:27:50.000Z,562769.896667
"avg:workflow_execution.avg{*}",workflowname:travel_booking_segregated_saga_wf,2025-01-21T03:28:00.000Z,487938.787222
"avg:workflow_execution.avg{*}",workflowname:travel_booking_segregated_saga_wf,2025-01-21T03:28:10.000Z,494436.95
"avg:workflow_execution.avg{*}",workflowname:travel_booking_segregated_saga_wf,2025-01-21T03:28:20.000Z,416624.85
"avg:workflow_execution.avg{*}",workflowname:travel_booking_segregated_saga_wf,2025-01-21T03:28:30.000Z,590137.906548
"avg:workflow_execution.avg{*}",workflowname:travel_booking_segregated_saga_wf,2025-01-21T03:28:40.000Z,511795.628571
"avg:workflow_execution.avg{*}",workflowname:travel_booking_segregated_saga_wf,2025-01-21T03:28:50.000Z,603660.866667
"avg:workflow_execution.avg{*}",workflowname:travel_booking_segregated_saga_wf,2025-01-21T03:29:00.000Z,611520.333333
"avg:workflow_execution.avg{*}",workflowname:travel_booking_segregated_saga_wf,2025-01-21T03:29:10.000Z,441849.586667
"avg:workflow_execution.avg{*}",workflowname:travel_booking_segregated_saga_wf,2025-01-21T03:29:20.000Z,535999.05
"avg:workflow_execution.avg{*}",workflowname:travel_booking_segregated_saga_wf,2025-01-21T03:29:30.000Z,722360.235
"avg:workflow_execution.avg{*}",workflowname:travel_booking_segregated_saga_wf,2025-01-21T03:29:40.000Z,638810.18
"avg:workflow_execution.avg{*}",workflowname:travel_booking_segregated_saga_wf,2025-01-21T03:29:50.000Z,553162.583333
"avg:workflow_execution.avg{*}",workflowname:travel_booking_segregated_saga_wf,2025-01-21T03:30:00.000Z,372693.2
"avg:workflow_execution.avg{*}",workflowname:travel_booking_segregated_saga_wf,2025-01-21T03:30:10.000Z,565118.266667
"avg:workflow_execution.avg{*}",workflowname:travel_booking_segregated_saga_wf,2025-01-21T03:30:20.000Z,665611.2375
"avg:workflow_execution.avg{*}",workflowname:travel_booking_segregated_saga_wf,2025-01-21T03:30:30.000Z,480207.2
"avg:workflow_execution.avg{*}",workflowname:travel_booking_segregated_saga_wf,2025-01-21T03:30:40.000Z,680190.180952
"avg:workflow_execution.avg{*}",workflowname:travel_booking_segregated_saga_wf,2025-01-21T03:30:50.000Z,589175.229167
"avg:workflow_execution.avg{*}",workflowname:travel_booking_segregated_saga_wf,2025-01-21T03:31:00.000Z,693751.265238
"avg:workflow_execution.avg{*}",workflowname:travel_booking_segregated_saga_wf,2025-01-21T03:31:10.000Z,501283.3
"avg:workflow_execution.avg{*}",workflowname:travel_booking_segregated_saga_wf,2025-01-21T03:31:20.000Z,606764.383333
"avg:workflow_execution.avg{*}",workflowname:travel_booking_segregated_saga_wf,2025-01-21T03:31:30.000Z,408334.82
"avg:workflow_execution.avg{*}",workflowname:travel_booking_segregated_saga_wf,2025-01-21T03:31:40.000Z,721841.8
"avg:workflow_execution.avg{*}",workflowname:travel_booking_segregated_saga_wf,2025-01-21T03:31:50.000Z,521324.558333
"avg:workflow_execution.avg{*}",workflowname:travel_booking_segregated_saga_wf,2025-01-21T03:32:00.000Z,630221.514286
"avg:workflow_execution.avg{*}",workflowname:travel_booking_segregated_saga_wf,2025-01-21T03:32:10.000Z,742932.333333
"avg:workflow_execution.avg{*}",workflowname:travel_booking_segregated_saga_wf,2025-01-21T03:32:20.000Z,535342.1
"avg:workflow_execution.avg{*}",workflowname:travel_booking_segregated_saga_wf,2025-01-21T03:32:30.000Z,1080852.516667
"avg:workflow_execution.avg{*}",workflowname:travel_booking_segregated_saga_wf,2025-01-21T03:32:40.000Z,654472.033333
"avg:workflow_execution.avg{*}",workflowname:travel_booking_segregated_saga_wf,2025-01-21T03:32:50.000Z,550513.966667
"avg:workflow_execution.avg{*}",workflowname:travel_booking_segregated_saga_wf,2025-01-21T03:33:00.000Z,888794.54619
"avg:workflow_execution.avg{*}",workflowname:travel_booking_segregated_saga_wf,2025-01-21T03:33:10.000Z,896494.7625
"avg:workflow_execution.avg{*}",workflowname:travel_booking_segregated_saga_wf,2025-01-21T03:33:20.000Z,564656.508333
"avg:workflow_execution.avg{*}",workflowname:travel_booking_segregated_saga_wf,2025-01-21T03:33:30.000Z,1025483.502381
"avg:workflow_execution.avg{*}",workflowname:travel_booking_segregated_saga_wf,2025-01-21T03:33:40.000Z,805029.908333
"avg:workflow_execution.avg{*}",workflowname:travel_booking_segregated_saga_wf,2025-01-21T03:33:50.000Z,579759.18
"avg:workflow_execution.avg{*}",workflowname:travel_booking_segregated_saga_wf,2025-01-21T03:34:00.000Z,818367.92619
"avg:workflow_execution.avg{*}",workflowname:travel_booking_segregated_saga_wf,2025-01-21T03:34:10.000Z,471622.011111
"avg:workflow_execution.avg{*}",workflowname:travel_booking_segregated_saga_wf,2025-01-21T03:34:20.000Z,713060.976667
"avg:workflow_execution.avg{*}",workflowname:travel_booking_segregated_saga_wf,2025-01-21T03:34:30.000Z,718902.55
"avg:workflow_execution.avg{*}",workflowname:travel_booking_segregated_saga_wf,2025-01-21T03:34:40.000Z,846938.593889
"avg:workflow_execution.avg{*}",workflowname:travel_booking_segregated_saga_wf,2025-01-21T03:34:50.000Z,731263.7
"avg:workflow_execution.avg{*}",workflowname:travel_booking_segregated_saga_wf,2025-01-21T03:35:00.000Z,1106150.95
"avg:workflow_execution.avg{*}",workflowname:travel_booking_segregated_saga_wf,2025-01-21T03:35:10.000Z,867010.785952
"avg:workflow_execution.avg{*}",workflowname:travel_booking_segregated_saga_wf,2025-01-21T03:35:20.000Z,499364.958333
"avg:workflow_execution.avg{*}",workflowname:travel_booking_segregated_saga_wf,2025-01-21T03:35:30.000Z,629031.566667
"avg:workflow_execution.avg{*}",workflowname:travel_booking_segregated_saga_wf,2025-01-21T03:35:40.000Z,761708.616667
"avg:workflow_execution.avg{*}",workflowname:travel_booking_segregated_saga_wf,2025-01-21T03:35:50.000Z,767274.327778
"avg:workflow_execution.avg{*}",workflowname:travel_booking_segregated_saga_wf,2025-01-21T03:36:00.000Z,644223.25
"avg:workflow_execution.avg{*}",workflowname:travel_booking_segregated_saga_wf,2025-01-21T03:36:10.000Z,778942.092857
"avg:workflow_execution.avg{*}",workflowname:travel_booking_segregated_saga_wf,2025-01-21T03:36:20.000Z,915588.691667
"avg:workflow_execution.avg{*}",workflowname:travel_booking_segregated_saga_wf,2025-01-21T03:36:30.000Z,790946.70303
"avg:workflow_execution.avg{*}",workflowname:travel_booking_segregated_saga_wf,2025-01-21T03:36:40.000Z,1328346.848485
"avg:workflow_execution.avg{*}",workflowname:travel_booking_segregated_saga_wf,2025-01-21T03:36:50.000Z,1070649.733333
"avg:workflow_execution.avg{*}",workflowname:travel_booking_segregated_saga_wf,2025-01-21T03:37:00.000Z,1078011.209524
"avg:workflow_execution.avg{*}",workflowname:travel_booking_segregated_saga_wf,2025-01-21T03:37:10.000Z,814152.441667
"avg:workflow_execution.avg{*}",workflowname:travel_booking_segregated_saga_wf,2025-01-21T03:37:20.000Z,1231250.191667
"avg:workflow_execution.avg{*}",workflowname:travel_booking_segregated_saga_wf,2025-01-21T03:37:30.000Z,1240051.964286
"avg:workflow_execution.avg{*}",workflowname:travel_booking_segregated_saga_wf,2025-01-21T03:37:40.000Z,971787.24
"avg:workflow_execution.avg{*}",workflowname:travel_booking_segregated_saga_wf,2025-01-21T03:37:50.000Z,1118123.275
"avg:workflow_execution.avg{*}",workflowname:travel_booking_segregated_saga_wf,2025-01-21T03:38:00.000Z,704073.6
"avg:workflow_execution.avg{*}",workflowname:travel_booking_segregated_saga_wf,2025-01-21T03:38:10.000Z,992187.966667
"avg:workflow_execution.avg{*}",workflowname:travel_booking_segregated_saga_wf,2025-01-21T03:38:20.000Z,713709.143333
"avg:workflow_execution.avg{*}",workflowname:travel_booking_segregated_saga_wf,2025-01-21T03:38:30.000Z,718253.95
"avg:workflow_execution.avg{*}",workflowname:travel_booking_segregated_saga_wf,2025-01-21T03:38:40.000Z,868401.658333
"avg:workflow_execution.avg{*}",workflowname:travel_booking_segregated_saga_wf,2025-01-21T03:38:50.000Z,728033.720952
"avg:workflow_execution.avg{*}",workflowname:travel_booking_segregated_saga_wf,2025-01-21T03:39:00.000Z,1026936.10873
"avg:workflow_execution.avg{*}",workflowname:travel_booking_segregated_saga_wf,2025-01-21T03:39:10.000Z,886197.366667
"avg:workflow_execution.avg{*}",workflowname:travel_booking_segregated_saga_wf,2025-01-21T03:39:20.000Z,743294.866667
"avg:workflow_execution.avg{*}",workflowname:travel_booking_segregated_saga_wf,2025-01-21T03:39:30.000Z,1047136.75
"avg:workflow_execution.avg{*}",workflowname:travel_booking_segregated_saga_wf,2025-01-21T03:39:40.000Z,602791.680952
"avg:workflow_execution.avg{*}",workflowname:travel_booking_segregated_saga_wf,2025-01-21T03:39:50.000Z,1213085.062727
"avg:workflow_execution.avg{*}",workflowname:travel_booking_segregated_saga_wf,2025-01-21T03:40:00.000Z,610935.5
"avg:workflow_execution.avg{*}",workflowname:travel_booking_segregated_saga_wf,2025-01-21T03:40:10.000Z,767677.008333
"avg:workflow_execution.avg{*}",workflowname:travel_booking_segregated_saga_wf,2025-01-21T03:40:20.000Z,773568.596078
"avg:workflow_execution.avg{*}",workflowname:travel_booking_segregated_saga_wf,2025-01-21T03:40:30.000Z,622166.666667
"avg:workflow_execution.avg{*}",workflowname:travel_booking_segregated_saga_wf,2025-01-21T03:40:40.000Z,783248.033333
"avg:workflow_execution.avg{*}",workflowname:travel_booking_segregated_saga_wf,2025-01-21T03:40:50.000Z,629820.875
"avg:workflow_execution.avg{*}",workflowname:travel_booking_segregated_saga_wf,2025-01-21T03:41:00.000Z,952184.652619
"avg:workflow_execution.avg{*}",workflowname:travel_booking_segregated_saga_wf,2025-01-21T03:41:10.000Z,638241.85
"avg:workflow_execution.avg{*}",workflowname:travel_booking_segregated_saga_wf,2025-01-21T03:41:20.000Z,1124285.164286
"avg:workflow_execution.avg{*}",workflowname:travel_booking_segregated_saga_wf,2025-01-21T03:41:30.000Z,1131105.900238
"avg:workflow_execution.avg{*}",workflowname:travel_booking_segregated_saga_wf,2025-01-21T03:41:40.000Z,976165.932778
"avg:workflow_execution.avg{*}",workflowname:travel_booking_segregated_saga_wf,2025-01-21T03:41:50.000Z,981311.130556
"avg:workflow_execution.avg{*}",workflowname:travel_booking_segregated_saga_wf,2025-01-21T03:42:00.000Z,823191.28
"avg:workflow_execution.avg{*}",workflowname:travel_booking_segregated_saga_wf,2025-01-21T03:42:10.000Z,1324011.461667
"avg:workflow_execution.avg{*}",workflowname:travel_booking_segregated_saga_wf,2025-01-21T03:42:20.000Z,1165823.391667
"avg:workflow_execution.avg{*}",workflowname:travel_booking_segregated_saga_wf,2025-01-21T03:42:30.000Z,1005803.840476
"avg:workflow_execution.avg{*}",workflowname:travel_booking_segregated_saga_wf,2025-01-21T03:42:40.000Z,1011175.616667
"avg:workflow_execution.avg{*}",workflowname:travel_booking_segregated_saga_wf,2025-01-21T03:42:50.000Z,678834.933333
"avg:workflow_execution.avg{*}",workflowname:travel_booking_segregated_saga_wf,2025-01-21T03:43:00.000Z,1022815.216667
"avg:workflow_execution.avg{*}",workflowname:travel_booking_segregated_saga_wf,2025-01-21T03:43:10.000Z,1371412.701667
"avg:workflow_execution.avg{*}",workflowname:travel_booking_segregated_saga_wf,2025-01-21T03:43:20.000Z,689986.575
"avg:workflow_execution.avg{*}",workflowname:travel_booking_segregated_saga_wf,2025-01-21T03:43:30.000Z,694091.658333
"avg:workflow_execution.avg{*}",workflowname:travel_booking_segregated_saga_wf,2025-01-21T03:43:40.000Z,1047493.708333
"avg:workflow_execution.avg{*}",workflowname:travel_booking_segregated_saga_wf,2025-01-21T03:43:50.000Z,702082.4
"avg:workflow_execution.avg{*}",workflowname:travel_booking_segregated_saga_wf,2025-01-21T03:44:00.000Z,705755.767532
"avg:workflow_execution.avg{*}",workflowname:travel_booking_segregated_saga_wf,2025-01-21T03:44:10.000Z,1064849.183333
"avg:workflow_execution.avg{*}",workflowname:travel_booking_segregated_saga_wf,2025-01-21T03:44:20.000Z,1427013.091667
"avg:workflow_execution.avg{*}",workflowname:travel_booking_segregated_saga_wf,2025-01-21T03:44:30.000Z,1255713.191667
"avg:workflow_execution.avg{*}",workflowname:travel_booking_segregated_saga_wf,2025-01-21T03:44:40.000Z,1083592.108333
"avg:workflow_execution.avg{*}",workflowname:travel_booking_segregated_saga_wf,2025-01-21T03:44:50.000Z,1088683.95
"avg:workflow_execution.avg{*}",workflowname:travel_booking_segregated_saga_wf,2025-01-21T03:45:00.000Z,1276853.133333
"avg:workflow_execution.avg{*}",workflowname:travel_booking_segregated_saga_wf,2025-01-21T03:45:10.000Z,917245.833333
"avg:workflow_execution.avg{*}",workflowname:travel_booking_segregated_saga_wf,2025-01-21T03:45:20.000Z,1290090.133333
"avg:workflow_execution.avg{*}",workflowname:travel_booking_segregated_saga_wf,2025-01-21T03:45:30.000Z,1111759.06
"avg:workflow_execution.avg{*}",workflowname:travel_booking_segregated_saga_wf,2025-01-21T03:45:40.000Z,1304551.442727
"avg:workflow_execution.avg{*}",workflowname:travel_booking_segregated_saga_wf,2025-01-21T03:45:50.000Z,936530.744444
"avg:workflow_execution.avg{*}",workflowname:travel_booking_segregated_saga_wf,2025-01-21T03:46:00.000Z,941750.045238
"avg:workflow_execution.avg{*}",workflowname:travel_booking_segregated_saga_wf,2025-01-21T03:46:10.000Z,1515220.663333
"avg:workflow_execution.avg{*}",workflowname:travel_booking_segregated_saga_wf,2025-01-21T03:46:20.000Z,1523261.983333
"avg:workflow_execution.avg{*}",workflowname:travel_booking_segregated_saga_wf,2025-01-21T03:46:30.000Z,1338899.755556
"avg:workflow_execution.avg{*}",workflowname:travel_booking_segregated_saga_wf,2025-01-21T03:46:40.000Z,1345307.035
"avg:workflow_execution.avg{*}",workflowname:travel_booking_segregated_saga_wf,2025-01-21T03:46:50.000Z,966383.337143
"avg:workflow_execution.avg{*}",workflowname:travel_booking_segregated_saga_wf,2025-01-21T03:47:00.000Z,1360335.275
"avg:workflow_execution.avg{*}",workflowname:travel_booking_segregated_saga_wf,2025-01-21T03:47:10.000Z,975374.9425
"avg:workflow_execution.avg{*}",workflowname:travel_booking_segregated_saga_wf,2025-01-21T03:47:20.000Z,1373483.116667
"avg:workflow_execution.avg{*}",workflowname:travel_booking_segregated_saga_wf,2025-01-21T03:47:30.000Z,985864.94
"avg:workflow_execution.avg{*}",workflowname:travel_booking_segregated_saga_wf,2025-01-21T03:47:40.000Z,1188787.303333
"avg:workflow_execution.avg{*}",workflowname:travel_booking_segregated_saga_wf,2025-01-21T03:47:50.000Z,1195294.675
"avg:workflow_execution.avg{*}",workflowname:travel_booking_segregated_saga_wf,2025-01-21T03:48:00.000Z,1402141.238333
"avg:workflow_execution.avg{*}",workflowname:travel_booking_segregated_saga_wf,2025-01-21T03:48:10.000Z,1408681.133333
"avg:workflow_execution.avg{*}",workflowname:travel_booking_segregated_saga_wf,2025-01-21T03:48:20.000Z,1214030.17
"avg:workflow_execution.avg{*}",workflowname:travel_booking_segregated_saga_wf,2025-01-21T03:48:30.000Z,1422801.475
"avg:workflow_execution.avg{*}",workflowname:travel_booking_segregated_saga_wf,2025-01-21T03:48:40.000Z,1020109.469444
"avg:workflow_execution.avg{*}",workflowname:travel_booking_segregated_saga_wf,2025-01-21T03:48:50.000Z,1435703.116667
"avg:workflow_execution.avg{*}",workflowname:travel_booking_segregated_saga_wf,2025-01-21T03:49:00.000Z,1443548.375
"avg:workflow_execution.avg{*}",workflowname:travel_booking_segregated_saga_wf,2025-01-21T03:49:10.000Z,828459.085
"avg:workflow_execution.avg{*}",workflowname:travel_booking_segregated_saga_wf,2025-01-21T03:49:20.000Z,1457193.017619
"avg:workflow_execution.avg{*}",workflowname:travel_booking_segregated_saga_wf,2025-01-21T03:49:30.000Z,1255339.729167
"avg:workflow_execution.avg{*}",workflowname:travel_booking_segregated_saga_wf,2025-01-21T03:49:40.000Z,1471189.604167
"avg:workflow_execution.avg{*}",workflowname:travel_booking_segregated_saga_wf,2025-01-21T03:49:50.000Z,1688768.051667
"avg:workflow_execution.avg{*}",workflowname:travel_booking_segregated_saga_wf,2025-01-21T03:50:00.000Z,1485383.495833
"avg:workflow_execution.avg{*}",workflowname:travel_booking_segregated_saga_wf,2025-01-21T03:50:10.000Z,1704563.9
"avg:workflow_execution.avg{*}",workflowname:travel_booking_segregated_saga_wf,2025-01-21T03:50:20.000Z,1498844.947381
"avg:workflow_execution.avg{*}",workflowname:travel_booking_segregated_saga_wf,2025-01-21T03:50:30.000Z,860404.193333
"avg:workflow_execution.avg{*}",workflowname:travel_booking_segregated_saga_wf,2025-01-21T03:50:40.000Z,1296117.866667
"avg:workflow_execution.avg{*}",workflowname:travel_booking_segregated_saga_wf,2025-01-21T03:50:50.000Z,1302874.566667
"avg:workflow_execution.avg{*}",workflowname:travel_booking_segregated_saga_wf,2025-01-21T03:51:00.000Z,1744494.881071
"avg:workflow_execution.avg{*}",workflowname:travel_booking_segregated_saga_wf,2025-01-21T03:51:10.000Z,1095596.890714
"avg:workflow_execution.avg{*}",workflowname:travel_booking_segregated_saga_wf,2025-01-21T03:51:20.000Z,1540229.81
"avg:workflow_execution.avg{*}",workflowname:travel_booking_segregated_saga_wf,2025-01-21T03:51:30.000Z,1768365.375
"avg:workflow_execution.avg{*}",workflowname:travel_booking_segregated_saga_wf,2025-01-21T03:51:40.000Z,1332567.366667
"avg:workflow_execution.avg{*}",workflowname:travel_booking_segregated_saga_wf,2025-01-21T03:51:50.000Z,1562112.375
"avg:workflow_execution.avg{*}",workflowname:travel_booking_segregated_saga_wf,2025-01-21T03:52:00.000Z,1568496.815
"avg:workflow_execution.avg{*}",workflowname:travel_booking_segregated_saga_wf,2025-01-21T03:52:10.000Z,1350167.5
"avg:workflow_execution.avg{*}",workflowname:travel_booking_segregated_saga_wf,2025-01-21T03:52:20.000Z,903698.6
"avg:workflow_execution.avg{*}",workflowname:travel_booking_segregated_saga_wf,2025-01-21T03:52:30.000Z,1588527.96
"avg:workflow_execution.avg{*}",workflowname:travel_booking_segregated_saga_wf,2025-01-21T03:52:40.000Z,1596666.865758
"avg:workflow_execution.avg{*}",workflowname:travel_booking_segregated_saga_wf,2025-01-21T03:52:50.000Z,915848.9
"avg:workflow_execution.avg{*}",workflowname:travel_booking_segregated_saga_wf,2025-01-21T03:53:00.000Z,1150119.63
"avg:workflow_execution.avg{*}",workflowname:travel_booking_segregated_saga_wf,2025-01-21T03:53:10.000Z,1155269.046667
"avg:workflow_execution.avg{*}",workflowname:travel_booking_segregated_saga_wf,2025-01-21T03:53:20.000Z,1391332.745833
"avg:workflow_execution.avg{*}",workflowname:travel_booking_segregated_saga_wf,2025-01-21T03:53:30.000Z,1631003.564286
"avg:workflow_execution.avg{*}",workflowname:travel_booking_segregated_saga_wf,2025-01-21T03:53:40.000Z,1403300.32
"avg:workflow_execution.avg{*}",workflowname:travel_booking_segregated_saga_wf,2025-01-21T03:53:50.000Z,1410339
"avg:workflow_execution.avg{*}",workflowname:travel_booking_segregated_saga_wf,2025-01-21T03:54:00.000Z,1180269.975
"avg:workflow_execution.avg{*}",workflowname:travel_booking_segregated_saga_wf,2025-01-21T03:54:10.000Z,1659121.341667
"avg:workflow_execution.avg{*}",workflowname:travel_booking_segregated_saga_wf,2025-01-21T03:54:20.000Z,1189444.640476
"avg:workflow_execution.avg{*}",workflowname:travel_booking_segregated_saga_wf,2025-01-21T03:54:30.000Z,1672575.293333
"avg:workflow_execution.avg{*}",workflowname:travel_booking_segregated_saga_wf,2025-01-21T03:54:40.000Z,1199108.175
"avg:workflow_execution.avg{*}",workflowname:travel_booking_segregated_saga_wf,2025-01-21T03:54:50.000Z,1445386.051667
"avg:workflow_execution.avg{*}",workflowname:travel_booking_segregated_saga_wf,2025-01-21T03:55:00.000Z,1208875.4
"avg:workflow_execution.avg{*}",workflowname:travel_booking_segregated_saga_wf,2025-01-21T03:55:10.000Z,1700033.977273
"avg:workflow_execution.avg{*}",workflowname:travel_booking_segregated_saga_wf,2025-01-21T03:55:20.000Z,975267.32
"avg:workflow_execution.avg{*}",workflowname:travel_booking_segregated_saga_wf,2025-01-21T03:55:30.000Z,1959291.85
"avg:workflow_execution.avg{*}",workflowname:travel_booking_segregated_saga_wf,2025-01-21T03:55:40.000Z,1474877.05
"avg:workflow_execution.avg{*}",workflowname:travel_booking_segregated_saga_wf,2025-01-21T03:55:50.000Z,1481487.15
"avg:workflow_execution.avg{*}",workflowname:travel_booking_segregated_saga_wf,2025-01-21T03:56:00.000Z,1239362.716667
"avg:workflow_execution.avg{*}",workflowname:travel_booking_segregated_saga_wf,2025-01-21T03:56:10.000Z,1741855.663333
"avg:workflow_execution.avg{*}",workflowname:travel_booking_segregated_saga_wf,2025-01-21T03:56:20.000Z,1249620.15
"avg:workflow_execution.avg{*}",workflowname:travel_booking_segregated_saga_wf,2025-01-21T03:56:30.000Z,1504753.466667
"avg:workflow_execution.avg{*}",workflowname:travel_booking_segregated_saga_wf,2025-01-21T03:56:40.000Z,1763494.355
"avg:workflow_execution.avg{*}",workflowname:travel_booking_segregated_saga_wf,2025-01-21T03:56:50.000Z,1264352.145
"avg:workflow_execution.avg{*}",workflowname:travel_booking_segregated_saga_wf,2025-01-21T03:57:00.000Z,1523781.658333
"avg:workflow_execution.avg{*}",workflowname:travel_booking_segregated_saga_wf,2025-01-21T03:57:10.000Z,1529345.341667
"avg:workflow_execution.avg{*}",workflowname:travel_booking_segregated_saga_wf,2025-01-21T03:57:20.000Z,2046418.383333
"avg:workflow_execution.avg{*}",workflowname:travel_booking_segregated_saga_wf,2025-01-21T03:57:30.000Z,1796877.36
"avg:workflow_execution.avg{*}",workflowname:travel_booking_segregated_saga_wf,2025-01-21T03:57:40.000Z,1030929.978571
"avg:workflow_execution.avg{*}",workflowname:travel_booking_segregated_saga_wf,2025-01-21T03:57:50.000Z,1553126.341667
"avg:workflow_execution.avg{*}",workflowname:travel_booking_segregated_saga_wf,2025-01-21T03:58:00.000Z,1558303.1
"avg:workflow_execution.avg{*}",workflowname:travel_booking_segregated_saga_wf,2025-01-21T03:58:10.000Z,2085785.42619
"avg:workflow_execution.avg{*}",workflowname:travel_booking_segregated_saga_wf,2025-01-21T03:58:20.000Z,1832664.716667
"avg:workflow_execution.avg{*}",workflowname:travel_booking_segregated_saga_wf,2025-01-21T03:58:30.000Z,2102466.056667
"avg:workflow_execution.avg{*}",workflowname:travel_booking_segregated_saga_wf,2025-01-21T03:58:40.000Z,1582112.223246
"avg:workflow_execution.avg{*}",workflowname:travel_booking_segregated_saga_wf,2025-01-21T03:58:50.000Z,2118369.607035
"avg:workflow_execution.avg{*}",workflowname:travel_booking_segregated_saga_wf,2025-01-21T03:59:00.000Z,1328626.057143
"avg:workflow_execution.avg{*}",workflowname:travel_booking_segregated_saga_wf,2025-01-21T03:59:10.000Z,1333077.687751
"avg:workflow_execution.avg{*}",workflowname:travel_booking_segregated_saga_wf,2025-01-21T03:59:20.000Z,0
"avg:workflow_execution.avg{*}",workflowname:travel_booking_segregated_saga_wf,2025-01-21T03:59:30.000Z,0
"avg:workflow_execution.avg{*}",workflowname:travel_booking_segregated_saga_wf,2025-01-21T03:59:40.000Z,0
"avg:workflow_execution.avg{*}",workflowname:travel_booking_workflow,2025-01-21T03:13:10.000Z,0
"avg:workflow_execution.avg{*}",workflowname:travel_booking_workflow,2025-01-21T03:13:20.000Z,0
"avg:workflow_execution.avg{*}",workflowname:travel_booking_workflow,2025-01-21T03:13:30.000Z,0
"avg:workflow_execution.avg{*}",workflowname:travel_booking_workflow,2025-01-21T03:13:40.000Z,0
"avg:workflow_execution.avg{*}",workflowname:travel_booking_workflow,2025-01-21T03:13:50.000Z,0
"avg:workflow_execution.avg{*}",workflowname:travel_booking_workflow,2025-01-21T03:14:00.000Z,0
"avg:workflow_execution.avg{*}",workflowname:travel_booking_workflow,2025-01-21T03:14:10.000Z,0
"avg:workflow_execution.avg{*}",workflowname:travel_booking_workflow,2025-01-21T03:14:20.000Z,0
"avg:workflow_execution.avg{*}",workflowname:travel_booking_workflow,2025-01-21T03:14:30.000Z,2941.3
"avg:workflow_execution.avg{*}",workflowname:travel_booking_workflow,2025-01-21T03:14:40.000Z,14551.066667
"avg:workflow_execution.avg{*}",workflowname:travel_booking_workflow,2025-01-21T03:14:50.000Z,14943.05
"avg:workflow_execution.avg{*}",workflowname:travel_booking_workflow,2025-01-21T03:15:00.000Z,23814.8
"avg:workflow_execution.avg{*}",workflowname:travel_booking_workflow,2025-01-21T03:15:10.000Z,39621.425
"avg:workflow_execution.avg{*}",workflowname:travel_booking_workflow,2025-01-21T03:15:20.000Z,35854.356667
"avg:workflow_execution.avg{*}",workflowname:travel_booking_workflow,2025-01-21T03:15:30.000Z,42412.571111
"avg:workflow_execution.avg{*}",workflowname:travel_booking_workflow,2025-01-21T03:15:40.000Z,48284
"avg:workflow_execution.avg{*}",workflowname:travel_booking_workflow,2025-01-21T03:15:50.000Z,71641.65
"avg:workflow_execution.avg{*}",workflowname:travel_booking_workflow,2025-01-21T03:16:00.000Z,89185.666667
"avg:workflow_execution.avg{*}",workflowname:travel_booking_workflow,2025-01-21T03:16:10.000Z,76351.040476
"avg:workflow_execution.avg{*}",workflowname:travel_booking_workflow,2025-01-21T03:16:20.000Z,60318.261667
"avg:workflow_execution.avg{*}",workflowname:travel_booking_workflow,2025-01-21T03:16:30.000Z,78265.716667
"avg:workflow_execution.avg{*}",workflowname:travel_booking_workflow,2025-01-21T03:16:40.000Z,111329.611429
"avg:workflow_execution.avg{*}",workflowname:travel_booking_workflow,2025-01-21T03:16:50.000Z,75378.65
"avg:workflow_execution.avg{*}",workflowname:travel_booking_workflow,2025-01-21T03:17:00.000Z,79973.25
"avg:workflow_execution.avg{*}",workflowname:travel_booking_workflow,2025-01-21T03:17:10.000Z,101621.011905
"avg:workflow_execution.avg{*}",workflowname:travel_booking_workflow,2025-01-21T03:17:20.000Z,106945.5
"avg:workflow_execution.avg{*}",workflowname:travel_booking_workflow,2025-01-21T03:17:30.000Z,113198.8
"avg:workflow_execution.avg{*}",workflowname:travel_booking_workflow,2025-01-21T03:17:40.000Z,118933.275
"avg:workflow_execution.avg{*}",workflowname:travel_booking_workflow,2025-01-21T03:17:50.000Z,83599.05
"avg:workflow_execution.avg{*}",workflowname:travel_booking_workflow,2025-01-21T03:18:00.000Z,175389.616667
"avg:workflow_execution.avg{*}",workflowname:travel_booking_workflow,2025-01-21T03:18:10.000Z,136319.35
"avg:workflow_execution.avg{*}",workflowname:travel_booking_workflow,2025-01-21T03:18:20.000Z,166914.757143
"avg:workflow_execution.avg{*}",workflowname:travel_booking_workflow,2025-01-21T03:18:30.000Z,173815.733333
"avg:workflow_execution.avg{*}",workflowname:travel_booking_workflow,2025-01-21T03:18:40.000Z,232722.28
"avg:workflow_execution.avg{*}",workflowname:travel_booking_workflow,2025-01-21T03:18:50.000Z,107097.75
"avg:workflow_execution.avg{*}",workflowname:travel_booking_workflow,2025-01-21T03:19:00.000Z,194622.585714
"avg:workflow_execution.avg{*}",workflowname:travel_booking_workflow,2025-01-21T03:19:10.000Z,201328.486667
"avg:workflow_execution.avg{*}",workflowname:travel_booking_workflow,2025-01-21T03:19:20.000Z,149930.733333
"avg:workflow_execution.avg{*}",workflowname:travel_booking_workflow,2025-01-21T03:19:30.000Z,154628.2
"avg:workflow_execution.avg{*}",workflowname:travel_booking_workflow,2025-01-21T03:19:40.000Z,190400.816667
"avg:workflow_execution.avg{*}",workflowname:travel_booking_workflow,2025-01-21T03:19:50.000Z,229846.1
"avg:workflow_execution.avg{*}",workflowname:travel_booking_workflow,2025-01-21T03:20:00.000Z,270220.743651
"avg:workflow_execution.avg{*}",workflowname:travel_booking_workflow,2025-01-21T03:20:10.000Z,277689.23
"avg:workflow_execution.avg{*}",workflowname:travel_booking_workflow,2025-01-21T03:20:20.000Z,250515.35
"avg:workflow_execution.avg{*}",workflowname:travel_booking_workflow,2025-01-21T03:20:30.000Z,184303.05
"avg:workflow_execution.avg{*}",workflowname:travel_booking_workflow,2025-01-21T03:20:40.000Z,226725.833333
"avg:workflow_execution.avg{*}",workflowname:travel_booking_workflow,2025-01-21T03:20:50.000Z,270821.3
"avg:workflow_execution.avg{*}",workflowname:travel_booking_workflow,2025-01-21T03:21:00.000Z,237973.928095
"avg:workflow_execution.avg{*}",workflowname:travel_booking_workflow,2025-01-21T03:21:10.000Z,325895.675
"avg:workflow_execution.avg{*}",workflowname:travel_booking_workflow,2025-01-21T03:21:20.000Z,250175.133333
"avg:workflow_execution.avg{*}",workflowname:travel_booking_workflow,2025-01-21T03:21:30.000Z,256230.775
"avg:workflow_execution.avg{*}",workflowname:travel_booking_workflow,2025-01-21T03:21:40.000Z,305713.816667
"avg:workflow_execution.avg{*}",workflowname:travel_booking_workflow,2025-01-21T03:21:50.000Z,267889.6
"avg:workflow_execution.avg{*}",workflowname:travel_booking_workflow,2025-01-21T03:22:00.000Z,274595.25
"avg:workflow_execution.avg{*}",workflowname:travel_booking_workflow,2025-01-21T03:22:10.000Z,233321.666667
"avg:workflow_execution.avg{*}",workflowname:travel_booking_workflow,2025-01-21T03:22:20.000Z,334471.98
"avg:workflow_execution.avg{*}",workflowname:travel_booking_workflow,2025-01-21T03:22:30.000Z,195440.65
"avg:workflow_execution.avg{*}",workflowname:travel_booking_workflow,2025-01-21T03:22:40.000Z,298340.95
"avg:workflow_execution.avg{*}",workflowname:travel_booking_workflow,2025-01-21T03:22:50.000Z,253711.433333
"avg:workflow_execution.avg{*}",workflowname:travel_booking_workflow,2025-01-21T03:23:00.000Z,206542.566667
"avg:workflow_execution.avg{*}",workflowname:travel_booking_workflow,2025-01-21T03:23:10.000Z,157419.728571
"avg:workflow_execution.avg{*}",workflowname:travel_booking_workflow,2025-01-21T03:23:20.000Z,374436.6
"avg:workflow_execution.avg{*}",workflowname:travel_booking_workflow,2025-01-21T03:23:30.000Z,272671.016667
"avg:workflow_execution.avg{*}",workflowname:travel_booking_workflow,2025-01-21T03:23:40.000Z,389431.858333
"avg:workflow_execution.avg{*}",workflowname:travel_booking_workflow,2025-01-21T03:23:50.000Z,453049.42
"avg:workflow_execution.avg{*}",workflowname:travel_booking_workflow,2025-01-21T03:24:00.000Z,230981.85
"avg:workflow_execution.avg{*}",workflowname:travel_booking_workflow,2025-01-21T03:24:10.000Z,292677.0125
"avg:workflow_execution.avg{*}",workflowname:travel_booking_workflow,2025-01-21T03:24:20.000Z,238227.641667
"avg:workflow_execution.avg{*}",workflowname:travel_booking_workflow,2025-01-21T03:24:30.000Z,423921.225
"avg:workflow_execution.avg{*}",workflowname:travel_booking_workflow,2025-01-21T03:24:40.000Z,430608.57
"avg:workflow_execution.avg{*}",workflowname:travel_booking_workflow,2025-01-21T03:24:50.000Z,437819.625
"avg:workflow_execution.avg{*}",workflowname:travel_booking_workflow,2025-01-21T03:25:00.000Z,380717.95
"avg:workflow_execution.avg{*}",workflowname:travel_booking_workflow,2025-01-21T03:25:10.000Z,257941.56
"avg:workflow_execution.avg{*}",workflowname:travel_booking_workflow,2025-01-21T03:25:20.000Z,522957.214286
"avg:workflow_execution.avg{*}",workflowname:travel_booking_workflow,2025-01-21T03:25:30.000Z,465686.6
"avg:workflow_execution.avg{*}",workflowname:travel_booking_workflow,2025-01-21T03:25:40.000Z,471991.05
"avg:workflow_execution.avg{*}",workflowname:travel_booking_workflow,2025-01-21T03:25:50.000Z,479431.95
"avg:workflow_execution.avg{*}",workflowname:travel_booking_workflow,2025-01-21T03:26:00.000Z,416583.166667
"avg:workflow_execution.avg{*}",workflowname:travel_booking_workflow,2025-01-21T03:26:10.000Z,493161.388571
"avg:workflow_execution.avg{*}",workflowname:travel_booking_workflow,2025-01-21T03:26:20.000Z,499981.9
"avg:workflow_execution.avg{*}",workflowname:travel_booking_workflow,2025-01-21T03:26:30.000Z,361946.166667
"avg:workflow_execution.avg{*}",workflowname:travel_booking_workflow,2025-01-21T03:26:40.000Z,366506.8
"avg:workflow_execution.avg{*}",workflowname:travel_booking_workflow,2025-01-21T03:26:50.000Z,446442.9375
"avg:workflow_execution.avg{*}",workflowname:travel_booking_workflow,2025-01-21T03:27:00.000Z,453044.9
"avg:workflow_execution.avg{*}",workflowname:travel_booking_workflow,2025-01-21T03:27:10.000Z,382126
"avg:workflow_execution.avg{*}",workflowname:travel_booking_workflow,2025-01-21T03:27:20.000Z,618476.8
"avg:workflow_execution.avg{*}",workflowname:travel_booking_workflow,2025-01-21T03:27:30.000Z,391503.45
"avg:workflow_execution.avg{*}",workflowname:travel_booking_workflow,2025-01-21T03:27:40.000Z,475706.058333
"avg:workflow_execution.avg{*}",workflowname:travel_booking_workflow,2025-01-21T03:27:50.000Z,481328.541667
"avg:workflow_execution.avg{*}",workflowname:travel_booking_workflow,2025-01-21T03:28:00.000Z,487623.871429
"avg:workflow_execution.avg{*}",workflowname:travel_booking_workflow,2025-01-21T03:28:10.000Z,493476.983333
"avg:workflow_execution.avg{*}",workflowname:travel_booking_workflow,2025-01-21T03:28:20.000Z,333068.545833
"avg:workflow_execution.avg{*}",workflowname:travel_booking_workflow,2025-01-21T03:28:30.000Z,505764.783333
"avg:workflow_execution.avg{*}",workflowname:travel_booking_workflow,2025-01-21T03:28:40.000Z,597005.435
"avg:workflow_execution.avg{*}",workflowname:travel_booking_workflow,2025-01-21T03:28:50.000Z,603368.1
"avg:workflow_execution.avg{*}",workflowname:travel_booking_workflow,2025-01-21T03:29:00.000Z,348615.533333
"avg:workflow_execution.avg{*}",workflowname:travel_booking_workflow,2025-01-21T03:29:10.000Z,529539.825
"avg:workflow_execution.avg{*}",workflowname:travel_booking_workflow,2025-01-21T03:29:20.000Z,535639.066667
"avg:workflow_execution.avg{*}",workflowname:travel_booking_workflow,2025-01-21T03:29:30.000Z,541823.391667
"avg:workflow_execution.avg{*}",workflowname:travel_booking_workflow,2025-01-21T03:29:40.000Z,456579.15
"avg:workflow_execution.avg{*}",workflowname:travel_booking_workflow,2025-01-21T03:29:50.000Z,368935.266667
"avg:workflow_execution.avg{*}",workflowname:travel_booking_workflow,2025-01-21T03:30:00.000Z,558528.833333
"avg:workflow_execution.avg{*}",workflowname:travel_booking_workflow,2025-01-21T03:30:10.000Z,565016.75
"avg:workflow_execution.avg{*}",workflowname:travel_booking_workflow,2025-01-21T03:30:20.000Z,760974.608333
"avg:workflow_execution.avg{*}",workflowname:travel_booking_workflow,2025-01-21T03:30:30.000Z,577109.7
"avg:workflow_execution.avg{*}",workflowname:travel_booking_workflow,2025-01-21T03:30:40.000Z,679971.385714
"avg:workflow_execution.avg{*}",workflowname:travel_booking_workflow,2025-01-21T03:30:50.000Z,687053.154167
"avg:workflow_execution.avg{*}",workflowname:travel_booking_workflow,2025-01-21T03:31:00.000Z,594688.766667
"avg:workflow_execution.avg{*}",workflowname:travel_booking_workflow,2025-01-21T03:31:10.000Z,701430.84
"avg:workflow_execution.avg{*}",workflowname:travel_booking_workflow,2025-01-21T03:31:20.000Z,606697.25
"avg:workflow_execution.avg{*}",workflowname:travel_booking_workflow,2025-01-21T03:31:30.000Z,612440.483333
"avg:workflow_execution.avg{*}",workflowname:travel_booking_workflow,2025-01-21T03:31:40.000Z,1030754.933333
"avg:workflow_execution.avg{*}",workflowname:travel_booking_workflow,2025-01-21T03:31:50.000Z,520659.106667
"avg:workflow_execution.avg{*}",workflowname:travel_booking_workflow,2025-01-21T03:32:00.000Z,735537.043333
"avg:workflow_execution.avg{*}",workflowname:travel_booking_workflow,2025-01-21T03:32:10.000Z,742958.05
"avg:workflow_execution.avg{*}",workflowname:travel_booking_workflow,2025-01-21T03:32:20.000Z,749950.675
"avg:workflow_execution.avg{*}",workflowname:travel_booking_workflow,2025-01-21T03:32:30.000Z,647984.452381
"avg:workflow_execution.avg{*}",workflowname:travel_booking_workflow,2025-01-21T03:32:40.000Z,654250.07
"avg:workflow_execution.avg{*}",workflowname:travel_booking_workflow,2025-01-21T03:32:50.000Z,880262.675
"avg:workflow_execution.avg{*}",workflowname:travel_booking_workflow,2025-01-21T03:33:00.000Z,999435.541667
"avg:workflow_execution.avg{*}",workflowname:travel_booking_workflow,2025-01-21T03:33:10.000Z,671986.89
"avg:workflow_execution.avg{*}",workflowname:travel_booking_workflow,2025-01-21T03:33:20.000Z,790184.716667
"avg:workflow_execution.avg{*}",workflowname:travel_booking_workflow,2025-01-21T03:33:30.000Z,911291.375
"avg:workflow_execution.avg{*}",workflowname:travel_booking_workflow,2025-01-21T03:33:40.000Z,574825.883333
"avg:workflow_execution.avg{*}",workflowname:travel_booking_workflow,2025-01-21T03:33:50.000Z,464163.383333
"avg:workflow_execution.avg{*}",workflowname:travel_booking_workflow,2025-01-21T03:34:00.000Z,701137.8
"avg:workflow_execution.avg{*}",workflowname:travel_booking_workflow,2025-01-21T03:34:10.000Z,825414.763333
"avg:workflow_execution.avg{*}",workflowname:travel_booking_workflow,2025-01-21T03:34:20.000Z,713135.4
"avg:workflow_execution.avg{*}",workflowname:travel_booking_workflow,2025-01-21T03:34:30.000Z,838952.05
"avg:workflow_execution.avg{*}",workflowname:travel_booking_workflow,2025-01-21T03:34:40.000Z,725775.706667
"avg:workflow_execution.avg{*}",workflowname:travel_booking_workflow,2025-01-21T03:34:50.000Z,609304.5
"avg:workflow_execution.avg{*}",workflowname:travel_booking_workflow,2025-01-21T03:35:00.000Z,859983.12
"avg:workflow_execution.avg{*}",workflowname:travel_booking_workflow,2025-01-21T03:35:10.000Z,990489.866667
"avg:workflow_execution.avg{*}",workflowname:travel_booking_workflow,2025-01-21T03:35:20.000Z,749041.875
"avg:workflow_execution.avg{*}",workflowname:travel_booking_workflow,2025-01-21T03:35:30.000Z,754600.05
"avg:workflow_execution.avg{*}",workflowname:travel_booking_workflow,2025-01-21T03:35:40.000Z,760595.75
"avg:workflow_execution.avg{*}",workflowname:travel_booking_workflow,2025-01-21T03:35:50.000Z,1023023.593333
"avg:workflow_execution.avg{*}",workflowname:travel_booking_workflow,2025-01-21T03:36:00.000Z,643614.775
"avg:workflow_execution.avg{*}",workflowname:travel_booking_workflow,2025-01-21T03:36:10.000Z,778719.396429
"avg:workflow_execution.avg{*}",workflowname:travel_booking_workflow,2025-01-21T03:36:20.000Z,1046491.310606
"avg:workflow_execution.avg{*}",workflowname:travel_booking_workflow,2025-01-21T03:36:30.000Z,1054717.6
"avg:workflow_execution.avg{*}",workflowname:travel_booking_workflow,2025-01-21T03:36:40.000Z,1062781.081818
"avg:workflow_execution.avg{*}",workflowname:travel_booking_workflow,2025-01-21T03:36:50.000Z,802721.152381
"avg:workflow_execution.avg{*}",workflowname:travel_booking_workflow,2025-01-21T03:37:00.000Z,1077875.266667
"avg:workflow_execution.avg{*}",workflowname:travel_booking_workflow,2025-01-21T03:37:10.000Z,949454.086667
"avg:workflow_execution.avg{*}",workflowname:travel_booking_workflow,2025-01-21T03:37:20.000Z,957376.11
"avg:workflow_execution.avg{*}",workflowname:travel_booking_workflow,2025-01-21T03:37:30.000Z,1101915.316667
"avg:workflow_execution.avg{*}",workflowname:travel_booking_workflow,2025-01-21T03:37:40.000Z,1110294.6
"avg:workflow_execution.avg{*}",workflowname:travel_booking_workflow,2025-01-21T03:37:50.000Z,838456.45
"avg:workflow_execution.avg{*}",workflowname:travel_booking_workflow,2025-01-21T03:38:00.000Z,704000.6375
"avg:workflow_execution.avg{*}",workflowname:travel_booking_workflow,2025-01-21T03:38:10.000Z,709236.625
"avg:workflow_execution.avg{*}",workflowname:travel_booking_workflow,2025-01-21T03:38:20.000Z,570973.262121
"avg:workflow_execution.avg{*}",workflowname:travel_booking_workflow,2025-01-21T03:38:30.000Z,718629.616667
"avg:workflow_execution.avg{*}",workflowname:travel_booking_workflow,2025-01-21T03:38:40.000Z,868203.93
"avg:workflow_execution.avg{*}",workflowname:travel_booking_workflow,2025-01-21T03:38:50.000Z,727994.913333
"avg:workflow_execution.avg{*}",workflowname:travel_booking_workflow,2025-01-21T03:39:00.000Z,733221.216667
"avg:workflow_execution.avg{*}",workflowname:travel_booking_workflow,2025-01-21T03:39:10.000Z,1033752.925
"avg:workflow_execution.avg{*}",workflowname:travel_booking_workflow,2025-01-21T03:39:20.000Z,891576.2
"avg:workflow_execution.avg{*}",workflowname:travel_booking_workflow,2025-01-21T03:39:30.000Z,747815.136667
"avg:workflow_execution.avg{*}",workflowname:travel_booking_workflow,2025-01-21T03:39:40.000Z,904284.654762
"avg:workflow_execution.avg{*}",workflowname:travel_booking_workflow,2025-01-21T03:39:50.000Z,1061619.7
"avg:workflow_execution.avg{*}",workflowname:travel_booking_workflow,2025-01-21T03:40:00.000Z,763046.464286
"avg:workflow_execution.avg{*}",workflowname:travel_booking_workflow,2025-01-21T03:40:10.000Z,1075375.36
"avg:workflow_execution.avg{*}",workflowname:travel_booking_workflow,2025-01-21T03:40:20.000Z,773310.342857
"avg:workflow_execution.avg{*}",workflowname:travel_booking_workflow,2025-01-21T03:40:30.000Z,778122.293333
"avg:workflow_execution.avg{*}",workflowname:travel_booking_workflow,2025-01-21T03:40:40.000Z,1096789.075
"avg:workflow_execution.avg{*}",workflowname:travel_booking_workflow,2025-01-21T03:40:50.000Z,630309.947619
"avg:workflow_execution.avg{*}",workflowname:travel_booking_workflow,2025-01-21T03:41:00.000Z,1111081.146154
"avg:workflow_execution.avg{*}",workflowname:travel_booking_workflow,2025-01-21T03:41:10.000Z,637808.661905
"avg:workflow_execution.avg{*}",workflowname:travel_booking_workflow,2025-01-21T03:41:20.000Z,1124145.447619
"avg:workflow_execution.avg{*}",workflowname:travel_booking_workflow,2025-01-21T03:41:30.000Z,1131240.878788
"avg:workflow_execution.avg{*}",workflowname:travel_booking_workflow,2025-01-21T03:41:40.000Z,1300833.283333
"avg:workflow_execution.avg{*}",workflowname:travel_booking_workflow,2025-01-21T03:41:50.000Z,1144899.275
"avg:workflow_execution.avg{*}",workflowname:travel_booking_workflow,2025-01-21T03:42:00.000Z,657924.1
"avg:workflow_execution.avg{*}",workflowname:travel_booking_workflow,2025-01-21T03:42:10.000Z,1158842.95
"avg:workflow_execution.avg{*}",workflowname:travel_booking_workflow,2025-01-21T03:42:20.000Z,1332658.816667
"avg:workflow_execution.avg{*}",workflowname:travel_booking_workflow,2025-01-21T03:42:30.000Z,1172807.03
"avg:workflow_execution.avg{*}",workflowname:travel_booking_workflow,2025-01-21T03:42:40.000Z,1179285.11
"avg:workflow_execution.avg{*}",workflowname:travel_booking_workflow,2025-01-21T03:42:50.000Z,677959.375
"avg:workflow_execution.avg{*}",workflowname:travel_booking_workflow,2025-01-21T03:43:00.000Z,852737.203333
"avg:workflow_execution.avg{*}",workflowname:travel_booking_workflow,2025-01-21T03:43:10.000Z,856523.31
"avg:workflow_execution.avg{*}",workflowname:travel_booking_workflow,2025-01-21T03:43:20.000Z,517425
"avg:workflow_execution.avg{*}",workflowname:travel_booking_workflow,2025-01-21T03:43:30.000Z,1040903.508333
"avg:workflow_execution.avg{*}",workflowname:travel_booking_workflow,2025-01-21T03:43:40.000Z,1395635.027143
"avg:workflow_execution.avg{*}",workflowname:travel_booking_workflow,2025-01-21T03:43:50.000Z,1052894.8
"avg:workflow_execution.avg{*}",workflowname:travel_booking_workflow,2025-01-21T03:44:00.000Z,1058675.207143
"avg:workflow_execution.avg{*}",workflowname:travel_booking_workflow,2025-01-21T03:44:10.000Z,1419767.43359
"avg:workflow_execution.avg{*}",workflowname:travel_booking_workflow,2025-01-21T03:44:20.000Z,1426972.5625
"avg:workflow_execution.avg{*}",workflowname:travel_booking_workflow,2025-01-21T03:44:30.000Z,1435039.073333
"avg:workflow_execution.avg{*}",workflowname:travel_booking_workflow,2025-01-21T03:44:40.000Z,1443237.233333
"avg:workflow_execution.avg{*}",workflowname:travel_booking_workflow,2025-01-21T03:44:50.000Z,1269322.6
"avg:workflow_execution.avg{*}",workflowname:travel_booking_workflow,2025-01-21T03:45:00.000Z,1276486.133333
"avg:workflow_execution.avg{*}",workflowname:travel_booking_workflow,2025-01-21T03:45:10.000Z,733722.133333
"avg:workflow_execution.avg{*}",workflowname:travel_booking_workflow,2025-01-21T03:45:20.000Z,1289694.25
"avg:workflow_execution.avg{*}",workflowname:travel_booking_workflow,2025-01-21T03:45:30.000Z,1297593.6
"avg:workflow_execution.avg{*}",workflowname:travel_booking_workflow,2025-01-21T03:45:40.000Z,1304305.4
"avg:workflow_execution.avg{*}",workflowname:travel_booking_workflow,2025-01-21T03:45:50.000Z,936683.92619
"avg:workflow_execution.avg{*}",workflowname:travel_booking_workflow,2025-01-21T03:46:00.000Z,941790.535714
"avg:workflow_execution.avg{*}",workflowname:travel_booking_workflow,2025-01-21T03:46:10.000Z,1703813.325
"avg:workflow_execution.avg{*}",workflowname:travel_booking_workflow,2025-01-21T03:46:20.000Z,1332236.05
"avg:workflow_execution.avg{*}",workflowname:travel_booking_workflow,2025-01-21T03:46:30.000Z,1530407.35
"avg:workflow_execution.avg{*}",workflowname:travel_booking_workflow,2025-01-21T03:46:40.000Z,1345518.685
"avg:workflow_execution.avg{*}",workflowname:travel_booking_workflow,2025-01-21T03:46:50.000Z,1159646.541667
"avg:workflow_execution.avg{*}",workflowname:travel_booking_workflow,2025-01-21T03:47:00.000Z,1359527.733333
"avg:workflow_execution.avg{*}",workflowname:travel_booking_workflow,2025-01-21T03:47:10.000Z,1366074.345833
"avg:workflow_execution.avg{*}",workflowname:travel_booking_workflow,2025-01-21T03:47:20.000Z,1177163.069048
"avg:workflow_execution.avg{*}",workflowname:travel_booking_workflow,2025-01-21T03:47:30.000Z,1182640.326667
"avg:workflow_execution.avg{*}",workflowname:travel_booking_workflow,2025-01-21T03:47:40.000Z,1188702.1
"avg:workflow_execution.avg{*}",workflowname:travel_booking_workflow,2025-01-21T03:47:50.000Z,1394463.072222
"avg:workflow_execution.avg{*}",workflowname:travel_booking_workflow,2025-01-21T03:48:00.000Z,1401897.283333
"avg:workflow_execution.avg{*}",workflowname:travel_booking_workflow,2025-01-21T03:48:10.000Z,1609233.7
"avg:workflow_execution.avg{*}",workflowname:travel_booking_workflow,2025-01-21T03:48:20.000Z,1416034.725
"avg:workflow_execution.avg{*}",workflowname:travel_booking_workflow,2025-01-21T03:48:30.000Z,1422493.07
"avg:workflow_execution.avg{*}",workflowname:travel_booking_workflow,2025-01-21T03:48:40.000Z,1224403.733333
"avg:workflow_execution.avg{*}",workflowname:travel_booking_workflow,2025-01-21T03:48:50.000Z,1435467.35
"avg:workflow_execution.avg{*}",workflowname:travel_booking_workflow,2025-01-21T03:49:00.000Z,1031345.143333
"avg:workflow_execution.avg{*}",workflowname:travel_booking_workflow,2025-01-21T03:49:10.000Z,1657079.888333
"avg:workflow_execution.avg{*}",workflowname:travel_booking_workflow,2025-01-21T03:49:20.000Z,1456997.864286
"avg:workflow_execution.avg{*}",workflowname:travel_booking_workflow,2025-01-21T03:49:30.000Z,1464658.8
"avg:workflow_execution.avg{*}",workflowname:travel_booking_workflow,2025-01-21T03:49:40.000Z,840754.120714
"avg:workflow_execution.avg{*}",workflowname:travel_booking_workflow,2025-01-21T03:49:50.000Z,1477944.041667
"avg:workflow_execution.avg{*}",workflowname:travel_booking_workflow,2025-01-21T03:50:00.000Z,1697436.388571
"avg:workflow_execution.avg{*}",workflowname:travel_booking_workflow,2025-01-21T03:50:10.000Z,1278122.225
"avg:workflow_execution.avg{*}",workflowname:travel_booking_workflow,2025-01-21T03:50:20.000Z,1712911.55
"avg:workflow_execution.avg{*}",workflowname:travel_booking_workflow,2025-01-21T03:50:30.000Z,1075192.976667
"avg:workflow_execution.avg{*}",workflowname:travel_booking_workflow,2025-01-21T03:50:40.000Z,1296508.2
"avg:workflow_execution.avg{*}",workflowname:travel_booking_workflow,2025-01-21T03:50:50.000Z,1518842.733333
"avg:workflow_execution.avg{*}",workflowname:travel_booking_workflow,2025-01-21T03:51:00.000Z,1962290.899286
"avg:workflow_execution.avg{*}",workflowname:travel_booking_workflow,2025-01-21T03:51:10.000Z,1314628.246667
"avg:workflow_execution.avg{*}",workflowname:travel_booking_workflow,2025-01-21T03:51:20.000Z,1760383.4
"avg:workflow_execution.avg{*}",workflowname:travel_booking_workflow,2025-01-21T03:51:30.000Z,1326922.35
"avg:workflow_execution.avg{*}",workflowname:travel_booking_workflow,2025-01-21T03:51:40.000Z,1554286.25
"avg:workflow_execution.avg{*}",workflowname:travel_booking_workflow,2025-01-21T03:51:50.000Z,1338673.070238
"avg:workflow_execution.avg{*}",workflowname:travel_booking_workflow,2025-01-21T03:52:00.000Z,1568182.0875
"avg:workflow_execution.avg{*}",workflowname:travel_booking_workflow,2025-01-21T03:52:10.000Z,1350288.23
"avg:workflow_execution.avg{*}",workflowname:travel_booking_workflow,2025-01-21T03:52:20.000Z,1355532.433333
"avg:workflow_execution.avg{*}",workflowname:travel_booking_workflow,2025-01-21T03:52:30.000Z,1588330.99
"avg:workflow_execution.avg{*}",workflowname:travel_booking_workflow,2025-01-21T03:52:40.000Z,2051606.056818
"avg:workflow_execution.avg{*}",workflowname:travel_booking_workflow,2025-01-21T03:52:50.000Z,1144479.975
"avg:workflow_execution.avg{*}",workflowname:travel_booking_workflow,2025-01-21T03:53:00.000Z,1610570.736667
"avg:workflow_execution.avg{*}",workflowname:travel_booking_workflow,2025-01-21T03:53:10.000Z,1847922.778571
"avg:workflow_execution.avg{*}",workflowname:travel_booking_workflow,2025-01-21T03:53:20.000Z,1391413.76
"avg:workflow_execution.avg{*}",workflowname:travel_booking_workflow,2025-01-21T03:53:30.000Z,1164735.485714
"avg:workflow_execution.avg{*}",workflowname:travel_booking_workflow,2025-01-21T03:53:40.000Z,1168813.206667
"avg:workflow_execution.avg{*}",workflowname:travel_booking_workflow,2025-01-21T03:53:50.000Z,939631.2
"avg:workflow_execution.avg{*}",workflowname:travel_booking_workflow,2025-01-21T03:54:00.000Z,1180204.525
"avg:workflow_execution.avg{*}",workflowname:travel_booking_workflow,2025-01-21T03:54:10.000Z,947621.516667
"avg:workflow_execution.avg{*}",workflowname:travel_booking_workflow,2025-01-21T03:54:20.000Z,951561.885714
"avg:workflow_execution.avg{*}",workflowname:travel_booking_workflow,2025-01-21T03:54:30.000Z,1672065.025
"avg:workflow_execution.avg{*}",workflowname:travel_booking_workflow,2025-01-21T03:54:40.000Z,1439309.002778
"avg:workflow_execution.avg{*}",workflowname:travel_booking_workflow,2025-01-21T03:54:50.000Z,1204511.588333
"avg:workflow_execution.avg{*}",workflowname:travel_booking_workflow,2025-01-21T03:55:00.000Z,1451358.3
"avg:workflow_execution.avg{*}",workflowname:travel_booking_workflow,2025-01-21T03:55:10.000Z,1457789.1
"avg:workflow_execution.avg{*}",workflowname:travel_booking_workflow,2025-01-21T03:55:20.000Z,1463382.8
"avg:workflow_execution.avg{*}",workflowname:travel_booking_workflow,2025-01-21T03:55:30.000Z,1469403.816667
"avg:workflow_execution.avg{*}",workflowname:travel_booking_workflow,2025-01-21T03:55:40.000Z,1474707.666667
"avg:workflow_execution.avg{*}",workflowname:travel_booking_workflow,2025-01-21T03:55:50.000Z,1481312.138095
"avg:workflow_execution.avg{*}",workflowname:travel_booking_workflow,2025-01-21T03:56:00.000Z,1487168.3
"avg:workflow_execution.avg{*}",workflowname:travel_booking_workflow,2025-01-21T03:56:10.000Z,1492930.275
"avg:workflow_execution.avg{*}",workflowname:travel_booking_workflow,2025-01-21T03:56:20.000Z,1249302.65
"avg:workflow_execution.avg{*}",workflowname:travel_booking_workflow,2025-01-21T03:56:30.000Z,1254020.375
"avg:workflow_execution.avg{*}",workflowname:travel_booking_workflow,2025-01-21T03:56:40.000Z,2014971.675
"avg:workflow_execution.avg{*}",workflowname:travel_booking_workflow,2025-01-21T03:56:50.000Z,1517447.14
"avg:workflow_execution.avg{*}",workflowname:travel_booking_workflow,2025-01-21T03:57:00.000Z,1269287.175
"avg:workflow_execution.avg{*}",workflowname:travel_booking_workflow,2025-01-21T03:57:10.000Z,1783614.811905
"avg:workflow_execution.avg{*}",workflowname:travel_booking_workflow,2025-01-21T03:57:20.000Z,1790589.190476
"avg:workflow_execution.avg{*}",workflowname:travel_booking_workflow,2025-01-21T03:57:30.000Z,1540096.266667
"avg:workflow_execution.avg{*}",workflowname:travel_booking_workflow,2025-01-21T03:57:40.000Z,1546528.3
"avg:workflow_execution.avg{*}",workflowname:travel_booking_workflow,2025-01-21T03:57:50.000Z,1293936.572222
"avg:workflow_execution.avg{*}",workflowname:travel_booking_workflow,2025-01-21T03:58:00.000Z,1558063.891667
"avg:workflow_execution.avg{*}",workflowname:travel_booking_workflow,2025-01-21T03:58:10.000Z,1564261.325833
"avg:workflow_execution.avg{*}",workflowname:travel_booking_workflow,2025-01-21T03:58:20.000Z,2094233.555
"avg:workflow_execution.avg{*}",workflowname:travel_booking_workflow,2025-01-21T03:58:30.000Z,1839564.32
"avg:workflow_execution.avg{*}",workflowname:travel_booking_workflow,2025-01-21T03:58:40.000Z,1581985.373485
"avg:workflow_execution.avg{*}",workflowname:travel_booking_workflow,2025-01-21T03:58:50.000Z,2118192.931627
"avg:workflow_execution.avg{*}",workflowname:travel_booking_workflow,2025-01-21T03:59:00.000Z,1859058.017619
"avg:workflow_execution.avg{*}",workflowname:travel_booking_workflow,2025-01-21T03:59:10.000Z,532394.869231
"avg:workflow_execution.avg{*}",workflowname:travel_booking_workflow,2025-01-21T03:59:20.000Z,0
"avg:workflow_execution.avg{*}",workflowname:travel_booking_workflow,2025-01-21T03:59:30.000Z,0
"avg:workflow_execution.avg{*}",workflowname:travel_booking_workflow,2025-01-21T03:59:40.000Z,0
