query,group,time,value
"sum:task_queue_wait.avg{*}",tasktype:book_flight,2025-01-21T03:13:10.000Z,0
"sum:task_queue_wait.avg{*}",tasktype:book_flight,2025-01-21T03:13:20.000Z,0
"sum:task_queue_wait.avg{*}",tasktype:book_flight,2025-01-21T03:13:30.000Z,0
"sum:task_queue_wait.avg{*}",tasktype:book_flight,2025-01-21T03:13:40.000Z,0
"sum:task_queue_wait.avg{*}",tasktype:book_flight,2025-01-21T03:13:50.000Z,0
"sum:task_queue_wait.avg{*}",tasktype:book_flight,2025-01-21T03:14:00.000Z,0
"sum:task_queue_wait.avg{*}",tasktype:book_flight,2025-01-21T03:14:10.000Z,0
"sum:task_queue_wait.avg{*}",tasktype:book_flight,2025-01-21T03:14:20.000Z,291.8
"sum:task_queue_wait.avg{*}",tasktype:book_flight,2025-01-21T03:14:30.000Z,4437.3
"sum:task_queue_wait.avg{*}",tasktype:book_flight,2025-01-21T03:14:40.000Z,12870.066667
"sum:task_queue_wait.avg{*}",tasktype:book_flight,2025-01-21T03:14:50.000Z,12144
"sum:task_queue_wait.avg{*}",tasktype:book_flight,2025-01-21T03:15:00.000Z,19509.7
"sum:task_queue_wait.avg{*}",tasktype:book_flight,2025-01-21T03:15:10.000Z,39458.5
"sum:task_queue_wait.avg{*}",tasktype:book_flight,2025-01-21T03:15:20.000Z,35748.134286
"sum:task_queue_wait.avg{*}",tasktype:book_flight,2025-01-21T03:15:30.000Z,41424.077778
"sum:task_queue_wait.avg{*}",tasktype:book_flight,2025-01-21T03:15:40.000Z,55668.15
"sum:task_queue_wait.avg{*}",tasktype:book_flight,2025-01-21T03:15:50.000Z,71472.05
"sum:task_queue_wait.avg{*}",tasktype:book_flight,2025-01-21T03:16:00.000Z,69142.975
"sum:task_queue_wait.avg{*}",tasktype:book_flight,2025-01-21T03:16:10.000Z,54393.654286
"sum:task_queue_wait.avg{*}",tasktype:book_flight,2025-01-21T03:16:20.000Z,60218.336667
"sum:task_queue_wait.avg{*}",tasktype:book_flight,2025-01-21T03:16:30.000Z,78253.666667
"sum:task_queue_wait.avg{*}",tasktype:book_flight,2025-01-21T03:16:40.000Z,97390.641429
"sum:task_queue_wait.avg{*}",tasktype:book_flight,2025-01-21T03:16:50.000Z,75243.6
"sum:task_queue_wait.avg{*}",tasktype:book_flight,2025-01-21T03:17:00.000Z,79808.7
"sum:task_queue_wait.avg{*}",tasktype:book_flight,2025-01-21T03:17:10.000Z,84544.583333
"sum:task_queue_wait.avg{*}",tasktype:book_flight,2025-01-21T03:17:20.000Z,124243.4
"sum:task_queue_wait.avg{*}",tasktype:book_flight,2025-01-21T03:17:30.000Z,169415.716667
"sum:task_queue_wait.avg{*}",tasktype:book_flight,2025-01-21T03:17:40.000Z,158589.642338
"sum:task_queue_wait.avg{*}",tasktype:book_flight,2025-01-21T03:17:50.000Z,167009.56
"sum:task_queue_wait.avg{*}",tasktype:book_flight,2025-01-21T03:18:00.000Z,197265.483333
"sum:task_queue_wait.avg{*}",tasktype:book_flight,2025-01-21T03:18:10.000Z,137011.783333
"sum:task_queue_wait.avg{*}",tasktype:book_flight,2025-01-21T03:18:20.000Z,190869.978462
"sum:task_queue_wait.avg{*}",tasktype:book_flight,2025-01-21T03:18:30.000Z,148933.508333
"sum:task_queue_wait.avg{*}",tasktype:book_flight,2025-01-21T03:18:40.000Z,232448.15
"sum:task_queue_wait.avg{*}",tasktype:book_flight,2025-01-21T03:18:50.000Z,161036.05
"sum:task_queue_wait.avg{*}",tasktype:book_flight,2025-01-21T03:19:00.000Z,167075.998077
"sum:task_queue_wait.avg{*}",tasktype:book_flight,2025-01-21T03:19:10.000Z,229805.455952
"sum:task_queue_wait.avg{*}",tasktype:book_flight,2025-01-21T03:19:20.000Z,179240.783333
"sum:task_queue_wait.avg{*}",tasktype:book_flight,2025-01-21T03:19:30.000Z,154503.68
"sum:task_queue_wait.avg{*}",tasktype:book_flight,2025-01-21T03:19:40.000Z,254130.913636
"sum:task_queue_wait.avg{*}",tasktype:book_flight,2025-01-21T03:19:50.000Z,163820.025
"sum:task_queue_wait.avg{*}",tasktype:book_flight,2025-01-21T03:20:00.000Z,269973.322143
"sum:task_queue_wait.avg{*}",tasktype:book_flight,2025-01-21T03:20:10.000Z,277248.33
"sum:task_queue_wait.avg{*}",tasktype:book_flight,2025-01-21T03:20:20.000Z,214535.95
"sum:task_queue_wait.avg{*}",tasktype:book_flight,2025-01-21T03:20:30.000Z,146759.423333
"sum:task_queue_wait.avg{*}",tasktype:book_flight,2025-01-21T03:20:40.000Z,263595.2
"sum:task_queue_wait.avg{*}",tasktype:book_flight,2025-01-21T03:20:50.000Z,309070.8
"sum:task_queue_wait.avg{*}",tasktype:book_flight,2025-01-21T03:21:00.000Z,237781.038095
"sum:task_queue_wait.avg{*}",tasktype:book_flight,2025-01-21T03:21:10.000Z,325668.55
"sum:task_queue_wait.avg{*}",tasktype:book_flight,2025-01-21T03:21:20.000Z,249995.05
"sum:task_queue_wait.avg{*}",tasktype:book_flight,2025-01-21T03:21:30.000Z,256026.491667
"sum:task_queue_wait.avg{*}",tasktype:book_flight,2025-01-21T03:21:40.000Z,305520.183333
"sum:task_queue_wait.avg{*}",tasktype:book_flight,2025-01-21T03:21:50.000Z,312780.414286
"sum:task_queue_wait.avg{*}",tasktype:book_flight,2025-01-21T03:22:00.000Z,319851.288333
"sum:task_queue_wait.avg{*}",tasktype:book_flight,2025-01-21T03:22:10.000Z,280005.305
"sum:task_queue_wait.avg{*}",tasktype:book_flight,2025-01-21T03:22:20.000Z,286516.816667
"sum:task_queue_wait.avg{*}",tasktype:book_flight,2025-01-21T03:22:30.000Z,292409.516667
"sum:task_queue_wait.avg{*}",tasktype:book_flight,2025-01-21T03:22:40.000Z,347587.78
"sum:task_queue_wait.avg{*}",tasktype:book_flight,2025-01-21T03:22:50.000Z,354164.927976
"sum:task_queue_wait.avg{*}",tasktype:book_flight,2025-01-21T03:23:00.000Z,308708.65
"sum:task_queue_wait.avg{*}",tasktype:book_flight,2025-01-21T03:23:10.000Z,210002.35
"sum:task_queue_wait.avg{*}",tasktype:book_flight,2025-01-21T03:23:20.000Z,428473.583333
"sum:task_queue_wait.avg{*}",tasktype:book_flight,2025-01-21T03:23:30.000Z,326782.3875
"sum:task_queue_wait.avg{*}",tasktype:book_flight,2025-01-21T03:23:40.000Z,444570.241667
"sum:task_queue_wait.avg{*}",tasktype:book_flight,2025-01-21T03:23:50.000Z,396031.504762
"sum:task_queue_wait.avg{*}",tasktype:book_flight,2025-01-21T03:24:00.000Z,344279.615
"sum:task_queue_wait.avg{*}",tasktype:book_flight,2025-01-21T03:24:10.000Z,350087.65
"sum:task_queue_wait.avg{*}",tasktype:book_flight,2025-01-21T03:24:20.000Z,297533.54487
"sum:task_queue_wait.avg{*}",tasktype:book_flight,2025-01-21T03:24:30.000Z,423261.35
"sum:task_queue_wait.avg{*}",tasktype:book_flight,2025-01-21T03:24:40.000Z,553243.933333
"sum:task_queue_wait.avg{*}",tasktype:book_flight,2025-01-21T03:24:50.000Z,562007.92
"sum:task_queue_wait.avg{*}",tasktype:book_flight,2025-01-21T03:25:00.000Z,380312.866667
"sum:task_queue_wait.avg{*}",tasktype:book_flight,2025-01-21T03:25:10.000Z,257657.603333
"sum:task_queue_wait.avg{*}",tasktype:book_flight,2025-01-21T03:25:20.000Z,456905.2825
"sum:task_queue_wait.avg{*}",tasktype:book_flight,2025-01-21T03:25:30.000Z,398616.4
"sum:task_queue_wait.avg{*}",tasktype:book_flight,2025-01-21T03:25:40.000Z,471021.15
"sum:task_queue_wait.avg{*}",tasktype:book_flight,2025-01-21T03:25:50.000Z,547207.1
"sum:task_queue_wait.avg{*}",tasktype:book_flight,2025-01-21T03:26:00.000Z,416229.133333
"sum:task_queue_wait.avg{*}",tasktype:book_flight,2025-01-21T03:26:10.000Z,492720.292857
"sum:task_queue_wait.avg{*}",tasktype:book_flight,2025-01-21T03:26:20.000Z,499437.616667
"sum:task_queue_wait.avg{*}",tasktype:book_flight,2025-01-21T03:26:30.000Z,433611.531667
"sum:task_queue_wait.avg{*}",tasktype:book_flight,2025-01-21T03:26:40.000Z,292925.333333
"sum:task_queue_wait.avg{*}",tasktype:book_flight,2025-01-21T03:26:50.000Z,520156.383333
"sum:task_queue_wait.avg{*}",tasktype:book_flight,2025-01-21T03:27:00.000Z,451426.85
"sum:task_queue_wait.avg{*}",tasktype:book_flight,2025-01-21T03:27:10.000Z,457335.575
"sum:task_queue_wait.avg{*}",tasktype:book_flight,2025-01-21T03:27:20.000Z,540699.45
"sum:task_queue_wait.avg{*}",tasktype:book_flight,2025-01-21T03:27:30.000Z,548391.053333
"sum:task_queue_wait.avg{*}",tasktype:book_flight,2025-01-21T03:27:40.000Z,634245.6
"sum:task_queue_wait.avg{*}",tasktype:book_flight,2025-01-21T03:27:50.000Z,722220.364286
"sum:task_queue_wait.avg{*}",tasktype:book_flight,2025-01-21T03:28:00.000Z,569131.005
"sum:task_queue_wait.avg{*}",tasktype:book_flight,2025-01-21T03:28:10.000Z,575870.122857
"sum:task_queue_wait.avg{*}",tasktype:book_flight,2025-01-21T03:28:20.000Z,332822.293723
"sum:task_queue_wait.avg{*}",tasktype:book_flight,2025-01-21T03:28:30.000Z,758105.297619
"sum:task_queue_wait.avg{*}",tasktype:book_flight,2025-01-21T03:28:40.000Z,596047.344242
"sum:task_queue_wait.avg{*}",tasktype:book_flight,2025-01-21T03:28:50.000Z,689371.933333
"sum:task_queue_wait.avg{*}",tasktype:book_flight,2025-01-21T03:29:00.000Z,523245.270238
"sum:task_queue_wait.avg{*}",tasktype:book_flight,2025-01-21T03:29:10.000Z,616636.7
"sum:task_queue_wait.avg{*}",tasktype:book_flight,2025-01-21T03:29:20.000Z,535150.3
"sum:task_queue_wait.avg{*}",tasktype:book_flight,2025-01-21T03:29:30.000Z,721149.985714
"sum:task_queue_wait.avg{*}",tasktype:book_flight,2025-01-21T03:29:40.000Z,546342.5
"sum:task_queue_wait.avg{*}",tasktype:book_flight,2025-01-21T03:29:50.000Z,552559.233333
"sum:task_queue_wait.avg{*}",tasktype:book_flight,2025-01-21T03:30:00.000Z,372355.1
"sum:task_queue_wait.avg{*}",tasktype:book_flight,2025-01-21T03:30:10.000Z,659165.403175
"sum:task_queue_wait.avg{*}",tasktype:book_flight,2025-01-21T03:30:20.000Z,760654.41
"sum:task_queue_wait.avg{*}",tasktype:book_flight,2025-01-21T03:30:30.000Z,480659.783333
"sum:task_queue_wait.avg{*}",tasktype:book_flight,2025-01-21T03:30:40.000Z,776234.971429
"sum:task_queue_wait.avg{*}",tasktype:book_flight,2025-01-21T03:30:50.000Z,588133.27956
"sum:task_queue_wait.avg{*}",tasktype:book_flight,2025-01-21T03:31:00.000Z,692795.971429
"sum:task_queue_wait.avg{*}",tasktype:book_flight,2025-01-21T03:31:10.000Z,800529.191667
"sum:task_queue_wait.avg{*}",tasktype:book_flight,2025-01-21T03:31:20.000Z,706953.933333
"sum:task_queue_wait.avg{*}",tasktype:book_flight,2025-01-21T03:31:30.000Z,509447.918333
"sum:task_queue_wait.avg{*}",tasktype:book_flight,2025-01-21T03:31:40.000Z,1030178.6
"sum:task_queue_wait.avg{*}",tasktype:book_flight,2025-01-21T03:31:50.000Z,520886.283333
"sum:task_queue_wait.avg{*}",tasktype:book_flight,2025-01-21T03:32:00.000Z,629820.965
"sum:task_queue_wait.avg{*}",tasktype:book_flight,2025-01-21T03:32:10.000Z,954221.1
"sum:task_queue_wait.avg{*}",tasktype:book_flight,2025-01-21T03:32:20.000Z,748880.65
"sum:task_queue_wait.avg{*}",tasktype:book_flight,2025-01-21T03:32:30.000Z,862877.347619
"sum:task_queue_wait.avg{*}",tasktype:book_flight,2025-01-21T03:32:40.000Z,762906.858333
"sum:task_queue_wait.avg{*}",tasktype:book_flight,2025-01-21T03:32:50.000Z,769587.616667
"sum:task_queue_wait.avg{*}",tasktype:book_flight,2025-01-21T03:33:00.000Z,887736.47
"sum:task_queue_wait.avg{*}",tasktype:book_flight,2025-01-21T03:33:10.000Z,671704.716667
"sum:task_queue_wait.avg{*}",tasktype:book_flight,2025-01-21T03:33:20.000Z,677148.145833
"sum:task_queue_wait.avg{*}",tasktype:book_flight,2025-01-21T03:33:30.000Z,1024940.808333
"sum:task_queue_wait.avg{*}",tasktype:book_flight,2025-01-21T03:33:40.000Z,1034077.1
"sum:task_queue_wait.avg{*}",tasktype:book_flight,2025-01-21T03:33:50.000Z,695202.584615
"sum:task_queue_wait.avg{*}",tasktype:book_flight,2025-01-21T03:34:00.000Z,818135.621429
"sum:task_queue_wait.avg{*}",tasktype:book_flight,2025-01-21T03:34:10.000Z,942888.766667
"sum:task_queue_wait.avg{*}",tasktype:book_flight,2025-01-21T03:34:20.000Z,830880.55
"sum:task_queue_wait.avg{*}",tasktype:book_flight,2025-01-21T03:34:30.000Z,838259.933333
"sum:task_queue_wait.avg{*}",tasktype:book_flight,2025-01-21T03:34:40.000Z,725269.583333
"sum:task_queue_wait.avg{*}",tasktype:book_flight,2025-01-21T03:34:50.000Z,730447.126667
"sum:task_queue_wait.avg{*}",tasktype:book_flight,2025-01-21T03:35:00.000Z,1105621.447619
"sum:task_queue_wait.avg{*}",tasktype:book_flight,2025-01-21T03:35:10.000Z,866266.1925
"sum:task_queue_wait.avg{*}",tasktype:book_flight,2025-01-21T03:35:20.000Z,499068.875
"sum:task_queue_wait.avg{*}",tasktype:book_flight,2025-01-21T03:35:30.000Z,880275.441667
"sum:task_queue_wait.avg{*}",tasktype:book_flight,2025-01-21T03:35:40.000Z,760248.1
"sum:task_queue_wait.avg{*}",tasktype:book_flight,2025-01-21T03:35:50.000Z,1022421.351667
"sum:task_queue_wait.avg{*}",tasktype:book_flight,2025-01-21T03:36:00.000Z,514585.26
"sum:task_queue_wait.avg{*}",tasktype:book_flight,2025-01-21T03:36:10.000Z,907811.428571
"sum:task_queue_wait.avg{*}",tasktype:book_flight,2025-01-21T03:36:20.000Z,1045831.506818
"sum:task_queue_wait.avg{*}",tasktype:book_flight,2025-01-21T03:36:30.000Z,922059.45
"sum:task_queue_wait.avg{*}",tasktype:book_flight,2025-01-21T03:36:40.000Z,1062162.365385
"sum:task_queue_wait.avg{*}",tasktype:book_flight,2025-01-21T03:36:50.000Z,802391.466667
"sum:task_queue_wait.avg{*}",tasktype:book_flight,2025-01-21T03:37:00.000Z,943161.976667
"sum:task_queue_wait.avg{*}",tasktype:book_flight,2025-01-21T03:37:10.000Z,949591.025
"sum:task_queue_wait.avg{*}",tasktype:book_flight,2025-01-21T03:37:20.000Z,957065.3375
"sum:task_queue_wait.avg{*}",tasktype:book_flight,2025-01-21T03:37:30.000Z,1101523.168889
"sum:task_queue_wait.avg{*}",tasktype:book_flight,2025-01-21T03:37:40.000Z,1109657.283333
"sum:task_queue_wait.avg{*}",tasktype:book_flight,2025-01-21T03:37:50.000Z,977131.25
"sum:task_queue_wait.avg{*}",tasktype:book_flight,2025-01-21T03:38:00.000Z,985145.133333
"sum:task_queue_wait.avg{*}",tasktype:book_flight,2025-01-21T03:38:10.000Z,991452.275
"sum:task_queue_wait.avg{*}",tasktype:book_flight,2025-01-21T03:38:20.000Z,998367.18697
"sum:task_queue_wait.avg{*}",tasktype:book_flight,2025-01-21T03:38:30.000Z,1148829.18
"sum:task_queue_wait.avg{*}",tasktype:book_flight,2025-01-21T03:38:40.000Z,867778.848182
"sum:task_queue_wait.avg{*}",tasktype:book_flight,2025-01-21T03:38:50.000Z,582240.045
"sum:task_queue_wait.avg{*}",tasktype:book_flight,2025-01-21T03:39:00.000Z,1026333.25614
"sum:task_queue_wait.avg{*}",tasktype:book_flight,2025-01-21T03:39:10.000Z,1033362.333333
"sum:task_queue_wait.avg{*}",tasktype:book_flight,2025-01-21T03:39:20.000Z,1040285.116667
"sum:task_queue_wait.avg{*}",tasktype:book_flight,2025-01-21T03:39:30.000Z,1046588.557143
"sum:task_queue_wait.avg{*}",tasktype:book_flight,2025-01-21T03:39:40.000Z,753336.688095
"sum:task_queue_wait.avg{*}",tasktype:book_flight,2025-01-21T03:39:50.000Z,1061123.2625
"sum:task_queue_wait.avg{*}",tasktype:book_flight,2025-01-21T03:40:00.000Z,762810.338889
"sum:task_queue_wait.avg{*}",tasktype:book_flight,2025-01-21T03:40:10.000Z,1074879.58
"sum:task_queue_wait.avg{*}",tasktype:book_flight,2025-01-21T03:40:20.000Z,772998.826667
"sum:task_queue_wait.avg{*}",tasktype:book_flight,2025-01-21T03:40:30.000Z,777666.6
"sum:task_queue_wait.avg{*}",tasktype:book_flight,2025-01-21T03:40:40.000Z,1095187.035
"sum:task_queue_wait.avg{*}",tasktype:book_flight,2025-01-21T03:40:50.000Z,630031.369048
"sum:task_queue_wait.avg{*}",tasktype:book_flight,2025-01-21T03:41:00.000Z,1110124.419231
"sum:task_queue_wait.avg{*}",tasktype:book_flight,2025-01-21T03:41:10.000Z,797362.14359
"sum:task_queue_wait.avg{*}",tasktype:book_flight,2025-01-21T03:41:20.000Z,1123666.87
"sum:task_queue_wait.avg{*}",tasktype:book_flight,2025-01-21T03:41:30.000Z,1130444.929487
"sum:task_queue_wait.avg{*}",tasktype:book_flight,2025-01-21T03:41:40.000Z,1300293.014615
"sum:task_queue_wait.avg{*}",tasktype:book_flight,2025-01-21T03:41:50.000Z,1307969.78619
"sum:task_queue_wait.avg{*}",tasktype:book_flight,2025-01-21T03:42:00.000Z,822157.292857
"sum:task_queue_wait.avg{*}",tasktype:book_flight,2025-01-21T03:42:10.000Z,993217.086667
"sum:task_queue_wait.avg{*}",tasktype:book_flight,2025-01-21T03:42:20.000Z,1165847.115
"sum:task_queue_wait.avg{*}",tasktype:book_flight,2025-01-21T03:42:30.000Z,1172217.625
"sum:task_queue_wait.avg{*}",tasktype:book_flight,2025-01-21T03:42:40.000Z,1178789.701905
"sum:task_queue_wait.avg{*}",tasktype:book_flight,2025-01-21T03:42:50.000Z,1186321.7
"sum:task_queue_wait.avg{*}",tasktype:book_flight,2025-01-21T03:43:00.000Z,1192854.85
"sum:task_queue_wait.avg{*}",tasktype:book_flight,2025-01-21T03:43:10.000Z,1199102.141667
"sum:task_queue_wait.avg{*}",tasktype:book_flight,2025-01-21T03:43:20.000Z,861198.54
"sum:task_queue_wait.avg{*}",tasktype:book_flight,2025-01-21T03:43:30.000Z,1040170.908333
"sum:task_queue_wait.avg{*}",tasktype:book_flight,2025-01-21T03:43:40.000Z,1394860.997619
"sum:task_queue_wait.avg{*}",tasktype:book_flight,2025-01-21T03:43:50.000Z,876658.93
"sum:task_queue_wait.avg{*}",tasktype:book_flight,2025-01-21T03:44:00.000Z,1058099.804762
"sum:task_queue_wait.avg{*}",tasktype:book_flight,2025-01-21T03:44:10.000Z,1418791.475476
"sum:task_queue_wait.avg{*}",tasktype:book_flight,2025-01-21T03:44:20.000Z,1426077.906667
"sum:task_queue_wait.avg{*}",tasktype:book_flight,2025-01-21T03:44:30.000Z,1255093.82381
"sum:task_queue_wait.avg{*}",tasktype:book_flight,2025-01-21T03:44:40.000Z,1442731.308333
"sum:task_queue_wait.avg{*}",tasktype:book_flight,2025-01-21T03:44:50.000Z,1449997.733333
"sum:task_queue_wait.avg{*}",tasktype:book_flight,2025-01-21T03:45:00.000Z,1275798.45
"sum:task_queue_wait.avg{*}",tasktype:book_flight,2025-01-21T03:45:10.000Z,916528.616667
"sum:task_queue_wait.avg{*}",tasktype:book_flight,2025-01-21T03:45:20.000Z,1289400.1
"sum:task_queue_wait.avg{*}",tasktype:book_flight,2025-01-21T03:45:30.000Z,1296460.395833
"sum:task_queue_wait.avg{*}",tasktype:book_flight,2025-01-21T03:45:40.000Z,1303600.368333
"sum:task_queue_wait.avg{*}",tasktype:book_flight,2025-01-21T03:45:50.000Z,1310200.394444
"sum:task_queue_wait.avg{*}",tasktype:book_flight,2025-01-21T03:46:00.000Z,753376.206364
"sum:task_queue_wait.avg{*}",tasktype:book_flight,2025-01-21T03:46:10.000Z,1703081.393333
"sum:task_queue_wait.avg{*}",tasktype:book_flight,2025-01-21T03:46:20.000Z,1331561.772222
"sum:task_queue_wait.avg{*}",tasktype:book_flight,2025-01-21T03:46:30.000Z,1338006.125
"sum:task_queue_wait.avg{*}",tasktype:book_flight,2025-01-21T03:46:40.000Z,1344906.871111
"sum:task_queue_wait.avg{*}",tasktype:book_flight,2025-01-21T03:46:50.000Z,1159028.130087
"sum:task_queue_wait.avg{*}",tasktype:book_flight,2025-01-21T03:47:00.000Z,1164619.966667
"sum:task_queue_wait.avg{*}",tasktype:book_flight,2025-01-21T03:47:10.000Z,1560325.31
"sum:task_queue_wait.avg{*}",tasktype:book_flight,2025-01-21T03:47:20.000Z,1372333.288571
"sum:task_queue_wait.avg{*}",tasktype:book_flight,2025-01-21T03:47:30.000Z,1181996.113333
"sum:task_queue_wait.avg{*}",tasktype:book_flight,2025-01-21T03:47:40.000Z,1584921.74
"sum:task_queue_wait.avg{*}",tasktype:book_flight,2025-01-21T03:47:50.000Z,1393728.924603
"sum:task_queue_wait.avg{*}",tasktype:book_flight,2025-01-21T03:48:00.000Z,1601213.711111
"sum:task_queue_wait.avg{*}",tasktype:book_flight,2025-01-21T03:48:10.000Z,1608410.5
"sum:task_queue_wait.avg{*}",tasktype:book_flight,2025-01-21T03:48:20.000Z,1415331.15
"sum:task_queue_wait.avg{*}",tasktype:book_flight,2025-01-21T03:48:30.000Z,1421833.79
"sum:task_queue_wait.avg{*}",tasktype:book_flight,2025-01-21T03:48:40.000Z,1224037.789524
"sum:task_queue_wait.avg{*}",tasktype:book_flight,2025-01-21T03:48:50.000Z,1640394.35
"sum:task_queue_wait.avg{*}",tasktype:book_flight,2025-01-21T03:49:00.000Z,1236386.175
"sum:task_queue_wait.avg{*}",tasktype:book_flight,2025-01-21T03:49:10.000Z,1656222.173333
"sum:task_queue_wait.avg{*}",tasktype:book_flight,2025-01-21T03:49:20.000Z,1664254.883333
"sum:task_queue_wait.avg{*}",tasktype:book_flight,2025-01-21T03:49:30.000Z,1672861.192424
"sum:task_queue_wait.avg{*}",tasktype:book_flight,2025-01-21T03:49:40.000Z,1260394.145256
"sum:task_queue_wait.avg{*}",tasktype:book_flight,2025-01-21T03:49:50.000Z,1477270.72619
"sum:task_queue_wait.avg{*}",tasktype:book_flight,2025-01-21T03:50:00.000Z,1484701.31453
"sum:task_queue_wait.avg{*}",tasktype:book_flight,2025-01-21T03:50:10.000Z,1490949.257143
"sum:task_queue_wait.avg{*}",tasktype:book_flight,2025-01-21T03:50:20.000Z,1712273.129167
"sum:task_queue_wait.avg{*}",tasktype:book_flight,2025-01-21T03:50:30.000Z,1074907.183333
"sum:task_queue_wait.avg{*}",tasktype:book_flight,2025-01-21T03:50:40.000Z,1079924.175
"sum:task_queue_wait.avg{*}",tasktype:book_flight,2025-01-21T03:50:50.000Z,1735778.180952
"sum:task_queue_wait.avg{*}",tasktype:book_flight,2025-01-21T03:51:00.000Z,1961444.446667
"sum:task_queue_wait.avg{*}",tasktype:book_flight,2025-01-21T03:51:10.000Z,1532560.108333
"sum:task_queue_wait.avg{*}",tasktype:book_flight,2025-01-21T03:51:20.000Z,1759567.84359
"sum:task_queue_wait.avg{*}",tasktype:book_flight,2025-01-21T03:51:30.000Z,1546793.766667
"sum:task_queue_wait.avg{*}",tasktype:book_flight,2025-01-21T03:51:40.000Z,1553661.25
"sum:task_queue_wait.avg{*}",tasktype:book_flight,2025-01-21T03:51:50.000Z,1560689.437576
"sum:task_queue_wait.avg{*}",tasktype:book_flight,2025-01-21T03:52:00.000Z,1567569.8125
"sum:task_queue_wait.avg{*}",tasktype:book_flight,2025-01-21T03:52:10.000Z,1574353.71
"sum:task_queue_wait.avg{*}",tasktype:book_flight,2025-01-21T03:52:20.000Z,1355094.207143
"sum:task_queue_wait.avg{*}",tasktype:book_flight,2025-01-21T03:52:30.000Z,1587696.04
"sum:task_queue_wait.avg{*}",tasktype:book_flight,2025-01-21T03:52:40.000Z,1823260.486905
"sum:task_queue_wait.avg{*}",tasktype:book_flight,2025-01-21T03:52:50.000Z,1144114.375
"sum:task_queue_wait.avg{*}",tasktype:book_flight,2025-01-21T03:53:00.000Z,1609084.433333
"sum:task_queue_wait.avg{*}",tasktype:book_flight,2025-01-21T03:53:10.000Z,1385360.790909
"sum:task_queue_wait.avg{*}",tasktype:book_flight,2025-01-21T03:53:20.000Z,1854083.75
"sum:task_queue_wait.avg{*}",tasktype:book_flight,2025-01-21T03:53:30.000Z,1862740.865
"sum:task_queue_wait.avg{*}",tasktype:book_flight,2025-01-21T03:53:40.000Z,1870843.333333
"sum:task_queue_wait.avg{*}",tasktype:book_flight,2025-01-21T03:53:50.000Z,1408715.833333
"sum:task_queue_wait.avg{*}",tasktype:book_flight,2025-01-21T03:54:00.000Z,1415004.085
"sum:task_queue_wait.avg{*}",tasktype:book_flight,2025-01-21T03:54:10.000Z,1658023.083333
"sum:task_queue_wait.avg{*}",tasktype:book_flight,2025-01-21T03:54:20.000Z,1426500.208333
"sum:task_queue_wait.avg{*}",tasktype:book_flight,2025-01-21T03:54:30.000Z,1670842.433333
"sum:task_queue_wait.avg{*}",tasktype:book_flight,2025-01-21T03:54:40.000Z,1199063.813492
"sum:task_queue_wait.avg{*}",tasktype:book_flight,2025-01-21T03:54:50.000Z,963003.625
"sum:task_queue_wait.avg{*}",tasktype:book_flight,2025-01-21T03:55:00.000Z,1692640.2
"sum:task_queue_wait.avg{*}",tasktype:book_flight,2025-01-21T03:55:10.000Z,1214307.122857
"sum:task_queue_wait.avg{*}",tasktype:book_flight,2025-01-21T03:55:20.000Z,1218942.575
"sum:task_queue_wait.avg{*}",tasktype:book_flight,2025-01-21T03:55:30.000Z,1713976.02
"sum:task_queue_wait.avg{*}",tasktype:book_flight,2025-01-21T03:55:40.000Z,1474202.85
"sum:task_queue_wait.avg{*}",tasktype:book_flight,2025-01-21T03:55:50.000Z,1727670.166667
"sum:task_queue_wait.avg{*}",tasktype:book_flight,2025-01-21T03:56:00.000Z,1486124.316667
"sum:task_queue_wait.avg{*}",tasktype:book_flight,2025-01-21T03:56:10.000Z,1492232.55
"sum:task_queue_wait.avg{*}",tasktype:book_flight,2025-01-21T03:56:20.000Z,999158.95
"sum:task_queue_wait.avg{*}",tasktype:book_flight,2025-01-21T03:56:30.000Z,1253483.5
"sum:task_queue_wait.avg{*}",tasktype:book_flight,2025-01-21T03:56:40.000Z,2014034.92
"sum:task_queue_wait.avg{*}",tasktype:book_flight,2025-01-21T03:56:50.000Z,1516691.119286
"sum:task_queue_wait.avg{*}",tasktype:book_flight,2025-01-21T03:57:00.000Z,1522040.214286
"sum:task_queue_wait.avg{*}",tasktype:book_flight,2025-01-21T03:57:10.000Z,1782731.070833
"sum:task_queue_wait.avg{*}",tasktype:book_flight,2025-01-21T03:57:20.000Z,1789842.141071
"sum:task_queue_wait.avg{*}",tasktype:book_flight,2025-01-21T03:57:30.000Z,1539386.784524
"sum:task_queue_wait.avg{*}",tasktype:book_flight,2025-01-21T03:57:40.000Z,1545888.232143
"sum:task_queue_wait.avg{*}",tasktype:book_flight,2025-01-21T03:57:50.000Z,1552237.950758
"sum:task_queue_wait.avg{*}",tasktype:book_flight,2025-01-21T03:58:00.000Z,1817568.25
"sum:task_queue_wait.avg{*}",tasktype:book_flight,2025-01-21T03:58:10.000Z,1301957.378571
"sum:task_queue_wait.avg{*}",tasktype:book_flight,2025-01-21T03:58:20.000Z,0
"sum:task_queue_wait.avg{*}",tasktype:book_flight,2025-01-21T03:58:30.000Z,0
"sum:task_queue_wait.avg{*}",tasktype:book_flight,2025-01-21T03:58:40.000Z,0
"sum:task_queue_wait.avg{*}",tasktype:book_flight,2025-01-21T03:58:50.000Z,0
"sum:task_queue_wait.avg{*}",tasktype:book_flight,2025-01-21T03:59:00.000Z,0
"sum:task_queue_wait.avg{*}",tasktype:book_flight,2025-01-21T03:59:10.000Z,0
"sum:task_queue_wait.avg{*}",tasktype:book_flight,2025-01-21T03:59:20.000Z,0
"sum:task_queue_wait.avg{*}",tasktype:book_flight,2025-01-21T03:59:30.000Z,0
"sum:task_queue_wait.avg{*}",tasktype:book_flight,2025-01-21T03:59:40.000Z,0
"sum:task_queue_wait.avg{*}",tasktype:book_hotel,2025-01-21T03:13:10.000Z,0
"sum:task_queue_wait.avg{*}",tasktype:book_hotel,2025-01-21T03:13:20.000Z,0
"sum:task_queue_wait.avg{*}",tasktype:book_hotel,2025-01-21T03:13:30.000Z,0
"sum:task_queue_wait.avg{*}",tasktype:book_hotel,2025-01-21T03:13:40.000Z,0
"sum:task_queue_wait.avg{*}",tasktype:book_hotel,2025-01-21T03:13:50.000Z,0
"sum:task_queue_wait.avg{*}",tasktype:book_hotel,2025-01-21T03:14:00.000Z,0
"sum:task_queue_wait.avg{*}",tasktype:book_hotel,2025-01-21T03:14:10.000Z,0
"sum:task_queue_wait.avg{*}",tasktype:book_hotel,2025-01-21T03:14:20.000Z,32.4
"sum:task_queue_wait.avg{*}",tasktype:book_hotel,2025-01-21T03:14:30.000Z,581.8
"sum:task_queue_wait.avg{*}",tasktype:book_hotel,2025-01-21T03:14:40.000Z,707.733333
"sum:task_queue_wait.avg{*}",tasktype:book_hotel,2025-01-21T03:14:50.000Z,58.95
"sum:task_queue_wait.avg{*}",tasktype:book_hotel,2025-01-21T03:15:00.000Z,13.55
"sum:task_queue_wait.avg{*}",tasktype:book_hotel,2025-01-21T03:15:10.000Z,128.225
"sum:task_queue_wait.avg{*}",tasktype:book_hotel,2025-01-21T03:15:20.000Z,1481.342222
"sum:task_queue_wait.avg{*}",tasktype:book_hotel,2025-01-21T03:15:30.000Z,1795.591111
"sum:task_queue_wait.avg{*}",tasktype:book_hotel,2025-01-21T03:15:40.000Z,3332.05
"sum:task_queue_wait.avg{*}",tasktype:book_hotel,2025-01-21T03:15:50.000Z,2817.866667
"sum:task_queue_wait.avg{*}",tasktype:book_hotel,2025-01-21T03:16:00.000Z,1461.825
"sum:task_queue_wait.avg{*}",tasktype:book_hotel,2025-01-21T03:16:10.000Z,1062.075357
"sum:task_queue_wait.avg{*}",tasktype:book_hotel,2025-01-21T03:16:20.000Z,1642.598333
"sum:task_queue_wait.avg{*}",tasktype:book_hotel,2025-01-21T03:16:30.000Z,2162.816667
"sum:task_queue_wait.avg{*}",tasktype:book_hotel,2025-01-21T03:16:40.000Z,1077.078214
"sum:task_queue_wait.avg{*}",tasktype:book_hotel,2025-01-21T03:16:50.000Z,2835.3
"sum:task_queue_wait.avg{*}",tasktype:book_hotel,2025-01-21T03:17:00.000Z,3027.35
"sum:task_queue_wait.avg{*}",tasktype:book_hotel,2025-01-21T03:17:10.000Z,1387.693333
"sum:task_queue_wait.avg{*}",tasktype:book_hotel,2025-01-21T03:17:20.000Z,1548.933333
"sum:task_queue_wait.avg{*}",tasktype:book_hotel,2025-01-21T03:17:30.000Z,1810.963636
"sum:task_queue_wait.avg{*}",tasktype:book_hotel,2025-01-21T03:17:40.000Z,1442.523333
"sum:task_queue_wait.avg{*}",tasktype:book_hotel,2025-01-21T03:17:50.000Z,2706.616667
"sum:task_queue_wait.avg{*}",tasktype:book_hotel,2025-01-21T03:18:00.000Z,5471.583333
"sum:task_queue_wait.avg{*}",tasktype:book_hotel,2025-01-21T03:18:10.000Z,4191.74
"sum:task_queue_wait.avg{*}",tasktype:book_hotel,2025-01-21T03:18:20.000Z,6589.4
"sum:task_queue_wait.avg{*}",tasktype:book_hotel,2025-01-21T03:18:30.000Z,4013.641667
"sum:task_queue_wait.avg{*}",tasktype:book_hotel,2025-01-21T03:18:40.000Z,9584.566667
"sum:task_queue_wait.avg{*}",tasktype:book_hotel,2025-01-21T03:18:50.000Z,7415.31
"sum:task_queue_wait.avg{*}",tasktype:book_hotel,2025-01-21T03:19:00.000Z,5636.081667
"sum:task_queue_wait.avg{*}",tasktype:book_hotel,2025-01-21T03:19:10.000Z,6548.688452
"sum:task_queue_wait.avg{*}",tasktype:book_hotel,2025-01-21T03:19:20.000Z,6875.366667
"sum:task_queue_wait.avg{*}",tasktype:book_hotel,2025-01-21T03:19:30.000Z,9239.325
"sum:task_queue_wait.avg{*}",tasktype:book_hotel,2025-01-21T03:19:40.000Z,15156.93
"sum:task_queue_wait.avg{*}",tasktype:book_hotel,2025-01-21T03:19:50.000Z,9237.233333
"sum:task_queue_wait.avg{*}",tasktype:book_hotel,2025-01-21T03:20:00.000Z,9267.431786
"sum:task_queue_wait.avg{*}",tasktype:book_hotel,2025-01-21T03:20:10.000Z,9966.66
"sum:task_queue_wait.avg{*}",tasktype:book_hotel,2025-01-21T03:20:20.000Z,12897.4
"sum:task_queue_wait.avg{*}",tasktype:book_hotel,2025-01-21T03:20:30.000Z,10902.296667
"sum:task_queue_wait.avg{*}",tasktype:book_hotel,2025-01-21T03:20:40.000Z,20133.983333
"sum:task_queue_wait.avg{*}",tasktype:book_hotel,2025-01-21T03:20:50.000Z,19910.9
"sum:task_queue_wait.avg{*}",tasktype:book_hotel,2025-01-21T03:21:00.000Z,14824.469683
"sum:task_queue_wait.avg{*}",tasktype:book_hotel,2025-01-21T03:21:10.000Z,9862.55
"sum:task_queue_wait.avg{*}",tasktype:book_hotel,2025-01-21T03:21:20.000Z,10475.033333
"sum:task_queue_wait.avg{*}",tasktype:book_hotel,2025-01-21T03:21:30.000Z,12890.231667
"sum:task_queue_wait.avg{*}",tasktype:book_hotel,2025-01-21T03:21:40.000Z,14850.016667
"sum:task_queue_wait.avg{*}",tasktype:book_hotel,2025-01-21T03:21:50.000Z,13663.221429
"sum:task_queue_wait.avg{*}",tasktype:book_hotel,2025-01-21T03:22:00.000Z,13426.683333
"sum:task_queue_wait.avg{*}",tasktype:book_hotel,2025-01-21T03:22:10.000Z,6491.570833
"sum:task_queue_wait.avg{*}",tasktype:book_hotel,2025-01-21T03:22:20.000Z,11042.583333
"sum:task_queue_wait.avg{*}",tasktype:book_hotel,2025-01-21T03:22:30.000Z,15507.05
"sum:task_queue_wait.avg{*}",tasktype:book_hotel,2025-01-21T03:22:40.000Z,16973.825
"sum:task_queue_wait.avg{*}",tasktype:book_hotel,2025-01-21T03:22:50.000Z,16630.695238
"sum:task_queue_wait.avg{*}",tasktype:book_hotel,2025-01-21T03:23:00.000Z,9741.9
"sum:task_queue_wait.avg{*}",tasktype:book_hotel,2025-01-21T03:23:10.000Z,8104.85
"sum:task_queue_wait.avg{*}",tasktype:book_hotel,2025-01-21T03:23:20.000Z,20970.44
"sum:task_queue_wait.avg{*}",tasktype:book_hotel,2025-01-21T03:23:30.000Z,18627.475
"sum:task_queue_wait.avg{*}",tasktype:book_hotel,2025-01-21T03:23:40.000Z,17674.175
"sum:task_queue_wait.avg{*}",tasktype:book_hotel,2025-01-21T03:23:50.000Z,16533.286667
"sum:task_queue_wait.avg{*}",tasktype:book_hotel,2025-01-21T03:24:00.000Z,12305.413333
"sum:task_queue_wait.avg{*}",tasktype:book_hotel,2025-01-21T03:24:10.000Z,12877.675
"sum:task_queue_wait.avg{*}",tasktype:book_hotel,2025-01-21T03:24:20.000Z,12798.101667
"sum:task_queue_wait.avg{*}",tasktype:book_hotel,2025-01-21T03:24:30.000Z,17208.65
"sum:task_queue_wait.avg{*}",tasktype:book_hotel,2025-01-21T03:24:40.000Z,25185
"sum:task_queue_wait.avg{*}",tasktype:book_hotel,2025-01-21T03:24:50.000Z,26029.510952
"sum:task_queue_wait.avg{*}",tasktype:book_hotel,2025-01-21T03:25:00.000Z,17074.083333
"sum:task_queue_wait.avg{*}",tasktype:book_hotel,2025-01-21T03:25:10.000Z,12739.25
"sum:task_queue_wait.avg{*}",tasktype:book_hotel,2025-01-21T03:25:20.000Z,23200.22
"sum:task_queue_wait.avg{*}",tasktype:book_hotel,2025-01-21T03:25:30.000Z,21355.666667
"sum:task_queue_wait.avg{*}",tasktype:book_hotel,2025-01-21T03:25:40.000Z,23865.416667
"sum:task_queue_wait.avg{*}",tasktype:book_hotel,2025-01-21T03:25:50.000Z,28772.183333
"sum:task_queue_wait.avg{*}",tasktype:book_hotel,2025-01-21T03:26:00.000Z,26428.4
"sum:task_queue_wait.avg{*}",tasktype:book_hotel,2025-01-21T03:26:10.000Z,32894.320476
"sum:task_queue_wait.avg{*}",tasktype:book_hotel,2025-01-21T03:26:20.000Z,30464.383333
"sum:task_queue_wait.avg{*}",tasktype:book_hotel,2025-01-21T03:26:30.000Z,25141.673333
"sum:task_queue_wait.avg{*}",tasktype:book_hotel,2025-01-21T03:26:40.000Z,16015.7
"sum:task_queue_wait.avg{*}",tasktype:book_hotel,2025-01-21T03:26:50.000Z,28779.6
"sum:task_queue_wait.avg{*}",tasktype:book_hotel,2025-01-21T03:27:00.000Z,21581.95
"sum:task_queue_wait.avg{*}",tasktype:book_hotel,2025-01-21T03:27:10.000Z,28161.525
"sum:task_queue_wait.avg{*}",tasktype:book_hotel,2025-01-21T03:27:20.000Z,33946.083333
"sum:task_queue_wait.avg{*}",tasktype:book_hotel,2025-01-21T03:27:30.000Z,28739.225
"sum:task_queue_wait.avg{*}",tasktype:book_hotel,2025-01-21T03:27:40.000Z,39624.475
"sum:task_queue_wait.avg{*}",tasktype:book_hotel,2025-01-21T03:27:50.000Z,39396.3
"sum:task_queue_wait.avg{*}",tasktype:book_hotel,2025-01-21T03:28:00.000Z,25832.898333
"sum:task_queue_wait.avg{*}",tasktype:book_hotel,2025-01-21T03:28:10.000Z,22661.366667
"sum:task_queue_wait.avg{*}",tasktype:book_hotel,2025-01-21T03:28:20.000Z,15854.696667
"sum:task_queue_wait.avg{*}",tasktype:book_hotel,2025-01-21T03:28:30.000Z,22739.109524
"sum:task_queue_wait.avg{*}",tasktype:book_hotel,2025-01-21T03:28:40.000Z,19192.786667
"sum:task_queue_wait.avg{*}",tasktype:book_hotel,2025-01-21T03:28:50.000Z,22549.65
"sum:task_queue_wait.avg{*}",tasktype:book_hotel,2025-01-21T03:29:00.000Z,20936.285
"sum:task_queue_wait.avg{*}",tasktype:book_hotel,2025-01-21T03:29:10.000Z,27568.183333
"sum:task_queue_wait.avg{*}",tasktype:book_hotel,2025-01-21T03:29:20.000Z,27426.183333
"sum:task_queue_wait.avg{*}",tasktype:book_hotel,2025-01-21T03:29:30.000Z,35401.727839
"sum:task_queue_wait.avg{*}",tasktype:book_hotel,2025-01-21T03:29:40.000Z,24458.908333
"sum:task_queue_wait.avg{*}",tasktype:book_hotel,2025-01-21T03:29:50.000Z,30174.466667
"sum:task_queue_wait.avg{*}",tasktype:book_hotel,2025-01-21T03:30:00.000Z,21850.2
"sum:task_queue_wait.avg{*}",tasktype:book_hotel,2025-01-21T03:30:10.000Z,33292.074603
"sum:task_queue_wait.avg{*}",tasktype:book_hotel,2025-01-21T03:30:20.000Z,40540.516667
"sum:task_queue_wait.avg{*}",tasktype:book_hotel,2025-01-21T03:30:30.000Z,28873.4
"sum:task_queue_wait.avg{*}",tasktype:book_hotel,2025-01-21T03:30:40.000Z,48001.928571
"sum:task_queue_wait.avg{*}",tasktype:book_hotel,2025-01-21T03:30:50.000Z,33954.434167
"sum:task_queue_wait.avg{*}",tasktype:book_hotel,2025-01-21T03:31:00.000Z,31161.516667
"sum:task_queue_wait.avg{*}",tasktype:book_hotel,2025-01-21T03:31:10.000Z,28940.253333
"sum:task_queue_wait.avg{*}",tasktype:book_hotel,2025-01-21T03:31:20.000Z,31159.856667
"sum:task_queue_wait.avg{*}",tasktype:book_hotel,2025-01-21T03:31:30.000Z,16534.805
"sum:task_queue_wait.avg{*}",tasktype:book_hotel,2025-01-21T03:31:40.000Z,38450.75
"sum:task_queue_wait.avg{*}",tasktype:book_hotel,2025-01-21T03:31:50.000Z,27288.95
"sum:task_queue_wait.avg{*}",tasktype:book_hotel,2025-01-21T03:32:00.000Z,29596.608333
"sum:task_queue_wait.avg{*}",tasktype:book_hotel,2025-01-21T03:32:10.000Z,35228.7
"sum:task_queue_wait.avg{*}",tasktype:book_hotel,2025-01-21T03:32:20.000Z,30996.708333
"sum:task_queue_wait.avg{*}",tasktype:book_hotel,2025-01-21T03:32:30.000Z,34201.896667
"sum:task_queue_wait.avg{*}",tasktype:book_hotel,2025-01-21T03:32:40.000Z,28230.120833
"sum:task_queue_wait.avg{*}",tasktype:book_hotel,2025-01-21T03:32:50.000Z,34227.666667
"sum:task_queue_wait.avg{*}",tasktype:book_hotel,2025-01-21T03:33:00.000Z,31784.311364
"sum:task_queue_wait.avg{*}",tasktype:book_hotel,2025-01-21T03:33:10.000Z,23668.264444
"sum:task_queue_wait.avg{*}",tasktype:book_hotel,2025-01-21T03:33:20.000Z,21642.795238
"sum:task_queue_wait.avg{*}",tasktype:book_hotel,2025-01-21T03:33:30.000Z,30878.789286
"sum:task_queue_wait.avg{*}",tasktype:book_hotel,2025-01-21T03:33:40.000Z,34019.8375
"sum:task_queue_wait.avg{*}",tasktype:book_hotel,2025-01-21T03:33:50.000Z,22974.05697
"sum:task_queue_wait.avg{*}",tasktype:book_hotel,2025-01-21T03:34:00.000Z,33979.75
"sum:task_queue_wait.avg{*}",tasktype:book_hotel,2025-01-21T03:34:10.000Z,37955.766667
"sum:task_queue_wait.avg{*}",tasktype:book_hotel,2025-01-21T03:34:20.000Z,29282.025
"sum:task_queue_wait.avg{*}",tasktype:book_hotel,2025-01-21T03:34:30.000Z,39838.1
"sum:task_queue_wait.avg{*}",tasktype:book_hotel,2025-01-21T03:34:40.000Z,34639.65
"sum:task_queue_wait.avg{*}",tasktype:book_hotel,2025-01-21T03:34:50.000Z,42234.64
"sum:task_queue_wait.avg{*}",tasktype:book_hotel,2025-01-21T03:35:00.000Z,38275.29619
"sum:task_queue_wait.avg{*}",tasktype:book_hotel,2025-01-21T03:35:10.000Z,37233.020833
"sum:task_queue_wait.avg{*}",tasktype:book_hotel,2025-01-21T03:35:20.000Z,26188.55
"sum:task_queue_wait.avg{*}",tasktype:book_hotel,2025-01-21T03:35:30.000Z,36924.908333
"sum:task_queue_wait.avg{*}",tasktype:book_hotel,2025-01-21T03:35:40.000Z,36031.15
"sum:task_queue_wait.avg{*}",tasktype:book_hotel,2025-01-21T03:35:50.000Z,46591.96
"sum:task_queue_wait.avg{*}",tasktype:book_hotel,2025-01-21T03:36:00.000Z,25926.24
"sum:task_queue_wait.avg{*}",tasktype:book_hotel,2025-01-21T03:36:10.000Z,40764.1375
"sum:task_queue_wait.avg{*}",tasktype:book_hotel,2025-01-21T03:36:20.000Z,49783.677273
"sum:task_queue_wait.avg{*}",tasktype:book_hotel,2025-01-21T03:36:30.000Z,47380.85
"sum:task_queue_wait.avg{*}",tasktype:book_hotel,2025-01-21T03:36:40.000Z,49428.65
"sum:task_queue_wait.avg{*}",tasktype:book_hotel,2025-01-21T03:36:50.000Z,41351.388333
"sum:task_queue_wait.avg{*}",tasktype:book_hotel,2025-01-21T03:37:00.000Z,39185.308333
"sum:task_queue_wait.avg{*}",tasktype:book_hotel,2025-01-21T03:37:10.000Z,35807.344048
"sum:task_queue_wait.avg{*}",tasktype:book_hotel,2025-01-21T03:37:20.000Z,36175.335714
"sum:task_queue_wait.avg{*}",tasktype:book_hotel,2025-01-21T03:37:30.000Z,42676.5825
"sum:task_queue_wait.avg{*}",tasktype:book_hotel,2025-01-21T03:37:40.000Z,42671.92
"sum:task_queue_wait.avg{*}",tasktype:book_hotel,2025-01-21T03:37:50.000Z,32957.033333
"sum:task_queue_wait.avg{*}",tasktype:book_hotel,2025-01-21T03:38:00.000Z,36905.777778
"sum:task_queue_wait.avg{*}",tasktype:book_hotel,2025-01-21T03:38:10.000Z,38831.675
"sum:task_queue_wait.avg{*}",tasktype:book_hotel,2025-01-21T03:38:20.000Z,26711.234091
"sum:task_queue_wait.avg{*}",tasktype:book_hotel,2025-01-21T03:38:30.000Z,46501.67
"sum:task_queue_wait.avg{*}",tasktype:book_hotel,2025-01-21T03:38:40.000Z,42332.92
"sum:task_queue_wait.avg{*}",tasktype:book_hotel,2025-01-21T03:38:50.000Z,28282.446667
"sum:task_queue_wait.avg{*}",tasktype:book_hotel,2025-01-21T03:39:00.000Z,40691.561111
"sum:task_queue_wait.avg{*}",tasktype:book_hotel,2025-01-21T03:39:10.000Z,45879.916667
"sum:task_queue_wait.avg{*}",tasktype:book_hotel,2025-01-21T03:39:20.000Z,48317.65
"sum:task_queue_wait.avg{*}",tasktype:book_hotel,2025-01-21T03:39:30.000Z,48403.021429
"sum:task_queue_wait.avg{*}",tasktype:book_hotel,2025-01-21T03:39:40.000Z,38244.871429
"sum:task_queue_wait.avg{*}",tasktype:book_hotel,2025-01-21T03:39:50.000Z,49387.7625
"sum:task_queue_wait.avg{*}",tasktype:book_hotel,2025-01-21T03:40:00.000Z,38095.655556
"sum:task_queue_wait.avg{*}",tasktype:book_hotel,2025-01-21T03:40:10.000Z,59070.35
"sum:task_queue_wait.avg{*}",tasktype:book_hotel,2025-01-21T03:40:20.000Z,39244.633333
"sum:task_queue_wait.avg{*}",tasktype:book_hotel,2025-01-21T03:40:30.000Z,41217.833333
"sum:task_queue_wait.avg{*}",tasktype:book_hotel,2025-01-21T03:40:40.000Z,48734.083333
"sum:task_queue_wait.avg{*}",tasktype:book_hotel,2025-01-21T03:40:50.000Z,41652.519048
"sum:task_queue_wait.avg{*}",tasktype:book_hotel,2025-01-21T03:41:00.000Z,39506.15
"sum:task_queue_wait.avg{*}",tasktype:book_hotel,2025-01-21T03:41:10.000Z,30322.637607
"sum:task_queue_wait.avg{*}",tasktype:book_hotel,2025-01-21T03:41:20.000Z,49748.42
"sum:task_queue_wait.avg{*}",tasktype:book_hotel,2025-01-21T03:41:30.000Z,43533.366667
"sum:task_queue_wait.avg{*}",tasktype:book_hotel,2025-01-21T03:41:40.000Z,51726.665385
"sum:task_queue_wait.avg{*}",tasktype:book_hotel,2025-01-21T03:41:50.000Z,35909.191667
"sum:task_queue_wait.avg{*}",tasktype:book_hotel,2025-01-21T03:42:00.000Z,26879.658333
"sum:task_queue_wait.avg{*}",tasktype:book_hotel,2025-01-21T03:42:10.000Z,39483.115833
"sum:task_queue_wait.avg{*}",tasktype:book_hotel,2025-01-21T03:42:20.000Z,40563.8
"sum:task_queue_wait.avg{*}",tasktype:book_hotel,2025-01-21T03:42:30.000Z,45547.25
"sum:task_queue_wait.avg{*}",tasktype:book_hotel,2025-01-21T03:42:40.000Z,39363.82
"sum:task_queue_wait.avg{*}",tasktype:book_hotel,2025-01-21T03:42:50.000Z,41093.125
"sum:task_queue_wait.avg{*}",tasktype:book_hotel,2025-01-21T03:43:00.000Z,44104.546667
"sum:task_queue_wait.avg{*}",tasktype:book_hotel,2025-01-21T03:43:10.000Z,44987.658333
"sum:task_queue_wait.avg{*}",tasktype:book_hotel,2025-01-21T03:43:20.000Z,38983
"sum:task_queue_wait.avg{*}",tasktype:book_hotel,2025-01-21T03:43:30.000Z,51631.580303
"sum:task_queue_wait.avg{*}",tasktype:book_hotel,2025-01-21T03:43:40.000Z,57391.369048
"sum:task_queue_wait.avg{*}",tasktype:book_hotel,2025-01-21T03:43:50.000Z,50204.7
"sum:task_queue_wait.avg{*}",tasktype:book_hotel,2025-01-21T03:44:00.000Z,50018.995238
"sum:task_queue_wait.avg{*}",tasktype:book_hotel,2025-01-21T03:44:10.000Z,61365.807692
"sum:task_queue_wait.avg{*}",tasktype:book_hotel,2025-01-21T03:44:20.000Z,58398.875
"sum:task_queue_wait.avg{*}",tasktype:book_hotel,2025-01-21T03:44:30.000Z,47067.044444
"sum:task_queue_wait.avg{*}",tasktype:book_hotel,2025-01-21T03:44:40.000Z,58160.808333
"sum:task_queue_wait.avg{*}",tasktype:book_hotel,2025-01-21T03:44:50.000Z,48309.85
"sum:task_queue_wait.avg{*}",tasktype:book_hotel,2025-01-21T03:45:00.000Z,51679.966667
"sum:task_queue_wait.avg{*}",tasktype:book_hotel,2025-01-21T03:45:10.000Z,38069.816667
"sum:task_queue_wait.avg{*}",tasktype:book_hotel,2025-01-21T03:45:20.000Z,46297.3
"sum:task_queue_wait.avg{*}",tasktype:book_hotel,2025-01-21T03:45:30.000Z,57968.504762
"sum:task_queue_wait.avg{*}",tasktype:book_hotel,2025-01-21T03:45:40.000Z,59275.993333
"sum:task_queue_wait.avg{*}",tasktype:book_hotel,2025-01-21T03:45:50.000Z,62150.694444
"sum:task_queue_wait.avg{*}",tasktype:book_hotel,2025-01-21T03:46:00.000Z,37440.204444
"sum:task_queue_wait.avg{*}",tasktype:book_hotel,2025-01-21T03:46:10.000Z,79285.438333
"sum:task_queue_wait.avg{*}",tasktype:book_hotel,2025-01-21T03:46:20.000Z,56121.805556
"sum:task_queue_wait.avg{*}",tasktype:book_hotel,2025-01-21T03:46:30.000Z,51656.366667
"sum:task_queue_wait.avg{*}",tasktype:book_hotel,2025-01-21T03:46:40.000Z,51024.906349
"sum:task_queue_wait.avg{*}",tasktype:book_hotel,2025-01-21T03:46:50.000Z,57515.026984
"sum:task_queue_wait.avg{*}",tasktype:book_hotel,2025-01-21T03:47:00.000Z,37614.675
"sum:task_queue_wait.avg{*}",tasktype:book_hotel,2025-01-21T03:47:10.000Z,52426.52
"sum:task_queue_wait.avg{*}",tasktype:book_hotel,2025-01-21T03:47:20.000Z,52489.38254
"sum:task_queue_wait.avg{*}",tasktype:book_hotel,2025-01-21T03:47:30.000Z,55830.813333
"sum:task_queue_wait.avg{*}",tasktype:book_hotel,2025-01-21T03:47:40.000Z,66910.265
"sum:task_queue_wait.avg{*}",tasktype:book_hotel,2025-01-21T03:47:50.000Z,67328.394444
"sum:task_queue_wait.avg{*}",tasktype:book_hotel,2025-01-21T03:48:00.000Z,59057.666667
"sum:task_queue_wait.avg{*}",tasktype:book_hotel,2025-01-21T03:48:10.000Z,72297.8
"sum:task_queue_wait.avg{*}",tasktype:book_hotel,2025-01-21T03:48:20.000Z,68939.975
"sum:task_queue_wait.avg{*}",tasktype:book_hotel,2025-01-21T03:48:30.000Z,72849.453333
"sum:task_queue_wait.avg{*}",tasktype:book_hotel,2025-01-21T03:48:40.000Z,52012.68
"sum:task_queue_wait.avg{*}",tasktype:book_hotel,2025-01-21T03:48:50.000Z,72655.3
"sum:task_queue_wait.avg{*}",tasktype:book_hotel,2025-01-21T03:49:00.000Z,64138.891667
"sum:task_queue_wait.avg{*}",tasktype:book_hotel,2025-01-21T03:49:10.000Z,64597.241667
"sum:task_queue_wait.avg{*}",tasktype:book_hotel,2025-01-21T03:49:20.000Z,65172.902381
"sum:task_queue_wait.avg{*}",tasktype:book_hotel,2025-01-21T03:49:30.000Z,89174.777778
"sum:task_queue_wait.avg{*}",tasktype:book_hotel,2025-01-21T03:49:40.000Z,53316.440303
"sum:task_queue_wait.avg{*}",tasktype:book_hotel,2025-01-21T03:49:50.000Z,65985.876667
"sum:task_queue_wait.avg{*}",tasktype:book_hotel,2025-01-21T03:50:00.000Z,69840.007576
"sum:task_queue_wait.avg{*}",tasktype:book_hotel,2025-01-21T03:50:10.000Z,48408.816667
"sum:task_queue_wait.avg{*}",tasktype:book_hotel,2025-01-21T03:50:20.000Z,62106.935714
"sum:task_queue_wait.avg{*}",tasktype:book_hotel,2025-01-21T03:50:30.000Z,38599.468333
"sum:task_queue_wait.avg{*}",tasktype:book_hotel,2025-01-21T03:50:40.000Z,39440.133333
"sum:task_queue_wait.avg{*}",tasktype:book_hotel,2025-01-21T03:50:50.000Z,55781.233333
"sum:task_queue_wait.avg{*}",tasktype:book_hotel,2025-01-21T03:51:00.000Z,71424.235238
"sum:task_queue_wait.avg{*}",tasktype:book_hotel,2025-01-21T03:51:10.000Z,50010.561429
"sum:task_queue_wait.avg{*}",tasktype:book_hotel,2025-01-21T03:51:20.000Z,70664.525
"sum:task_queue_wait.avg{*}",tasktype:book_hotel,2025-01-21T03:51:30.000Z,63438.433333
"sum:task_queue_wait.avg{*}",tasktype:book_hotel,2025-01-21T03:51:40.000Z,67229.13
"sum:task_queue_wait.avg{*}",tasktype:book_hotel,2025-01-21T03:51:50.000Z,60199.457273
"sum:task_queue_wait.avg{*}",tasktype:book_hotel,2025-01-21T03:52:00.000Z,82407.3375
"sum:task_queue_wait.avg{*}",tasktype:book_hotel,2025-01-21T03:52:10.000Z,75369.87
"sum:task_queue_wait.avg{*}",tasktype:book_hotel,2025-01-21T03:52:20.000Z,55083.358333
"sum:task_queue_wait.avg{*}",tasktype:book_hotel,2025-01-21T03:52:30.000Z,79957.5
"sum:task_queue_wait.avg{*}",tasktype:book_hotel,2025-01-21T03:52:40.000Z,87706.269231
"sum:task_queue_wait.avg{*}",tasktype:book_hotel,2025-01-21T03:52:50.000Z,56162.9
"sum:task_queue_wait.avg{*}",tasktype:book_hotel,2025-01-21T03:53:00.000Z,72195.1
"sum:task_queue_wait.avg{*}",tasktype:book_hotel,2025-01-21T03:53:10.000Z,74868.163333
"sum:task_queue_wait.avg{*}",tasktype:book_hotel,2025-01-21T03:53:20.000Z,87037.77
"sum:task_queue_wait.avg{*}",tasktype:book_hotel,2025-01-21T03:53:30.000Z,88256.9
"sum:task_queue_wait.avg{*}",tasktype:book_hotel,2025-01-21T03:53:40.000Z,85466.611111
"sum:task_queue_wait.avg{*}",tasktype:book_hotel,2025-01-21T03:53:50.000Z,48931.266667
"sum:task_queue_wait.avg{*}",tasktype:book_hotel,2025-01-21T03:54:00.000Z,78487.35
"sum:task_queue_wait.avg{*}",tasktype:book_hotel,2025-01-21T03:54:10.000Z,66860.04
"sum:task_queue_wait.avg{*}",tasktype:book_hotel,2025-01-21T03:54:20.000Z,93772.941667
"sum:task_queue_wait.avg{*}",tasktype:book_hotel,2025-01-21T03:54:30.000Z,73818.153788
"sum:task_queue_wait.avg{*}",tasktype:book_hotel,2025-01-21T03:54:40.000Z,71452.403333
"sum:task_queue_wait.avg{*}",tasktype:book_hotel,2025-01-21T03:54:50.000Z,57372.933095
"sum:task_queue_wait.avg{*}",tasktype:book_hotel,2025-01-21T03:55:00.000Z,80597.025
"sum:task_queue_wait.avg{*}",tasktype:book_hotel,2025-01-21T03:55:10.000Z,69754.651667
"sum:task_queue_wait.avg{*}",tasktype:book_hotel,2025-01-21T03:55:20.000Z,58257.45
"sum:task_queue_wait.avg{*}",tasktype:book_hotel,2025-01-21T03:55:30.000Z,85399.416667
"sum:task_queue_wait.avg{*}",tasktype:book_hotel,2025-01-21T03:55:40.000Z,73456.733333
"sum:task_queue_wait.avg{*}",tasktype:book_hotel,2025-01-21T03:55:50.000Z,90586.583333
"sum:task_queue_wait.avg{*}",tasktype:book_hotel,2025-01-21T03:56:00.000Z,87442.8
"sum:task_queue_wait.avg{*}",tasktype:book_hotel,2025-01-21T03:56:10.000Z,61553.72
"sum:task_queue_wait.avg{*}",tasktype:book_hotel,2025-01-21T03:56:20.000Z,50272.645833
"sum:task_queue_wait.avg{*}",tasktype:book_hotel,2025-01-21T03:56:30.000Z,64338.125
"sum:task_queue_wait.avg{*}",tasktype:book_hotel,2025-01-21T03:56:40.000Z,107188.35
"sum:task_queue_wait.avg{*}",tasktype:book_hotel,2025-01-21T03:56:50.000Z,83725.883333
"sum:task_queue_wait.avg{*}",tasktype:book_hotel,2025-01-21T03:57:00.000Z,85513.033333
"sum:task_queue_wait.avg{*}",tasktype:book_hotel,2025-01-21T03:57:10.000Z,115979.786905
"sum:task_queue_wait.avg{*}",tasktype:book_hotel,2025-01-21T03:57:20.000Z,98674.929762
"sum:task_queue_wait.avg{*}",tasktype:book_hotel,2025-01-21T03:57:30.000Z,68246.745
"sum:task_queue_wait.avg{*}",tasktype:book_hotel,2025-01-21T03:57:40.000Z,96031.506667
"sum:task_queue_wait.avg{*}",tasktype:book_hotel,2025-01-21T03:57:50.000Z,80090.6
"sum:task_queue_wait.avg{*}",tasktype:book_hotel,2025-01-21T03:58:00.000Z,90093.933333
"sum:task_queue_wait.avg{*}",tasktype:book_hotel,2025-01-21T03:58:10.000Z,84662.634048
"sum:task_queue_wait.avg{*}",tasktype:book_hotel,2025-01-21T03:58:20.000Z,76881.370833
"sum:task_queue_wait.avg{*}",tasktype:book_hotel,2025-01-21T03:58:30.000Z,61113.798611
"sum:task_queue_wait.avg{*}",tasktype:book_hotel,2025-01-21T03:58:40.000Z,65373.2
"sum:task_queue_wait.avg{*}",tasktype:book_hotel,2025-01-21T03:58:50.000Z,77831.036859
"sum:task_queue_wait.avg{*}",tasktype:book_hotel,2025-01-21T03:59:00.000Z,53127.243065
"sum:task_queue_wait.avg{*}",tasktype:book_hotel,2025-01-21T03:59:10.000Z,11461.376471
"sum:task_queue_wait.avg{*}",tasktype:book_hotel,2025-01-21T03:59:20.000Z,0
"sum:task_queue_wait.avg{*}",tasktype:book_hotel,2025-01-21T03:59:30.000Z,0
"sum:task_queue_wait.avg{*}",tasktype:book_hotel,2025-01-21T03:59:40.000Z,0
"sum:task_queue_wait.avg{*}",tasktype:cancel_flight_booking,2025-01-21T03:13:10.000Z,0
"sum:task_queue_wait.avg{*}",tasktype:cancel_flight_booking,2025-01-21T03:13:20.000Z,0
"sum:task_queue_wait.avg{*}",tasktype:cancel_flight_booking,2025-01-21T03:13:30.000Z,0
"sum:task_queue_wait.avg{*}",tasktype:cancel_flight_booking,2025-01-21T03:13:40.000Z,0
"sum:task_queue_wait.avg{*}",tasktype:cancel_flight_booking,2025-01-21T03:13:50.000Z,0
"sum:task_queue_wait.avg{*}",tasktype:cancel_flight_booking,2025-01-21T03:14:00.000Z,0
"sum:task_queue_wait.avg{*}",tasktype:cancel_flight_booking,2025-01-21T03:14:10.000Z,0
"sum:task_queue_wait.avg{*}",tasktype:cancel_flight_booking,2025-01-21T03:14:20.000Z,0
"sum:task_queue_wait.avg{*}",tasktype:cancel_flight_booking,2025-01-21T03:14:30.000Z,0
"sum:task_queue_wait.avg{*}",tasktype:cancel_flight_booking,2025-01-21T03:14:40.000Z,0
"sum:task_queue_wait.avg{*}",tasktype:cancel_flight_booking,2025-01-21T03:14:50.000Z,0
"sum:task_queue_wait.avg{*}",tasktype:cancel_flight_booking,2025-01-21T03:15:00.000Z,0
"sum:task_queue_wait.avg{*}",tasktype:cancel_flight_booking,2025-01-21T03:15:10.000Z,0
"sum:task_queue_wait.avg{*}",tasktype:cancel_flight_booking,2025-01-21T03:15:20.000Z,0
"sum:task_queue_wait.avg{*}",tasktype:cancel_flight_booking,2025-01-21T03:15:30.000Z,0
"sum:task_queue_wait.avg{*}",tasktype:cancel_flight_booking,2025-01-21T03:15:40.000Z,0
"sum:task_queue_wait.avg{*}",tasktype:cancel_flight_booking,2025-01-21T03:15:50.000Z,0
"sum:task_queue_wait.avg{*}",tasktype:cancel_flight_booking,2025-01-21T03:16:00.000Z,0
"sum:task_queue_wait.avg{*}",tasktype:cancel_flight_booking,2025-01-21T03:16:10.000Z,0
"sum:task_queue_wait.avg{*}",tasktype:cancel_flight_booking,2025-01-21T03:16:20.000Z,0
"sum:task_queue_wait.avg{*}",tasktype:cancel_flight_booking,2025-01-21T03:16:30.000Z,0
"sum:task_queue_wait.avg{*}",tasktype:cancel_flight_booking,2025-01-21T03:16:40.000Z,0
"sum:task_queue_wait.avg{*}",tasktype:cancel_flight_booking,2025-01-21T03:16:50.000Z,0
"sum:task_queue_wait.avg{*}",tasktype:cancel_flight_booking,2025-01-21T03:17:00.000Z,0
"sum:task_queue_wait.avg{*}",tasktype:cancel_flight_booking,2025-01-21T03:17:10.000Z,0
"sum:task_queue_wait.avg{*}",tasktype:cancel_flight_booking,2025-01-21T03:17:20.000Z,0
"sum:task_queue_wait.avg{*}",tasktype:cancel_flight_booking,2025-01-21T03:17:30.000Z,340.075
"sum:task_queue_wait.avg{*}",tasktype:cancel_flight_booking,2025-01-21T03:17:40.000Z,1112.35
"sum:task_queue_wait.avg{*}",tasktype:cancel_flight_booking,2025-01-21T03:17:50.000Z,658.1
"sum:task_queue_wait.avg{*}",tasktype:cancel_flight_booking,2025-01-21T03:18:00.000Z,1046.716667
"sum:task_queue_wait.avg{*}",tasktype:cancel_flight_booking,2025-01-21T03:18:10.000Z,426.7
"sum:task_queue_wait.avg{*}",tasktype:cancel_flight_booking,2025-01-21T03:18:20.000Z,703.1
"sum:task_queue_wait.avg{*}",tasktype:cancel_flight_booking,2025-01-21T03:18:30.000Z,416.575
"sum:task_queue_wait.avg{*}",tasktype:cancel_flight_booking,2025-01-21T03:18:40.000Z,359.6
"sum:task_queue_wait.avg{*}",tasktype:cancel_flight_booking,2025-01-21T03:18:50.000Z,373.133333
"sum:task_queue_wait.avg{*}",tasktype:cancel_flight_booking,2025-01-21T03:19:00.000Z,1104.575
"sum:task_queue_wait.avg{*}",tasktype:cancel_flight_booking,2025-01-21T03:19:10.000Z,389.65
"sum:task_queue_wait.avg{*}",tasktype:cancel_flight_booking,2025-01-21T03:19:20.000Z,877.35
"sum:task_queue_wait.avg{*}",tasktype:cancel_flight_booking,2025-01-21T03:19:30.000Z,57.7
"sum:task_queue_wait.avg{*}",tasktype:cancel_flight_booking,2025-01-21T03:19:40.000Z,770.95
"sum:task_queue_wait.avg{*}",tasktype:cancel_flight_booking,2025-01-21T03:19:50.000Z,61.6
"sum:task_queue_wait.avg{*}",tasktype:cancel_flight_booking,2025-01-21T03:20:00.000Z,153.5
"sum:task_queue_wait.avg{*}",tasktype:cancel_flight_booking,2025-01-21T03:20:10.000Z,0
"sum:task_queue_wait.avg{*}",tasktype:cancel_flight_booking,2025-01-21T03:20:20.000Z,0
"sum:task_queue_wait.avg{*}",tasktype:cancel_flight_booking,2025-01-21T03:20:30.000Z,0
"sum:task_queue_wait.avg{*}",tasktype:cancel_flight_booking,2025-01-21T03:20:40.000Z,0
"sum:task_queue_wait.avg{*}",tasktype:cancel_flight_booking,2025-01-21T03:20:50.000Z,0
"sum:task_queue_wait.avg{*}",tasktype:cancel_flight_booking,2025-01-21T03:21:00.000Z,0
"sum:task_queue_wait.avg{*}",tasktype:cancel_flight_booking,2025-01-21T03:21:10.000Z,0
"sum:task_queue_wait.avg{*}",tasktype:cancel_flight_booking,2025-01-21T03:21:20.000Z,0
"sum:task_queue_wait.avg{*}",tasktype:cancel_flight_booking,2025-01-21T03:21:30.000Z,0
"sum:task_queue_wait.avg{*}",tasktype:cancel_flight_booking,2025-01-21T03:21:40.000Z,0
"sum:task_queue_wait.avg{*}",tasktype:cancel_flight_booking,2025-01-21T03:21:50.000Z,75.8
"sum:task_queue_wait.avg{*}",tasktype:cancel_flight_booking,2025-01-21T03:22:00.000Z,520.4
"sum:task_queue_wait.avg{*}",tasktype:cancel_flight_booking,2025-01-21T03:22:10.000Z,528.1
"sum:task_queue_wait.avg{*}",tasktype:cancel_flight_booking,2025-01-21T03:22:20.000Z,1051.966667
"sum:task_queue_wait.avg{*}",tasktype:cancel_flight_booking,2025-01-21T03:22:30.000Z,596.4
"sum:task_queue_wait.avg{*}",tasktype:cancel_flight_booking,2025-01-21T03:22:40.000Z,486.05
"sum:task_queue_wait.avg{*}",tasktype:cancel_flight_booking,2025-01-21T03:22:50.000Z,1189.6
"sum:task_queue_wait.avg{*}",tasktype:cancel_flight_booking,2025-01-21T03:23:00.000Z,544.9
"sum:task_queue_wait.avg{*}",tasktype:cancel_flight_booking,2025-01-21T03:23:10.000Z,100.6
"sum:task_queue_wait.avg{*}",tasktype:cancel_flight_booking,2025-01-21T03:23:20.000Z,413.4
"sum:task_queue_wait.avg{*}",tasktype:cancel_flight_booking,2025-01-21T03:23:30.000Z,496.15
"sum:task_queue_wait.avg{*}",tasktype:cancel_flight_booking,2025-01-21T03:23:40.000Z,306.2
"sum:task_queue_wait.avg{*}",tasktype:cancel_flight_booking,2025-01-21T03:23:50.000Z,206.06
"sum:task_queue_wait.avg{*}",tasktype:cancel_flight_booking,2025-01-21T03:24:00.000Z,264.7
"sum:task_queue_wait.avg{*}",tasktype:cancel_flight_booking,2025-01-21T03:24:10.000Z,320.9
"sum:task_queue_wait.avg{*}",tasktype:cancel_flight_booking,2025-01-21T03:24:20.000Z,740.35
"sum:task_queue_wait.avg{*}",tasktype:cancel_flight_booking,2025-01-21T03:24:30.000Z,799.3
"sum:task_queue_wait.avg{*}",tasktype:cancel_flight_booking,2025-01-21T03:24:40.000Z,416.35
"sum:task_queue_wait.avg{*}",tasktype:cancel_flight_booking,2025-01-21T03:24:50.000Z,389.7
"sum:task_queue_wait.avg{*}",tasktype:cancel_flight_booking,2025-01-21T03:25:00.000Z,0
"sum:task_queue_wait.avg{*}",tasktype:cancel_flight_booking,2025-01-21T03:25:10.000Z,96.4
"sum:task_queue_wait.avg{*}",tasktype:cancel_flight_booking,2025-01-21T03:25:20.000Z,185.2
"sum:task_queue_wait.avg{*}",tasktype:cancel_flight_booking,2025-01-21T03:25:30.000Z,70.3
"sum:task_queue_wait.avg{*}",tasktype:cancel_flight_booking,2025-01-21T03:25:40.000Z,88.9
"sum:task_queue_wait.avg{*}",tasktype:cancel_flight_booking,2025-01-21T03:25:50.000Z,0
"sum:task_queue_wait.avg{*}",tasktype:cancel_flight_booking,2025-01-21T03:26:00.000Z,0
"sum:task_queue_wait.avg{*}",tasktype:cancel_flight_booking,2025-01-21T03:26:10.000Z,0
"sum:task_queue_wait.avg{*}",tasktype:cancel_flight_booking,2025-01-21T03:26:20.000Z,0
"sum:task_queue_wait.avg{*}",tasktype:cancel_flight_booking,2025-01-21T03:26:30.000Z,82.2
"sum:task_queue_wait.avg{*}",tasktype:cancel_flight_booking,2025-01-21T03:26:40.000Z,0
"sum:task_queue_wait.avg{*}",tasktype:cancel_flight_booking,2025-01-21T03:26:50.000Z,110.1
"sum:task_queue_wait.avg{*}",tasktype:cancel_flight_booking,2025-01-21T03:27:00.000Z,57
"sum:task_queue_wait.avg{*}",tasktype:cancel_flight_booking,2025-01-21T03:27:10.000Z,0
"sum:task_queue_wait.avg{*}",tasktype:cancel_flight_booking,2025-01-21T03:27:20.000Z,0
"sum:task_queue_wait.avg{*}",tasktype:cancel_flight_booking,2025-01-21T03:27:30.000Z,416.15
"sum:task_queue_wait.avg{*}",tasktype:cancel_flight_booking,2025-01-21T03:27:40.000Z,217.7
"sum:task_queue_wait.avg{*}",tasktype:cancel_flight_booking,2025-01-21T03:27:50.000Z,585
"sum:task_queue_wait.avg{*}",tasktype:cancel_flight_booking,2025-01-21T03:28:00.000Z,1039.1
"sum:task_queue_wait.avg{*}",tasktype:cancel_flight_booking,2025-01-21T03:28:10.000Z,421.2
"sum:task_queue_wait.avg{*}",tasktype:cancel_flight_booking,2025-01-21T03:28:20.000Z,703.45
"sum:task_queue_wait.avg{*}",tasktype:cancel_flight_booking,2025-01-21T03:28:30.000Z,497.533333
"sum:task_queue_wait.avg{*}",tasktype:cancel_flight_booking,2025-01-21T03:28:40.000Z,568.695
"sum:task_queue_wait.avg{*}",tasktype:cancel_flight_booking,2025-01-21T03:28:50.000Z,65.5
"sum:task_queue_wait.avg{*}",tasktype:cancel_flight_booking,2025-01-21T03:29:00.000Z,399.3
"sum:task_queue_wait.avg{*}",tasktype:cancel_flight_booking,2025-01-21T03:29:10.000Z,197.8
"sum:task_queue_wait.avg{*}",tasktype:cancel_flight_booking,2025-01-21T03:29:20.000Z,130.7
"sum:task_queue_wait.avg{*}",tasktype:cancel_flight_booking,2025-01-21T03:29:30.000Z,258.5
"sum:task_queue_wait.avg{*}",tasktype:cancel_flight_booking,2025-01-21T03:29:40.000Z,759.75
"sum:task_queue_wait.avg{*}",tasktype:cancel_flight_booking,2025-01-21T03:29:50.000Z,881.4
"sum:task_queue_wait.avg{*}",tasktype:cancel_flight_booking,2025-01-21T03:30:00.000Z,71.7
"sum:task_queue_wait.avg{*}",tasktype:cancel_flight_booking,2025-01-21T03:30:10.000Z,100.9
"sum:task_queue_wait.avg{*}",tasktype:cancel_flight_booking,2025-01-21T03:30:20.000Z,88.2
"sum:task_queue_wait.avg{*}",tasktype:cancel_flight_booking,2025-01-21T03:30:30.000Z,0
"sum:task_queue_wait.avg{*}",tasktype:cancel_flight_booking,2025-01-21T03:30:40.000Z,93.4
"sum:task_queue_wait.avg{*}",tasktype:cancel_flight_booking,2025-01-21T03:30:50.000Z,204.766667
"sum:task_queue_wait.avg{*}",tasktype:cancel_flight_booking,2025-01-21T03:31:00.000Z,176.3
"sum:task_queue_wait.avg{*}",tasktype:cancel_flight_booking,2025-01-21T03:31:10.000Z,73.7
"sum:task_queue_wait.avg{*}",tasktype:cancel_flight_booking,2025-01-21T03:31:20.000Z,59.8
"sum:task_queue_wait.avg{*}",tasktype:cancel_flight_booking,2025-01-21T03:31:30.000Z,0
"sum:task_queue_wait.avg{*}",tasktype:cancel_flight_booking,2025-01-21T03:31:40.000Z,0
"sum:task_queue_wait.avg{*}",tasktype:cancel_flight_booking,2025-01-21T03:31:50.000Z,154.85
"sum:task_queue_wait.avg{*}",tasktype:cancel_flight_booking,2025-01-21T03:32:00.000Z,0
"sum:task_queue_wait.avg{*}",tasktype:cancel_flight_booking,2025-01-21T03:32:10.000Z,345.05
"sum:task_queue_wait.avg{*}",tasktype:cancel_flight_booking,2025-01-21T03:32:20.000Z,70.2
"sum:task_queue_wait.avg{*}",tasktype:cancel_flight_booking,2025-01-21T03:32:30.000Z,383.466667
"sum:task_queue_wait.avg{*}",tasktype:cancel_flight_booking,2025-01-21T03:32:40.000Z,247
"sum:task_queue_wait.avg{*}",tasktype:cancel_flight_booking,2025-01-21T03:32:50.000Z,1011.8
"sum:task_queue_wait.avg{*}",tasktype:cancel_flight_booking,2025-01-21T03:33:00.000Z,873.1
"sum:task_queue_wait.avg{*}",tasktype:cancel_flight_booking,2025-01-21T03:33:10.000Z,641.525
"sum:task_queue_wait.avg{*}",tasktype:cancel_flight_booking,2025-01-21T03:33:20.000Z,711.7
"sum:task_queue_wait.avg{*}",tasktype:cancel_flight_booking,2025-01-21T03:33:30.000Z,385.7
"sum:task_queue_wait.avg{*}",tasktype:cancel_flight_booking,2025-01-21T03:33:40.000Z,237.7
"sum:task_queue_wait.avg{*}",tasktype:cancel_flight_booking,2025-01-21T03:33:50.000Z,756.525
"sum:task_queue_wait.avg{*}",tasktype:cancel_flight_booking,2025-01-21T03:34:00.000Z,218.3
"sum:task_queue_wait.avg{*}",tasktype:cancel_flight_booking,2025-01-21T03:34:10.000Z,452.5
"sum:task_queue_wait.avg{*}",tasktype:cancel_flight_booking,2025-01-21T03:34:20.000Z,132
"sum:task_queue_wait.avg{*}",tasktype:cancel_flight_booking,2025-01-21T03:34:30.000Z,87.7
"sum:task_queue_wait.avg{*}",tasktype:cancel_flight_booking,2025-01-21T03:34:40.000Z,439.4
"sum:task_queue_wait.avg{*}",tasktype:cancel_flight_booking,2025-01-21T03:34:50.000Z,233.8
"sum:task_queue_wait.avg{*}",tasktype:cancel_flight_booking,2025-01-21T03:35:00.000Z,308.5
"sum:task_queue_wait.avg{*}",tasktype:cancel_flight_booking,2025-01-21T03:35:10.000Z,255.7
"sum:task_queue_wait.avg{*}",tasktype:cancel_flight_booking,2025-01-21T03:35:20.000Z,0
"sum:task_queue_wait.avg{*}",tasktype:cancel_flight_booking,2025-01-21T03:35:30.000Z,219.6
"sum:task_queue_wait.avg{*}",tasktype:cancel_flight_booking,2025-01-21T03:35:40.000Z,76.4
"sum:task_queue_wait.avg{*}",tasktype:cancel_flight_booking,2025-01-21T03:35:50.000Z,0
"sum:task_queue_wait.avg{*}",tasktype:cancel_flight_booking,2025-01-21T03:36:00.000Z,0
"sum:task_queue_wait.avg{*}",tasktype:cancel_flight_booking,2025-01-21T03:36:10.000Z,222.7
"sum:task_queue_wait.avg{*}",tasktype:cancel_flight_booking,2025-01-21T03:36:20.000Z,65.6
"sum:task_queue_wait.avg{*}",tasktype:cancel_flight_booking,2025-01-21T03:36:30.000Z,295.5
"sum:task_queue_wait.avg{*}",tasktype:cancel_flight_booking,2025-01-21T03:36:40.000Z,411
"sum:task_queue_wait.avg{*}",tasktype:cancel_flight_booking,2025-01-21T03:36:50.000Z,283.05
"sum:task_queue_wait.avg{*}",tasktype:cancel_flight_booking,2025-01-21T03:37:00.000Z,347.5
"sum:task_queue_wait.avg{*}",tasktype:cancel_flight_booking,2025-01-21T03:37:10.000Z,472.033333
"sum:task_queue_wait.avg{*}",tasktype:cancel_flight_booking,2025-01-21T03:37:20.000Z,1483.45
"sum:task_queue_wait.avg{*}",tasktype:cancel_flight_booking,2025-01-21T03:37:30.000Z,556.95
"sum:task_queue_wait.avg{*}",tasktype:cancel_flight_booking,2025-01-21T03:37:40.000Z,561.166667
"sum:task_queue_wait.avg{*}",tasktype:cancel_flight_booking,2025-01-21T03:37:50.000Z,678.8
"sum:task_queue_wait.avg{*}",tasktype:cancel_flight_booking,2025-01-21T03:38:00.000Z,297.6
"sum:task_queue_wait.avg{*}",tasktype:cancel_flight_booking,2025-01-21T03:38:10.000Z,321.3
"sum:task_queue_wait.avg{*}",tasktype:cancel_flight_booking,2025-01-21T03:38:20.000Z,690.9
"sum:task_queue_wait.avg{*}",tasktype:cancel_flight_booking,2025-01-21T03:38:30.000Z,731.4
"sum:task_queue_wait.avg{*}",tasktype:cancel_flight_booking,2025-01-21T03:38:40.000Z,346.3
"sum:task_queue_wait.avg{*}",tasktype:cancel_flight_booking,2025-01-21T03:38:50.000Z,77.9
"sum:task_queue_wait.avg{*}",tasktype:cancel_flight_booking,2025-01-21T03:39:00.000Z,631.683333
"sum:task_queue_wait.avg{*}",tasktype:cancel_flight_booking,2025-01-21T03:39:10.000Z,258.1
"sum:task_queue_wait.avg{*}",tasktype:cancel_flight_booking,2025-01-21T03:39:20.000Z,85.3
"sum:task_queue_wait.avg{*}",tasktype:cancel_flight_booking,2025-01-21T03:39:30.000Z,756
"sum:task_queue_wait.avg{*}",tasktype:cancel_flight_booking,2025-01-21T03:39:40.000Z,71.2
"sum:task_queue_wait.avg{*}",tasktype:cancel_flight_booking,2025-01-21T03:39:50.000Z,66.9
"sum:task_queue_wait.avg{*}",tasktype:cancel_flight_booking,2025-01-21T03:40:00.000Z,68.3
"sum:task_queue_wait.avg{*}",tasktype:cancel_flight_booking,2025-01-21T03:40:10.000Z,554.3
"sum:task_queue_wait.avg{*}",tasktype:cancel_flight_booking,2025-01-21T03:40:20.000Z,2.7
"sum:task_queue_wait.avg{*}",tasktype:cancel_flight_booking,2025-01-21T03:40:30.000Z,85.6
"sum:task_queue_wait.avg{*}",tasktype:cancel_flight_booking,2025-01-21T03:40:40.000Z,70.7
"sum:task_queue_wait.avg{*}",tasktype:cancel_flight_booking,2025-01-21T03:40:50.000Z,112.4
"sum:task_queue_wait.avg{*}",tasktype:cancel_flight_booking,2025-01-21T03:41:00.000Z,98.9
"sum:task_queue_wait.avg{*}",tasktype:cancel_flight_booking,2025-01-21T03:41:10.000Z,666.9
"sum:task_queue_wait.avg{*}",tasktype:cancel_flight_booking,2025-01-21T03:41:20.000Z,662.383333
"sum:task_queue_wait.avg{*}",tasktype:cancel_flight_booking,2025-01-21T03:41:30.000Z,896.2
"sum:task_queue_wait.avg{*}",tasktype:cancel_flight_booking,2025-01-21T03:41:40.000Z,341.866667
"sum:task_queue_wait.avg{*}",tasktype:cancel_flight_booking,2025-01-21T03:41:50.000Z,825.4
"sum:task_queue_wait.avg{*}",tasktype:cancel_flight_booking,2025-01-21T03:42:00.000Z,631.15
"sum:task_queue_wait.avg{*}",tasktype:cancel_flight_booking,2025-01-21T03:42:10.000Z,891.316667
"sum:task_queue_wait.avg{*}",tasktype:cancel_flight_booking,2025-01-21T03:42:20.000Z,208.3
"sum:task_queue_wait.avg{*}",tasktype:cancel_flight_booking,2025-01-21T03:42:30.000Z,916.8
"sum:task_queue_wait.avg{*}",tasktype:cancel_flight_booking,2025-01-21T03:42:40.000Z,334.7
"sum:task_queue_wait.avg{*}",tasktype:cancel_flight_booking,2025-01-21T03:42:50.000Z,540.35
"sum:task_queue_wait.avg{*}",tasktype:cancel_flight_booking,2025-01-21T03:43:00.000Z,545.8
"sum:task_queue_wait.avg{*}",tasktype:cancel_flight_booking,2025-01-21T03:43:10.000Z,353.9
"sum:task_queue_wait.avg{*}",tasktype:cancel_flight_booking,2025-01-21T03:43:20.000Z,593.55
"sum:task_queue_wait.avg{*}",tasktype:cancel_flight_booking,2025-01-21T03:43:30.000Z,0
"sum:task_queue_wait.avg{*}",tasktype:cancel_flight_booking,2025-01-21T03:43:40.000Z,213
"sum:task_queue_wait.avg{*}",tasktype:cancel_flight_booking,2025-01-21T03:43:50.000Z,281.1
"sum:task_queue_wait.avg{*}",tasktype:cancel_flight_booking,2025-01-21T03:44:00.000Z,63.2
"sum:task_queue_wait.avg{*}",tasktype:cancel_flight_booking,2025-01-21T03:44:10.000Z,102.1
"sum:task_queue_wait.avg{*}",tasktype:cancel_flight_booking,2025-01-21T03:44:20.000Z,219.9
"sum:task_queue_wait.avg{*}",tasktype:cancel_flight_booking,2025-01-21T03:44:30.000Z,126.05
"sum:task_queue_wait.avg{*}",tasktype:cancel_flight_booking,2025-01-21T03:44:40.000Z,386.1
"sum:task_queue_wait.avg{*}",tasktype:cancel_flight_booking,2025-01-21T03:44:50.000Z,143.7
"sum:task_queue_wait.avg{*}",tasktype:cancel_flight_booking,2025-01-21T03:45:00.000Z,0
"sum:task_queue_wait.avg{*}",tasktype:cancel_flight_booking,2025-01-21T03:45:10.000Z,125.2
"sum:task_queue_wait.avg{*}",tasktype:cancel_flight_booking,2025-01-21T03:45:20.000Z,434.8
"sum:task_queue_wait.avg{*}",tasktype:cancel_flight_booking,2025-01-21T03:45:30.000Z,336.9
"sum:task_queue_wait.avg{*}",tasktype:cancel_flight_booking,2025-01-21T03:45:40.000Z,984
"sum:task_queue_wait.avg{*}",tasktype:cancel_flight_booking,2025-01-21T03:45:50.000Z,475.3
"sum:task_queue_wait.avg{*}",tasktype:cancel_flight_booking,2025-01-21T03:46:00.000Z,343.15
"sum:task_queue_wait.avg{*}",tasktype:cancel_flight_booking,2025-01-21T03:46:10.000Z,783.483333
"sum:task_queue_wait.avg{*}",tasktype:cancel_flight_booking,2025-01-21T03:46:20.000Z,61.6
"sum:task_queue_wait.avg{*}",tasktype:cancel_flight_booking,2025-01-21T03:46:30.000Z,151.5
"sum:task_queue_wait.avg{*}",tasktype:cancel_flight_booking,2025-01-21T03:46:40.000Z,1056.625
"sum:task_queue_wait.avg{*}",tasktype:cancel_flight_booking,2025-01-21T03:46:50.000Z,604.8
"sum:task_queue_wait.avg{*}",tasktype:cancel_flight_booking,2025-01-21T03:47:00.000Z,265.7
"sum:task_queue_wait.avg{*}",tasktype:cancel_flight_booking,2025-01-21T03:47:10.000Z,293.1
"sum:task_queue_wait.avg{*}",tasktype:cancel_flight_booking,2025-01-21T03:47:20.000Z,1010.8
"sum:task_queue_wait.avg{*}",tasktype:cancel_flight_booking,2025-01-21T03:47:30.000Z,75.9
"sum:task_queue_wait.avg{*}",tasktype:cancel_flight_booking,2025-01-21T03:47:40.000Z,198.3
"sum:task_queue_wait.avg{*}",tasktype:cancel_flight_booking,2025-01-21T03:47:50.000Z,336.75
"sum:task_queue_wait.avg{*}",tasktype:cancel_flight_booking,2025-01-21T03:48:00.000Z,574.2
"sum:task_queue_wait.avg{*}",tasktype:cancel_flight_booking,2025-01-21T03:48:10.000Z,0
"sum:task_queue_wait.avg{*}",tasktype:cancel_flight_booking,2025-01-21T03:48:20.000Z,0
"sum:task_queue_wait.avg{*}",tasktype:cancel_flight_booking,2025-01-21T03:48:30.000Z,94.6
"sum:task_queue_wait.avg{*}",tasktype:cancel_flight_booking,2025-01-21T03:48:40.000Z,254.5
"sum:task_queue_wait.avg{*}",tasktype:cancel_flight_booking,2025-01-21T03:48:50.000Z,183.4
"sum:task_queue_wait.avg{*}",tasktype:cancel_flight_booking,2025-01-21T03:49:00.000Z,655.9
"sum:task_queue_wait.avg{*}",tasktype:cancel_flight_booking,2025-01-21T03:49:10.000Z,0
"sum:task_queue_wait.avg{*}",tasktype:cancel_flight_booking,2025-01-21T03:49:20.000Z,56.6
"sum:task_queue_wait.avg{*}",tasktype:cancel_flight_booking,2025-01-21T03:49:30.000Z,268.3
"sum:task_queue_wait.avg{*}",tasktype:cancel_flight_booking,2025-01-21T03:49:40.000Z,449.116667
"sum:task_queue_wait.avg{*}",tasktype:cancel_flight_booking,2025-01-21T03:49:50.000Z,562.775
"sum:task_queue_wait.avg{*}",tasktype:cancel_flight_booking,2025-01-21T03:50:00.000Z,918.75
"sum:task_queue_wait.avg{*}",tasktype:cancel_flight_booking,2025-01-21T03:50:10.000Z,832.3
"sum:task_queue_wait.avg{*}",tasktype:cancel_flight_booking,2025-01-21T03:50:20.000Z,406.233333
"sum:task_queue_wait.avg{*}",tasktype:cancel_flight_booking,2025-01-21T03:50:30.000Z,366.75
"sum:task_queue_wait.avg{*}",tasktype:cancel_flight_booking,2025-01-21T03:50:40.000Z,748.2
"sum:task_queue_wait.avg{*}",tasktype:cancel_flight_booking,2025-01-21T03:50:50.000Z,642.2
"sum:task_queue_wait.avg{*}",tasktype:cancel_flight_booking,2025-01-21T03:51:00.000Z,703.9
"sum:task_queue_wait.avg{*}",tasktype:cancel_flight_booking,2025-01-21T03:51:10.000Z,125.55
"sum:task_queue_wait.avg{*}",tasktype:cancel_flight_booking,2025-01-21T03:51:20.000Z,102
"sum:task_queue_wait.avg{*}",tasktype:cancel_flight_booking,2025-01-21T03:51:30.000Z,669.5
"sum:task_queue_wait.avg{*}",tasktype:cancel_flight_booking,2025-01-21T03:51:40.000Z,0
"sum:task_queue_wait.avg{*}",tasktype:cancel_flight_booking,2025-01-21T03:51:50.000Z,757.533333
"sum:task_queue_wait.avg{*}",tasktype:cancel_flight_booking,2025-01-21T03:52:00.000Z,263.6
"sum:task_queue_wait.avg{*}",tasktype:cancel_flight_booking,2025-01-21T03:52:10.000Z,70.6
"sum:task_queue_wait.avg{*}",tasktype:cancel_flight_booking,2025-01-21T03:52:20.000Z,767.4
"sum:task_queue_wait.avg{*}",tasktype:cancel_flight_booking,2025-01-21T03:52:30.000Z,0
"sum:task_queue_wait.avg{*}",tasktype:cancel_flight_booking,2025-01-21T03:52:40.000Z,124.7
"sum:task_queue_wait.avg{*}",tasktype:cancel_flight_booking,2025-01-21T03:52:50.000Z,0
"sum:task_queue_wait.avg{*}",tasktype:cancel_flight_booking,2025-01-21T03:53:00.000Z,20.9
"sum:task_queue_wait.avg{*}",tasktype:cancel_flight_booking,2025-01-21T03:53:10.000Z,80.5
"sum:task_queue_wait.avg{*}",tasktype:cancel_flight_booking,2025-01-21T03:53:20.000Z,227.9
"sum:task_queue_wait.avg{*}",tasktype:cancel_flight_booking,2025-01-21T03:53:30.000Z,496.6
"sum:task_queue_wait.avg{*}",tasktype:cancel_flight_booking,2025-01-21T03:53:40.000Z,399.983333
"sum:task_queue_wait.avg{*}",tasktype:cancel_flight_booking,2025-01-21T03:53:50.000Z,434.8
"sum:task_queue_wait.avg{*}",tasktype:cancel_flight_booking,2025-01-21T03:54:00.000Z,63.1
"sum:task_queue_wait.avg{*}",tasktype:cancel_flight_booking,2025-01-21T03:54:10.000Z,972.6
"sum:task_queue_wait.avg{*}",tasktype:cancel_flight_booking,2025-01-21T03:54:20.000Z,481.75
"sum:task_queue_wait.avg{*}",tasktype:cancel_flight_booking,2025-01-21T03:54:30.000Z,795.48
"sum:task_queue_wait.avg{*}",tasktype:cancel_flight_booking,2025-01-21T03:54:40.000Z,588
"sum:task_queue_wait.avg{*}",tasktype:cancel_flight_booking,2025-01-21T03:54:50.000Z,855.6
"sum:task_queue_wait.avg{*}",tasktype:cancel_flight_booking,2025-01-21T03:55:00.000Z,141.8
"sum:task_queue_wait.avg{*}",tasktype:cancel_flight_booking,2025-01-21T03:55:10.000Z,498.15
"sum:task_queue_wait.avg{*}",tasktype:cancel_flight_booking,2025-01-21T03:55:20.000Z,212.6
"sum:task_queue_wait.avg{*}",tasktype:cancel_flight_booking,2025-01-21T03:55:30.000Z,284.5
"sum:task_queue_wait.avg{*}",tasktype:cancel_flight_booking,2025-01-21T03:55:40.000Z,172
"sum:task_queue_wait.avg{*}",tasktype:cancel_flight_booking,2025-01-21T03:55:50.000Z,57.2
"sum:task_queue_wait.avg{*}",tasktype:cancel_flight_booking,2025-01-21T03:56:00.000Z,364.8
"sum:task_queue_wait.avg{*}",tasktype:cancel_flight_booking,2025-01-21T03:56:10.000Z,14.95
"sum:task_queue_wait.avg{*}",tasktype:cancel_flight_booking,2025-01-21T03:56:20.000Z,406
"sum:task_queue_wait.avg{*}",tasktype:cancel_flight_booking,2025-01-21T03:56:30.000Z,305.6
"sum:task_queue_wait.avg{*}",tasktype:cancel_flight_booking,2025-01-21T03:56:40.000Z,193.9
"sum:task_queue_wait.avg{*}",tasktype:cancel_flight_booking,2025-01-21T03:56:50.000Z,482.1
"sum:task_queue_wait.avg{*}",tasktype:cancel_flight_booking,2025-01-21T03:57:00.000Z,512.2
"sum:task_queue_wait.avg{*}",tasktype:cancel_flight_booking,2025-01-21T03:57:10.000Z,115.1
"sum:task_queue_wait.avg{*}",tasktype:cancel_flight_booking,2025-01-21T03:57:20.000Z,257.95
"sum:task_queue_wait.avg{*}",tasktype:cancel_flight_booking,2025-01-21T03:57:30.000Z,13.6
"sum:task_queue_wait.avg{*}",tasktype:cancel_flight_booking,2025-01-21T03:57:40.000Z,109.8
"sum:task_queue_wait.avg{*}",tasktype:cancel_flight_booking,2025-01-21T03:57:50.000Z,439.25
"sum:task_queue_wait.avg{*}",tasktype:cancel_flight_booking,2025-01-21T03:58:00.000Z,94.7
"sum:task_queue_wait.avg{*}",tasktype:cancel_flight_booking,2025-01-21T03:58:10.000Z,479.6
"sum:task_queue_wait.avg{*}",tasktype:cancel_flight_booking,2025-01-21T03:58:20.000Z,732.516667
"sum:task_queue_wait.avg{*}",tasktype:cancel_flight_booking,2025-01-21T03:58:30.000Z,763.383333
"sum:task_queue_wait.avg{*}",tasktype:cancel_flight_booking,2025-01-21T03:58:40.000Z,375.45
"sum:task_queue_wait.avg{*}",tasktype:cancel_flight_booking,2025-01-21T03:58:50.000Z,531.85
"sum:task_queue_wait.avg{*}",tasktype:cancel_flight_booking,2025-01-21T03:59:00.000Z,701.058333
"sum:task_queue_wait.avg{*}",tasktype:cancel_flight_booking,2025-01-21T03:59:10.000Z,341.551667
"sum:task_queue_wait.avg{*}",tasktype:cancel_flight_booking,2025-01-21T03:59:20.000Z,0
"sum:task_queue_wait.avg{*}",tasktype:cancel_flight_booking,2025-01-21T03:59:30.000Z,0
"sum:task_queue_wait.avg{*}",tasktype:cancel_flight_booking,2025-01-21T03:59:40.000Z,0
"sum:task_queue_wait.avg{*}",tasktype:cancel_hotel_booking,2025-01-21T03:13:10.000Z,0
"sum:task_queue_wait.avg{*}",tasktype:cancel_hotel_booking,2025-01-21T03:13:20.000Z,0
"sum:task_queue_wait.avg{*}",tasktype:cancel_hotel_booking,2025-01-21T03:13:30.000Z,0
"sum:task_queue_wait.avg{*}",tasktype:cancel_hotel_booking,2025-01-21T03:13:40.000Z,0
"sum:task_queue_wait.avg{*}",tasktype:cancel_hotel_booking,2025-01-21T03:13:50.000Z,0
"sum:task_queue_wait.avg{*}",tasktype:cancel_hotel_booking,2025-01-21T03:14:00.000Z,0
"sum:task_queue_wait.avg{*}",tasktype:cancel_hotel_booking,2025-01-21T03:14:10.000Z,0
"sum:task_queue_wait.avg{*}",tasktype:cancel_hotel_booking,2025-01-21T03:14:20.000Z,0
"sum:task_queue_wait.avg{*}",tasktype:cancel_hotel_booking,2025-01-21T03:14:30.000Z,0
"sum:task_queue_wait.avg{*}",tasktype:cancel_hotel_booking,2025-01-21T03:14:40.000Z,0
"sum:task_queue_wait.avg{*}",tasktype:cancel_hotel_booking,2025-01-21T03:14:50.000Z,0
"sum:task_queue_wait.avg{*}",tasktype:cancel_hotel_booking,2025-01-21T03:15:00.000Z,0
"sum:task_queue_wait.avg{*}",tasktype:cancel_hotel_booking,2025-01-21T03:15:10.000Z,0
"sum:task_queue_wait.avg{*}",tasktype:cancel_hotel_booking,2025-01-21T03:15:20.000Z,0
"sum:task_queue_wait.avg{*}",tasktype:cancel_hotel_booking,2025-01-21T03:15:30.000Z,0
"sum:task_queue_wait.avg{*}",tasktype:cancel_hotel_booking,2025-01-21T03:15:40.000Z,0
"sum:task_queue_wait.avg{*}",tasktype:cancel_hotel_booking,2025-01-21T03:15:50.000Z,0
"sum:task_queue_wait.avg{*}",tasktype:cancel_hotel_booking,2025-01-21T03:16:00.000Z,0
"sum:task_queue_wait.avg{*}",tasktype:cancel_hotel_booking,2025-01-21T03:16:10.000Z,0
"sum:task_queue_wait.avg{*}",tasktype:cancel_hotel_booking,2025-01-21T03:16:20.000Z,0
"sum:task_queue_wait.avg{*}",tasktype:cancel_hotel_booking,2025-01-21T03:16:30.000Z,0
"sum:task_queue_wait.avg{*}",tasktype:cancel_hotel_booking,2025-01-21T03:16:40.000Z,0
"sum:task_queue_wait.avg{*}",tasktype:cancel_hotel_booking,2025-01-21T03:16:50.000Z,0
"sum:task_queue_wait.avg{*}",tasktype:cancel_hotel_booking,2025-01-21T03:17:00.000Z,0
"sum:task_queue_wait.avg{*}",tasktype:cancel_hotel_booking,2025-01-21T03:17:10.000Z,0
"sum:task_queue_wait.avg{*}",tasktype:cancel_hotel_booking,2025-01-21T03:17:20.000Z,0
"sum:task_queue_wait.avg{*}",tasktype:cancel_hotel_booking,2025-01-21T03:17:30.000Z,311.433333
"sum:task_queue_wait.avg{*}",tasktype:cancel_hotel_booking,2025-01-21T03:17:40.000Z,254.65
"sum:task_queue_wait.avg{*}",tasktype:cancel_hotel_booking,2025-01-21T03:17:50.000Z,62.05
"sum:task_queue_wait.avg{*}",tasktype:cancel_hotel_booking,2025-01-21T03:18:00.000Z,57.1
"sum:task_queue_wait.avg{*}",tasktype:cancel_hotel_booking,2025-01-21T03:18:10.000Z,278.6
"sum:task_queue_wait.avg{*}",tasktype:cancel_hotel_booking,2025-01-21T03:18:20.000Z,71.4
"sum:task_queue_wait.avg{*}",tasktype:cancel_hotel_booking,2025-01-21T03:18:30.000Z,40.4
"sum:task_queue_wait.avg{*}",tasktype:cancel_hotel_booking,2025-01-21T03:18:40.000Z,4.65
"sum:task_queue_wait.avg{*}",tasktype:cancel_hotel_booking,2025-01-21T03:18:50.000Z,32.775
"sum:task_queue_wait.avg{*}",tasktype:cancel_hotel_booking,2025-01-21T03:19:00.000Z,45.78
"sum:task_queue_wait.avg{*}",tasktype:cancel_hotel_booking,2025-01-21T03:19:10.000Z,185.85
"sum:task_queue_wait.avg{*}",tasktype:cancel_hotel_booking,2025-01-21T03:19:20.000Z,271.4
"sum:task_queue_wait.avg{*}",tasktype:cancel_hotel_booking,2025-01-21T03:19:30.000Z,0
"sum:task_queue_wait.avg{*}",tasktype:cancel_hotel_booking,2025-01-21T03:19:40.000Z,51.45
"sum:task_queue_wait.avg{*}",tasktype:cancel_hotel_booking,2025-01-21T03:19:50.000Z,6.3
"sum:task_queue_wait.avg{*}",tasktype:cancel_hotel_booking,2025-01-21T03:20:00.000Z,25.2
"sum:task_queue_wait.avg{*}",tasktype:cancel_hotel_booking,2025-01-21T03:20:10.000Z,0
"sum:task_queue_wait.avg{*}",tasktype:cancel_hotel_booking,2025-01-21T03:20:20.000Z,0
"sum:task_queue_wait.avg{*}",tasktype:cancel_hotel_booking,2025-01-21T03:20:30.000Z,0
"sum:task_queue_wait.avg{*}",tasktype:cancel_hotel_booking,2025-01-21T03:20:40.000Z,0
"sum:task_queue_wait.avg{*}",tasktype:cancel_hotel_booking,2025-01-21T03:20:50.000Z,0
"sum:task_queue_wait.avg{*}",tasktype:cancel_hotel_booking,2025-01-21T03:21:00.000Z,0
"sum:task_queue_wait.avg{*}",tasktype:cancel_hotel_booking,2025-01-21T03:21:10.000Z,0
"sum:task_queue_wait.avg{*}",tasktype:cancel_hotel_booking,2025-01-21T03:21:20.000Z,0
"sum:task_queue_wait.avg{*}",tasktype:cancel_hotel_booking,2025-01-21T03:21:30.000Z,0
"sum:task_queue_wait.avg{*}",tasktype:cancel_hotel_booking,2025-01-21T03:21:40.000Z,0
"sum:task_queue_wait.avg{*}",tasktype:cancel_hotel_booking,2025-01-21T03:21:50.000Z,0
"sum:task_queue_wait.avg{*}",tasktype:cancel_hotel_booking,2025-01-21T03:22:00.000Z,57.15
"sum:task_queue_wait.avg{*}",tasktype:cancel_hotel_booking,2025-01-21T03:22:10.000Z,45.85
"sum:task_queue_wait.avg{*}",tasktype:cancel_hotel_booking,2025-01-21T03:22:20.000Z,50.316667
"sum:task_queue_wait.avg{*}",tasktype:cancel_hotel_booking,2025-01-21T03:22:30.000Z,260.1
"sum:task_queue_wait.avg{*}",tasktype:cancel_hotel_booking,2025-01-21T03:22:40.000Z,5.3
"sum:task_queue_wait.avg{*}",tasktype:cancel_hotel_booking,2025-01-21T03:22:50.000Z,134.633333
"sum:task_queue_wait.avg{*}",tasktype:cancel_hotel_booking,2025-01-21T03:23:00.000Z,14.7
"sum:task_queue_wait.avg{*}",tasktype:cancel_hotel_booking,2025-01-21T03:23:10.000Z,15.8
"sum:task_queue_wait.avg{*}",tasktype:cancel_hotel_booking,2025-01-21T03:23:20.000Z,191.566667
"sum:task_queue_wait.avg{*}",tasktype:cancel_hotel_booking,2025-01-21T03:23:30.000Z,18.275
"sum:task_queue_wait.avg{*}",tasktype:cancel_hotel_booking,2025-01-21T03:23:40.000Z,15.1
"sum:task_queue_wait.avg{*}",tasktype:cancel_hotel_booking,2025-01-21T03:23:50.000Z,283
"sum:task_queue_wait.avg{*}",tasktype:cancel_hotel_booking,2025-01-21T03:24:00.000Z,166.4
"sum:task_queue_wait.avg{*}",tasktype:cancel_hotel_booking,2025-01-21T03:24:10.000Z,55.2
"sum:task_queue_wait.avg{*}",tasktype:cancel_hotel_booking,2025-01-21T03:24:20.000Z,26.633333
"sum:task_queue_wait.avg{*}",tasktype:cancel_hotel_booking,2025-01-21T03:24:30.000Z,54.05
"sum:task_queue_wait.avg{*}",tasktype:cancel_hotel_booking,2025-01-21T03:24:40.000Z,86.9
"sum:task_queue_wait.avg{*}",tasktype:cancel_hotel_booking,2025-01-21T03:24:50.000Z,61.1
"sum:task_queue_wait.avg{*}",tasktype:cancel_hotel_booking,2025-01-21T03:25:00.000Z,0
"sum:task_queue_wait.avg{*}",tasktype:cancel_hotel_booking,2025-01-21T03:25:10.000Z,0
"sum:task_queue_wait.avg{*}",tasktype:cancel_hotel_booking,2025-01-21T03:25:20.000Z,16.5
"sum:task_queue_wait.avg{*}",tasktype:cancel_hotel_booking,2025-01-21T03:25:30.000Z,16.3
"sum:task_queue_wait.avg{*}",tasktype:cancel_hotel_booking,2025-01-21T03:25:40.000Z,7.4
"sum:task_queue_wait.avg{*}",tasktype:cancel_hotel_booking,2025-01-21T03:25:50.000Z,0
"sum:task_queue_wait.avg{*}",tasktype:cancel_hotel_booking,2025-01-21T03:26:00.000Z,0
"sum:task_queue_wait.avg{*}",tasktype:cancel_hotel_booking,2025-01-21T03:26:10.000Z,0
"sum:task_queue_wait.avg{*}",tasktype:cancel_hotel_booking,2025-01-21T03:26:20.000Z,0
"sum:task_queue_wait.avg{*}",tasktype:cancel_hotel_booking,2025-01-21T03:26:30.000Z,12.3
"sum:task_queue_wait.avg{*}",tasktype:cancel_hotel_booking,2025-01-21T03:26:40.000Z,0
"sum:task_queue_wait.avg{*}",tasktype:cancel_hotel_booking,2025-01-21T03:26:50.000Z,19.3
"sum:task_queue_wait.avg{*}",tasktype:cancel_hotel_booking,2025-01-21T03:27:00.000Z,11.7
"sum:task_queue_wait.avg{*}",tasktype:cancel_hotel_booking,2025-01-21T03:27:10.000Z,0
"sum:task_queue_wait.avg{*}",tasktype:cancel_hotel_booking,2025-01-21T03:27:20.000Z,0
"sum:task_queue_wait.avg{*}",tasktype:cancel_hotel_booking,2025-01-21T03:27:30.000Z,234.25
"sum:task_queue_wait.avg{*}",tasktype:cancel_hotel_booking,2025-01-21T03:27:40.000Z,10.85
"sum:task_queue_wait.avg{*}",tasktype:cancel_hotel_booking,2025-01-21T03:27:50.000Z,130.633333
"sum:task_queue_wait.avg{*}",tasktype:cancel_hotel_booking,2025-01-21T03:28:00.000Z,152.433333
"sum:task_queue_wait.avg{*}",tasktype:cancel_hotel_booking,2025-01-21T03:28:10.000Z,7.233333
"sum:task_queue_wait.avg{*}",tasktype:cancel_hotel_booking,2025-01-21T03:28:20.000Z,38
"sum:task_queue_wait.avg{*}",tasktype:cancel_hotel_booking,2025-01-21T03:28:30.000Z,28.15
"sum:task_queue_wait.avg{*}",tasktype:cancel_hotel_booking,2025-01-21T03:28:40.000Z,119.333333
"sum:task_queue_wait.avg{*}",tasktype:cancel_hotel_booking,2025-01-21T03:28:50.000Z,0
"sum:task_queue_wait.avg{*}",tasktype:cancel_hotel_booking,2025-01-21T03:29:00.000Z,136.8
"sum:task_queue_wait.avg{*}",tasktype:cancel_hotel_booking,2025-01-21T03:29:10.000Z,126
"sum:task_queue_wait.avg{*}",tasktype:cancel_hotel_booking,2025-01-21T03:29:20.000Z,17.6
"sum:task_queue_wait.avg{*}",tasktype:cancel_hotel_booking,2025-01-21T03:29:30.000Z,23.633333
"sum:task_queue_wait.avg{*}",tasktype:cancel_hotel_booking,2025-01-21T03:29:40.000Z,41.55
"sum:task_queue_wait.avg{*}",tasktype:cancel_hotel_booking,2025-01-21T03:29:50.000Z,10.2
"sum:task_queue_wait.avg{*}",tasktype:cancel_hotel_booking,2025-01-21T03:30:00.000Z,2.7
"sum:task_queue_wait.avg{*}",tasktype:cancel_hotel_booking,2025-01-21T03:30:10.000Z,16.4
"sum:task_queue_wait.avg{*}",tasktype:cancel_hotel_booking,2025-01-21T03:30:20.000Z,13.45
"sum:task_queue_wait.avg{*}",tasktype:cancel_hotel_booking,2025-01-21T03:30:30.000Z,0
"sum:task_queue_wait.avg{*}",tasktype:cancel_hotel_booking,2025-01-21T03:30:40.000Z,16.4
"sum:task_queue_wait.avg{*}",tasktype:cancel_hotel_booking,2025-01-21T03:30:50.000Z,32.125
"sum:task_queue_wait.avg{*}",tasktype:cancel_hotel_booking,2025-01-21T03:31:00.000Z,21.5
"sum:task_queue_wait.avg{*}",tasktype:cancel_hotel_booking,2025-01-21T03:31:10.000Z,0
"sum:task_queue_wait.avg{*}",tasktype:cancel_hotel_booking,2025-01-21T03:31:20.000Z,29.1
"sum:task_queue_wait.avg{*}",tasktype:cancel_hotel_booking,2025-01-21T03:31:30.000Z,0
"sum:task_queue_wait.avg{*}",tasktype:cancel_hotel_booking,2025-01-21T03:31:40.000Z,0
"sum:task_queue_wait.avg{*}",tasktype:cancel_hotel_booking,2025-01-21T03:31:50.000Z,14.7
"sum:task_queue_wait.avg{*}",tasktype:cancel_hotel_booking,2025-01-21T03:32:00.000Z,0
"sum:task_queue_wait.avg{*}",tasktype:cancel_hotel_booking,2025-01-21T03:32:10.000Z,127.5
"sum:task_queue_wait.avg{*}",tasktype:cancel_hotel_booking,2025-01-21T03:32:20.000Z,125.8
"sum:task_queue_wait.avg{*}",tasktype:cancel_hotel_booking,2025-01-21T03:32:30.000Z,136.5
"sum:task_queue_wait.avg{*}",tasktype:cancel_hotel_booking,2025-01-21T03:32:40.000Z,32.5
"sum:task_queue_wait.avg{*}",tasktype:cancel_hotel_booking,2025-01-21T03:32:50.000Z,149.6
"sum:task_queue_wait.avg{*}",tasktype:cancel_hotel_booking,2025-01-21T03:33:00.000Z,234.7
"sum:task_queue_wait.avg{*}",tasktype:cancel_hotel_booking,2025-01-21T03:33:10.000Z,47.12
"sum:task_queue_wait.avg{*}",tasktype:cancel_hotel_booking,2025-01-21T03:33:20.000Z,22.2
"sum:task_queue_wait.avg{*}",tasktype:cancel_hotel_booking,2025-01-21T03:33:30.000Z,288.95
"sum:task_queue_wait.avg{*}",tasktype:cancel_hotel_booking,2025-01-21T03:33:40.000Z,161.3
"sum:task_queue_wait.avg{*}",tasktype:cancel_hotel_booking,2025-01-21T03:33:50.000Z,237.1
"sum:task_queue_wait.avg{*}",tasktype:cancel_hotel_booking,2025-01-21T03:34:00.000Z,36
"sum:task_queue_wait.avg{*}",tasktype:cancel_hotel_booking,2025-01-21T03:34:10.000Z,343.6
"sum:task_queue_wait.avg{*}",tasktype:cancel_hotel_booking,2025-01-21T03:34:20.000Z,7.7
"sum:task_queue_wait.avg{*}",tasktype:cancel_hotel_booking,2025-01-21T03:34:30.000Z,0
"sum:task_queue_wait.avg{*}",tasktype:cancel_hotel_booking,2025-01-21T03:34:40.000Z,41.1
"sum:task_queue_wait.avg{*}",tasktype:cancel_hotel_booking,2025-01-21T03:34:50.000Z,24.3
"sum:task_queue_wait.avg{*}",tasktype:cancel_hotel_booking,2025-01-21T03:35:00.000Z,41.3
"sum:task_queue_wait.avg{*}",tasktype:cancel_hotel_booking,2025-01-21T03:35:10.000Z,36.3
"sum:task_queue_wait.avg{*}",tasktype:cancel_hotel_booking,2025-01-21T03:35:20.000Z,0
"sum:task_queue_wait.avg{*}",tasktype:cancel_hotel_booking,2025-01-21T03:35:30.000Z,29.4
"sum:task_queue_wait.avg{*}",tasktype:cancel_hotel_booking,2025-01-21T03:35:40.000Z,34.8
"sum:task_queue_wait.avg{*}",tasktype:cancel_hotel_booking,2025-01-21T03:35:50.000Z,0
"sum:task_queue_wait.avg{*}",tasktype:cancel_hotel_booking,2025-01-21T03:36:00.000Z,0
"sum:task_queue_wait.avg{*}",tasktype:cancel_hotel_booking,2025-01-21T03:36:10.000Z,14.2
"sum:task_queue_wait.avg{*}",tasktype:cancel_hotel_booking,2025-01-21T03:36:20.000Z,16.5
"sum:task_queue_wait.avg{*}",tasktype:cancel_hotel_booking,2025-01-21T03:36:30.000Z,1.7
"sum:task_queue_wait.avg{*}",tasktype:cancel_hotel_booking,2025-01-21T03:36:40.000Z,164.2
"sum:task_queue_wait.avg{*}",tasktype:cancel_hotel_booking,2025-01-21T03:36:50.000Z,33
"sum:task_queue_wait.avg{*}",tasktype:cancel_hotel_booking,2025-01-21T03:37:00.000Z,129.65
"sum:task_queue_wait.avg{*}",tasktype:cancel_hotel_booking,2025-01-21T03:37:10.000Z,93.8
"sum:task_queue_wait.avg{*}",tasktype:cancel_hotel_booking,2025-01-21T03:37:20.000Z,39.183333
"sum:task_queue_wait.avg{*}",tasktype:cancel_hotel_booking,2025-01-21T03:37:30.000Z,59.4
"sum:task_queue_wait.avg{*}",tasktype:cancel_hotel_booking,2025-01-21T03:37:40.000Z,102.166667
"sum:task_queue_wait.avg{*}",tasktype:cancel_hotel_booking,2025-01-21T03:37:50.000Z,33.9
"sum:task_queue_wait.avg{*}",tasktype:cancel_hotel_booking,2025-01-21T03:38:00.000Z,58.95
"sum:task_queue_wait.avg{*}",tasktype:cancel_hotel_booking,2025-01-21T03:38:10.000Z,21.6
"sum:task_queue_wait.avg{*}",tasktype:cancel_hotel_booking,2025-01-21T03:38:20.000Z,41.216667
"sum:task_queue_wait.avg{*}",tasktype:cancel_hotel_booking,2025-01-21T03:38:30.000Z,283.1
"sum:task_queue_wait.avg{*}",tasktype:cancel_hotel_booking,2025-01-21T03:38:40.000Z,13.5
"sum:task_queue_wait.avg{*}",tasktype:cancel_hotel_booking,2025-01-21T03:38:50.000Z,6.4
"sum:task_queue_wait.avg{*}",tasktype:cancel_hotel_booking,2025-01-21T03:39:00.000Z,197.133333
"sum:task_queue_wait.avg{*}",tasktype:cancel_hotel_booking,2025-01-21T03:39:10.000Z,9.2
"sum:task_queue_wait.avg{*}",tasktype:cancel_hotel_booking,2025-01-21T03:39:20.000Z,0
"sum:task_queue_wait.avg{*}",tasktype:cancel_hotel_booking,2025-01-21T03:39:30.000Z,44.9
"sum:task_queue_wait.avg{*}",tasktype:cancel_hotel_booking,2025-01-21T03:39:40.000Z,4.9
"sum:task_queue_wait.avg{*}",tasktype:cancel_hotel_booking,2025-01-21T03:39:50.000Z,12.4
"sum:task_queue_wait.avg{*}",tasktype:cancel_hotel_booking,2025-01-21T03:40:00.000Z,11.9
"sum:task_queue_wait.avg{*}",tasktype:cancel_hotel_booking,2025-01-21T03:40:10.000Z,130.4
"sum:task_queue_wait.avg{*}",tasktype:cancel_hotel_booking,2025-01-21T03:40:20.000Z,4.6
"sum:task_queue_wait.avg{*}",tasktype:cancel_hotel_booking,2025-01-21T03:40:30.000Z,15.2
"sum:task_queue_wait.avg{*}",tasktype:cancel_hotel_booking,2025-01-21T03:40:40.000Z,18.1
"sum:task_queue_wait.avg{*}",tasktype:cancel_hotel_booking,2025-01-21T03:40:50.000Z,8.9
"sum:task_queue_wait.avg{*}",tasktype:cancel_hotel_booking,2025-01-21T03:41:00.000Z,27.9
"sum:task_queue_wait.avg{*}",tasktype:cancel_hotel_booking,2025-01-21T03:41:10.000Z,47.3
"sum:task_queue_wait.avg{*}",tasktype:cancel_hotel_booking,2025-01-21T03:41:20.000Z,17.8
"sum:task_queue_wait.avg{*}",tasktype:cancel_hotel_booking,2025-01-21T03:41:30.000Z,51.4
"sum:task_queue_wait.avg{*}",tasktype:cancel_hotel_booking,2025-01-21T03:41:40.000Z,31.95
"sum:task_queue_wait.avg{*}",tasktype:cancel_hotel_booking,2025-01-21T03:41:50.000Z,158.166667
"sum:task_queue_wait.avg{*}",tasktype:cancel_hotel_booking,2025-01-21T03:42:00.000Z,69.8
"sum:task_queue_wait.avg{*}",tasktype:cancel_hotel_booking,2025-01-21T03:42:10.000Z,362.175
"sum:task_queue_wait.avg{*}",tasktype:cancel_hotel_booking,2025-01-21T03:42:20.000Z,32.1
"sum:task_queue_wait.avg{*}",tasktype:cancel_hotel_booking,2025-01-21T03:42:30.000Z,54.85
"sum:task_queue_wait.avg{*}",tasktype:cancel_hotel_booking,2025-01-21T03:42:40.000Z,16.85
"sum:task_queue_wait.avg{*}",tasktype:cancel_hotel_booking,2025-01-21T03:42:50.000Z,67.35
"sum:task_queue_wait.avg{*}",tasktype:cancel_hotel_booking,2025-01-21T03:43:00.000Z,35.4
"sum:task_queue_wait.avg{*}",tasktype:cancel_hotel_booking,2025-01-21T03:43:10.000Z,19.6
"sum:task_queue_wait.avg{*}",tasktype:cancel_hotel_booking,2025-01-21T03:43:20.000Z,23.5
"sum:task_queue_wait.avg{*}",tasktype:cancel_hotel_booking,2025-01-21T03:43:30.000Z,0
"sum:task_queue_wait.avg{*}",tasktype:cancel_hotel_booking,2025-01-21T03:43:40.000Z,11.9
"sum:task_queue_wait.avg{*}",tasktype:cancel_hotel_booking,2025-01-21T03:43:50.000Z,19.2
"sum:task_queue_wait.avg{*}",tasktype:cancel_hotel_booking,2025-01-21T03:44:00.000Z,11.1
"sum:task_queue_wait.avg{*}",tasktype:cancel_hotel_booking,2025-01-21T03:44:10.000Z,10.2
"sum:task_queue_wait.avg{*}",tasktype:cancel_hotel_booking,2025-01-21T03:44:20.000Z,93.95
"sum:task_queue_wait.avg{*}",tasktype:cancel_hotel_booking,2025-01-21T03:44:30.000Z,3.4
"sum:task_queue_wait.avg{*}",tasktype:cancel_hotel_booking,2025-01-21T03:44:40.000Z,8.7
"sum:task_queue_wait.avg{*}",tasktype:cancel_hotel_booking,2025-01-21T03:44:50.000Z,15.8
"sum:task_queue_wait.avg{*}",tasktype:cancel_hotel_booking,2025-01-21T03:45:00.000Z,9.5
"sum:task_queue_wait.avg{*}",tasktype:cancel_hotel_booking,2025-01-21T03:45:10.000Z,9
"sum:task_queue_wait.avg{*}",tasktype:cancel_hotel_booking,2025-01-21T03:45:20.000Z,509.7
"sum:task_queue_wait.avg{*}",tasktype:cancel_hotel_booking,2025-01-21T03:45:30.000Z,47.85
"sum:task_queue_wait.avg{*}",tasktype:cancel_hotel_booking,2025-01-21T03:45:40.000Z,42.7
"sum:task_queue_wait.avg{*}",tasktype:cancel_hotel_booking,2025-01-21T03:45:50.000Z,274.75
"sum:task_queue_wait.avg{*}",tasktype:cancel_hotel_booking,2025-01-21T03:46:00.000Z,16.266667
"sum:task_queue_wait.avg{*}",tasktype:cancel_hotel_booking,2025-01-21T03:46:10.000Z,137.05
"sum:task_queue_wait.avg{*}",tasktype:cancel_hotel_booking,2025-01-21T03:46:20.000Z,8.4
"sum:task_queue_wait.avg{*}",tasktype:cancel_hotel_booking,2025-01-21T03:46:30.000Z,23.9
"sum:task_queue_wait.avg{*}",tasktype:cancel_hotel_booking,2025-01-21T03:46:40.000Z,114.725
"sum:task_queue_wait.avg{*}",tasktype:cancel_hotel_booking,2025-01-21T03:46:50.000Z,276.966667
"sum:task_queue_wait.avg{*}",tasktype:cancel_hotel_booking,2025-01-21T03:47:00.000Z,237.25
"sum:task_queue_wait.avg{*}",tasktype:cancel_hotel_booking,2025-01-21T03:47:10.000Z,157.8
"sum:task_queue_wait.avg{*}",tasktype:cancel_hotel_booking,2025-01-21T03:47:20.000Z,41.65
"sum:task_queue_wait.avg{*}",tasktype:cancel_hotel_booking,2025-01-21T03:47:30.000Z,19.5
"sum:task_queue_wait.avg{*}",tasktype:cancel_hotel_booking,2025-01-21T03:47:40.000Z,27
"sum:task_queue_wait.avg{*}",tasktype:cancel_hotel_booking,2025-01-21T03:47:50.000Z,82
"sum:task_queue_wait.avg{*}",tasktype:cancel_hotel_booking,2025-01-21T03:48:00.000Z,11.3
"sum:task_queue_wait.avg{*}",tasktype:cancel_hotel_booking,2025-01-21T03:48:10.000Z,0
"sum:task_queue_wait.avg{*}",tasktype:cancel_hotel_booking,2025-01-21T03:48:20.000Z,0
"sum:task_queue_wait.avg{*}",tasktype:cancel_hotel_booking,2025-01-21T03:48:30.000Z,8.7
"sum:task_queue_wait.avg{*}",tasktype:cancel_hotel_booking,2025-01-21T03:48:40.000Z,26.4
"sum:task_queue_wait.avg{*}",tasktype:cancel_hotel_booking,2025-01-21T03:48:50.000Z,29.1
"sum:task_queue_wait.avg{*}",tasktype:cancel_hotel_booking,2025-01-21T03:49:00.000Z,43.25
"sum:task_queue_wait.avg{*}",tasktype:cancel_hotel_booking,2025-01-21T03:49:10.000Z,0
"sum:task_queue_wait.avg{*}",tasktype:cancel_hotel_booking,2025-01-21T03:49:20.000Z,9.6
"sum:task_queue_wait.avg{*}",tasktype:cancel_hotel_booking,2025-01-21T03:49:30.000Z,29.5
"sum:task_queue_wait.avg{*}",tasktype:cancel_hotel_booking,2025-01-21T03:49:40.000Z,115.016667
"sum:task_queue_wait.avg{*}",tasktype:cancel_hotel_booking,2025-01-21T03:49:50.000Z,326.47
"sum:task_queue_wait.avg{*}",tasktype:cancel_hotel_booking,2025-01-21T03:50:00.000Z,27.4
"sum:task_queue_wait.avg{*}",tasktype:cancel_hotel_booking,2025-01-21T03:50:10.000Z,172.358333
"sum:task_queue_wait.avg{*}",tasktype:cancel_hotel_booking,2025-01-21T03:50:20.000Z,130.733333
"sum:task_queue_wait.avg{*}",tasktype:cancel_hotel_booking,2025-01-21T03:50:30.000Z,7.833333
"sum:task_queue_wait.avg{*}",tasktype:cancel_hotel_booking,2025-01-21T03:50:40.000Z,136.6
"sum:task_queue_wait.avg{*}",tasktype:cancel_hotel_booking,2025-01-21T03:50:50.000Z,12.9
"sum:task_queue_wait.avg{*}",tasktype:cancel_hotel_booking,2025-01-21T03:51:00.000Z,8.15
"sum:task_queue_wait.avg{*}",tasktype:cancel_hotel_booking,2025-01-21T03:51:10.000Z,20.95
"sum:task_queue_wait.avg{*}",tasktype:cancel_hotel_booking,2025-01-21T03:51:20.000Z,0
"sum:task_queue_wait.avg{*}",tasktype:cancel_hotel_booking,2025-01-21T03:51:30.000Z,45.2
"sum:task_queue_wait.avg{*}",tasktype:cancel_hotel_booking,2025-01-21T03:51:40.000Z,0
"sum:task_queue_wait.avg{*}",tasktype:cancel_hotel_booking,2025-01-21T03:51:50.000Z,252.483333
"sum:task_queue_wait.avg{*}",tasktype:cancel_hotel_booking,2025-01-21T03:52:00.000Z,127.4
"sum:task_queue_wait.avg{*}",tasktype:cancel_hotel_booking,2025-01-21T03:52:10.000Z,1.9
"sum:task_queue_wait.avg{*}",tasktype:cancel_hotel_booking,2025-01-21T03:52:20.000Z,20.3
"sum:task_queue_wait.avg{*}",tasktype:cancel_hotel_booking,2025-01-21T03:52:30.000Z,58.6
"sum:task_queue_wait.avg{*}",tasktype:cancel_hotel_booking,2025-01-21T03:52:40.000Z,10
"sum:task_queue_wait.avg{*}",tasktype:cancel_hotel_booking,2025-01-21T03:52:50.000Z,0
"sum:task_queue_wait.avg{*}",tasktype:cancel_hotel_booking,2025-01-21T03:53:00.000Z,9
"sum:task_queue_wait.avg{*}",tasktype:cancel_hotel_booking,2025-01-21T03:53:10.000Z,1.8
"sum:task_queue_wait.avg{*}",tasktype:cancel_hotel_booking,2025-01-21T03:53:20.000Z,116.05
"sum:task_queue_wait.avg{*}",tasktype:cancel_hotel_booking,2025-01-21T03:53:30.000Z,150.45
"sum:task_queue_wait.avg{*}",tasktype:cancel_hotel_booking,2025-01-21T03:53:40.000Z,183.3
"sum:task_queue_wait.avg{*}",tasktype:cancel_hotel_booking,2025-01-21T03:53:50.000Z,166.166667
"sum:task_queue_wait.avg{*}",tasktype:cancel_hotel_booking,2025-01-21T03:54:00.000Z,15.5
"sum:task_queue_wait.avg{*}",tasktype:cancel_hotel_booking,2025-01-21T03:54:10.000Z,46.65
"sum:task_queue_wait.avg{*}",tasktype:cancel_hotel_booking,2025-01-21T03:54:20.000Z,93.65
"sum:task_queue_wait.avg{*}",tasktype:cancel_hotel_booking,2025-01-21T03:54:30.000Z,229.15
"sum:task_queue_wait.avg{*}",tasktype:cancel_hotel_booking,2025-01-21T03:54:40.000Z,136.5
"sum:task_queue_wait.avg{*}",tasktype:cancel_hotel_booking,2025-01-21T03:54:50.000Z,31.3
"sum:task_queue_wait.avg{*}",tasktype:cancel_hotel_booking,2025-01-21T03:55:00.000Z,9.9
"sum:task_queue_wait.avg{*}",tasktype:cancel_hotel_booking,2025-01-21T03:55:10.000Z,18.4
"sum:task_queue_wait.avg{*}",tasktype:cancel_hotel_booking,2025-01-21T03:55:20.000Z,27.4
"sum:task_queue_wait.avg{*}",tasktype:cancel_hotel_booking,2025-01-21T03:55:30.000Z,245.2
"sum:task_queue_wait.avg{*}",tasktype:cancel_hotel_booking,2025-01-21T03:55:40.000Z,28.9
"sum:task_queue_wait.avg{*}",tasktype:cancel_hotel_booking,2025-01-21T03:55:50.000Z,7.9
"sum:task_queue_wait.avg{*}",tasktype:cancel_hotel_booking,2025-01-21T03:56:00.000Z,5.2
"sum:task_queue_wait.avg{*}",tasktype:cancel_hotel_booking,2025-01-21T03:56:10.000Z,10.7
"sum:task_queue_wait.avg{*}",tasktype:cancel_hotel_booking,2025-01-21T03:56:20.000Z,7.05
"sum:task_queue_wait.avg{*}",tasktype:cancel_hotel_booking,2025-01-21T03:56:30.000Z,123.6
"sum:task_queue_wait.avg{*}",tasktype:cancel_hotel_booking,2025-01-21T03:56:40.000Z,228.5
"sum:task_queue_wait.avg{*}",tasktype:cancel_hotel_booking,2025-01-21T03:56:50.000Z,31.75
"sum:task_queue_wait.avg{*}",tasktype:cancel_hotel_booking,2025-01-21T03:57:00.000Z,45
"sum:task_queue_wait.avg{*}",tasktype:cancel_hotel_booking,2025-01-21T03:57:10.000Z,2.4
"sum:task_queue_wait.avg{*}",tasktype:cancel_hotel_booking,2025-01-21T03:57:20.000Z,10.35
"sum:task_queue_wait.avg{*}",tasktype:cancel_hotel_booking,2025-01-21T03:57:30.000Z,19.5
"sum:task_queue_wait.avg{*}",tasktype:cancel_hotel_booking,2025-01-21T03:57:40.000Z,0
"sum:task_queue_wait.avg{*}",tasktype:cancel_hotel_booking,2025-01-21T03:57:50.000Z,150.85
"sum:task_queue_wait.avg{*}",tasktype:cancel_hotel_booking,2025-01-21T03:58:00.000Z,14
"sum:task_queue_wait.avg{*}",tasktype:cancel_hotel_booking,2025-01-21T03:58:10.000Z,118.55
"sum:task_queue_wait.avg{*}",tasktype:cancel_hotel_booking,2025-01-21T03:58:20.000Z,71
"sum:task_queue_wait.avg{*}",tasktype:cancel_hotel_booking,2025-01-21T03:58:30.000Z,49.341667
"sum:task_queue_wait.avg{*}",tasktype:cancel_hotel_booking,2025-01-21T03:58:40.000Z,68
"sum:task_queue_wait.avg{*}",tasktype:cancel_hotel_booking,2025-01-21T03:58:50.000Z,67.033333
"sum:task_queue_wait.avg{*}",tasktype:cancel_hotel_booking,2025-01-21T03:59:00.000Z,34.783333
"sum:task_queue_wait.avg{*}",tasktype:cancel_hotel_booking,2025-01-21T03:59:10.000Z,29.119048
"sum:task_queue_wait.avg{*}",tasktype:cancel_hotel_booking,2025-01-21T03:59:20.000Z,0
"sum:task_queue_wait.avg{*}",tasktype:cancel_hotel_booking,2025-01-21T03:59:30.000Z,0
"sum:task_queue_wait.avg{*}",tasktype:cancel_hotel_booking,2025-01-21T03:59:40.000Z,0
