query,group,time,value
"avg:container.cpu.usage{container_name:server-hotel OR container_name:server-flight OR container_name:conductor-server}",container_name:conductor-server,2025-01-21T03:05:48.000Z,74777974.430609
"avg:container.cpu.usage{container_name:server-hotel OR container_name:server-flight OR container_name:conductor-server}",container_name:conductor-server,2025-01-21T03:06:04.000Z,929164792.031812
"avg:container.cpu.usage{container_name:server-hotel OR container_name:server-flight OR container_name:conductor-server}",container_name:conductor-server,2025-01-21T03:06:18.000Z,3596309191.904774
"avg:container.cpu.usage{container_name:server-hotel OR container_name:server-flight OR container_name:conductor-server}",container_name:conductor-server,2025-01-21T03:06:34.000Z,550140853.644675
"avg:container.cpu.usage{container_name:server-hotel OR container_name:server-flight OR container_name:conductor-server}",container_name:conductor-server,2025-01-21T03:06:48.000Z,298923263.085346
"avg:container.cpu.usage{container_name:server-hotel OR container_name:server-flight OR container_name:conductor-server}",container_name:conductor-server,2025-01-21T03:07:04.000Z,318894623.489812
"avg:container.cpu.usage{container_name:server-hotel OR container_name:server-flight OR container_name:conductor-server}",container_name:conductor-server,2025-01-21T03:07:18.000Z,387057532.878078
"avg:container.cpu.usage{container_name:server-hotel OR container_name:server-flight OR container_name:conductor-server}",container_name:conductor-server,2025-01-21T03:07:34.000Z,200649498.869727
"avg:container.cpu.usage{container_name:server-hotel OR container_name:server-flight OR container_name:conductor-server}",container_name:conductor-server,2025-01-21T03:07:48.000Z,235617470.173896
"avg:container.cpu.usage{container_name:server-hotel OR container_name:server-flight OR container_name:conductor-server}",container_name:conductor-server,2025-01-21T03:08:04.000Z,187824230.344729
"avg:container.cpu.usage{container_name:server-hotel OR container_name:server-flight OR container_name:conductor-server}",container_name:conductor-server,2025-01-21T03:08:18.000Z,186300628.196931
"avg:container.cpu.usage{container_name:server-hotel OR container_name:server-flight OR container_name:conductor-server}",container_name:conductor-server,2025-01-21T03:08:34.000Z,131672561.840096
"avg:container.cpu.usage{container_name:server-hotel OR container_name:server-flight OR container_name:conductor-server}",container_name:conductor-server,2025-01-21T03:08:48.000Z,254157266.244065
"avg:container.cpu.usage{container_name:server-hotel OR container_name:server-flight OR container_name:conductor-server}",container_name:conductor-server,2025-01-21T03:09:04.000Z,189780167.236884
"avg:container.cpu.usage{container_name:server-hotel OR container_name:server-flight OR container_name:conductor-server}",container_name:conductor-server,2025-01-21T03:09:18.000Z,263291088.804939
"avg:container.cpu.usage{container_name:server-hotel OR container_name:server-flight OR container_name:conductor-server}",container_name:conductor-server,2025-01-21T03:09:34.000Z,132932654.982159
"avg:container.cpu.usage{container_name:server-hotel OR container_name:server-flight OR container_name:conductor-server}",container_name:conductor-server,2025-01-21T03:09:48.000Z,212954715.452075
"avg:container.cpu.usage{container_name:server-hotel OR container_name:server-flight OR container_name:conductor-server}",container_name:conductor-server,2025-01-21T03:10:04.000Z,289073794.218974
"avg:container.cpu.usage{container_name:server-hotel OR container_name:server-flight OR container_name:conductor-server}",container_name:conductor-server,2025-01-21T03:10:18.000Z,203590560.04221
"avg:container.cpu.usage{container_name:server-hotel OR container_name:server-flight OR container_name:conductor-server}",container_name:conductor-server,2025-01-21T03:10:34.000Z,142774086.207807
"avg:container.cpu.usage{container_name:server-hotel OR container_name:server-flight OR container_name:conductor-server}",container_name:conductor-server,2025-01-21T03:10:48.000Z,94900988.587945
"avg:container.cpu.usage{container_name:server-hotel OR container_name:server-flight OR container_name:conductor-server}",container_name:conductor-server,2025-01-21T03:11:04.000Z,198995546.329463
"avg:container.cpu.usage{container_name:server-hotel OR container_name:server-flight OR container_name:conductor-server}",container_name:conductor-server,2025-01-21T03:11:18.000Z,82626887.342166
"avg:container.cpu.usage{container_name:server-hotel OR container_name:server-flight OR container_name:conductor-server}",container_name:server-flight,2025-01-21T03:05:48.000Z,11023395.590908
"avg:container.cpu.usage{container_name:server-hotel OR container_name:server-flight OR container_name:conductor-server}",container_name:server-flight,2025-01-21T03:06:04.000Z,12339105.89579
"avg:container.cpu.usage{container_name:server-hotel OR container_name:server-flight OR container_name:conductor-server}",container_name:server-flight,2025-01-21T03:06:18.000Z,55445251.21867
"avg:container.cpu.usage{container_name:server-hotel OR container_name:server-flight OR container_name:conductor-server}",container_name:server-flight,2025-01-21T03:06:34.000Z,27126649.811095
"avg:container.cpu.usage{container_name:server-hotel OR container_name:server-flight OR container_name:conductor-server}",container_name:server-flight,2025-01-21T03:06:48.000Z,22488435.423268
"avg:container.cpu.usage{container_name:server-hotel OR container_name:server-flight OR container_name:conductor-server}",container_name:server-flight,2025-01-21T03:07:04.000Z,23335192.896707
"avg:container.cpu.usage{container_name:server-hotel OR container_name:server-flight OR container_name:conductor-server}",container_name:server-flight,2025-01-21T03:07:18.000Z,29161253.111154
"avg:container.cpu.usage{container_name:server-hotel OR container_name:server-flight OR container_name:conductor-server}",container_name:server-flight,2025-01-21T03:07:34.000Z,20654340.15641
"avg:container.cpu.usage{container_name:server-hotel OR container_name:server-flight OR container_name:conductor-server}",container_name:server-flight,2025-01-21T03:07:48.000Z,22698887.465516
"avg:container.cpu.usage{container_name:server-hotel OR container_name:server-flight OR container_name:conductor-server}",container_name:server-flight,2025-01-21T03:08:04.000Z,23527711.114555
"avg:container.cpu.usage{container_name:server-hotel OR container_name:server-flight OR container_name:conductor-server}",container_name:server-flight,2025-01-21T03:08:18.000Z,23029316.387105
"avg:container.cpu.usage{container_name:server-hotel OR container_name:server-flight OR container_name:conductor-server}",container_name:server-flight,2025-01-21T03:08:34.000Z,20357967.957054
"avg:container.cpu.usage{container_name:server-hotel OR container_name:server-flight OR container_name:conductor-server}",container_name:server-flight,2025-01-21T03:08:48.000Z,23476973.493578
"avg:container.cpu.usage{container_name:server-hotel OR container_name:server-flight OR container_name:conductor-server}",container_name:server-flight,2025-01-21T03:09:04.000Z,19203454.374514
"avg:container.cpu.usage{container_name:server-hotel OR container_name:server-flight OR container_name:conductor-server}",container_name:server-flight,2025-01-21T03:09:18.000Z,23501187.273181
"avg:container.cpu.usage{container_name:server-hotel OR container_name:server-flight OR container_name:conductor-server}",container_name:server-flight,2025-01-21T03:09:34.000Z,19613826.951533
"avg:container.cpu.usage{container_name:server-hotel OR container_name:server-flight OR container_name:conductor-server}",container_name:server-flight,2025-01-21T03:09:48.000Z,29820889.158035
"avg:container.cpu.usage{container_name:server-hotel OR container_name:server-flight OR container_name:conductor-server}",container_name:server-flight,2025-01-21T03:10:04.000Z,25890378.944686
"avg:container.cpu.usage{container_name:server-hotel OR container_name:server-flight OR container_name:conductor-server}",container_name:server-flight,2025-01-21T03:10:18.000Z,26667688.182167
"avg:container.cpu.usage{container_name:server-hotel OR container_name:server-flight OR container_name:conductor-server}",container_name:server-flight,2025-01-21T03:10:34.000Z,24572514.575473
"avg:container.cpu.usage{container_name:server-hotel OR container_name:server-flight OR container_name:conductor-server}",container_name:server-flight,2025-01-21T03:10:48.000Z,23119367.203813
"avg:container.cpu.usage{container_name:server-hotel OR container_name:server-flight OR container_name:conductor-server}",container_name:server-flight,2025-01-21T03:11:04.000Z,20327089.877845
"avg:container.cpu.usage{container_name:server-hotel OR container_name:server-flight OR container_name:conductor-server}",container_name:server-flight,2025-01-21T03:11:18.000Z,15599322.866127
"avg:container.cpu.usage{container_name:server-hotel OR container_name:server-flight OR container_name:conductor-server}",container_name:server-hotel,2025-01-21T03:05:48.000Z,13979133.918299
"avg:container.cpu.usage{container_name:server-hotel OR container_name:server-flight OR container_name:conductor-server}",container_name:server-hotel,2025-01-21T03:06:04.000Z,14815581.283363
"avg:container.cpu.usage{container_name:server-hotel OR container_name:server-flight OR container_name:conductor-server}",container_name:server-hotel,2025-01-21T03:06:18.000Z,57443156.992295
"avg:container.cpu.usage{container_name:server-hotel OR container_name:server-flight OR container_name:conductor-server}",container_name:server-hotel,2025-01-21T03:06:34.000Z,26653779.836393
"avg:container.cpu.usage{container_name:server-hotel OR container_name:server-flight OR container_name:conductor-server}",container_name:server-hotel,2025-01-21T03:06:48.000Z,22635296.03557
"avg:container.cpu.usage{container_name:server-hotel OR container_name:server-flight OR container_name:conductor-server}",container_name:server-hotel,2025-01-21T03:07:04.000Z,24224757.791793
"avg:container.cpu.usage{container_name:server-hotel OR container_name:server-flight OR container_name:conductor-server}",container_name:server-hotel,2025-01-21T03:07:18.000Z,30870268.396397
"avg:container.cpu.usage{container_name:server-hotel OR container_name:server-flight OR container_name:conductor-server}",container_name:server-hotel,2025-01-21T03:07:34.000Z,22391369.321992
"avg:container.cpu.usage{container_name:server-hotel OR container_name:server-flight OR container_name:conductor-server}",container_name:server-hotel,2025-01-21T03:07:48.000Z,24501874.656454
"avg:container.cpu.usage{container_name:server-hotel OR container_name:server-flight OR container_name:conductor-server}",container_name:server-hotel,2025-01-21T03:08:04.000Z,25051433.136921
"avg:container.cpu.usage{container_name:server-hotel OR container_name:server-flight OR container_name:conductor-server}",container_name:server-hotel,2025-01-21T03:08:18.000Z,20004137.555173
"avg:container.cpu.usage{container_name:server-hotel OR container_name:server-flight OR container_name:conductor-server}",container_name:server-hotel,2025-01-21T03:08:34.000Z,19948450.383638
"avg:container.cpu.usage{container_name:server-hotel OR container_name:server-flight OR container_name:conductor-server}",container_name:server-hotel,2025-01-21T03:08:48.000Z,25087510.713731
"avg:container.cpu.usage{container_name:server-hotel OR container_name:server-flight OR container_name:conductor-server}",container_name:server-hotel,2025-01-21T03:09:04.000Z,21423358.306045
"avg:container.cpu.usage{container_name:server-hotel OR container_name:server-flight OR container_name:conductor-server}",container_name:server-hotel,2025-01-21T03:09:18.000Z,22987887.395001
"avg:container.cpu.usage{container_name:server-hotel OR container_name:server-flight OR container_name:conductor-server}",container_name:server-hotel,2025-01-21T03:09:34.000Z,21263395.357948
"avg:container.cpu.usage{container_name:server-hotel OR container_name:server-flight OR container_name:conductor-server}",container_name:server-hotel,2025-01-21T03:09:48.000Z,27860324.055329
"avg:container.cpu.usage{container_name:server-hotel OR container_name:server-flight OR container_name:conductor-server}",container_name:server-hotel,2025-01-21T03:10:04.000Z,25455377.691494
"avg:container.cpu.usage{container_name:server-hotel OR container_name:server-flight OR container_name:conductor-server}",container_name:server-hotel,2025-01-21T03:10:18.000Z,28270491.961824
"avg:container.cpu.usage{container_name:server-hotel OR container_name:server-flight OR container_name:conductor-server}",container_name:server-hotel,2025-01-21T03:10:34.000Z,25932775.655411
"avg:container.cpu.usage{container_name:server-hotel OR container_name:server-flight OR container_name:conductor-server}",container_name:server-hotel,2025-01-21T03:10:48.000Z,23392878.928146
"avg:container.cpu.usage{container_name:server-hotel OR container_name:server-flight OR container_name:conductor-server}",container_name:server-hotel,2025-01-21T03:11:04.000Z,32854446.882479
"avg:container.cpu.usage{container_name:server-hotel OR container_name:server-flight OR container_name:conductor-server}",container_name:server-hotel,2025-01-21T03:11:18.000Z,15701779.070969
