query,group,time,value
"avg:workflow_execution.avg{*}",workflowname:compensate_travel_booking_workflow,2025-01-21T03:06:06.000Z,N/A
"avg:workflow_execution.avg{*}",workflowname:compensate_travel_booking_workflow,2025-01-21T03:06:08.000Z,0
"avg:workflow_execution.avg{*}",workflowname:compensate_travel_booking_workflow,2025-01-21T03:06:10.000Z,37.5
"avg:workflow_execution.avg{*}",workflowname:compensate_travel_booking_workflow,2025-01-21T03:06:12.000Z,0
"avg:workflow_execution.avg{*}",workflowname:compensate_travel_booking_workflow,2025-01-21T03:06:14.000Z,509.8
"avg:workflow_execution.avg{*}",workflowname:compensate_travel_booking_workflow,2025-01-21T03:06:16.000Z,0
"avg:workflow_execution.avg{*}",workflowname:compensate_travel_booking_workflow,2025-01-21T03:06:18.000Z,775.75
"avg:workflow_execution.avg{*}",workflowname:compensate_travel_booking_workflow,2025-01-21T03:06:20.000Z,0
"avg:workflow_execution.avg{*}",workflowname:compensate_travel_booking_workflow,2025-01-21T03:06:22.000Z,26.375
"avg:workflow_execution.avg{*}",workflowname:compensate_travel_booking_workflow,2025-01-21T03:06:24.000Z,1090
"avg:workflow_execution.avg{*}",workflowname:compensate_travel_booking_workflow,2025-01-21T03:06:26.000Z,960.375
"avg:workflow_execution.avg{*}",workflowname:compensate_travel_booking_workflow,2025-01-21T03:06:28.000Z,0
"avg:workflow_execution.avg{*}",workflowname:compensate_travel_booking_workflow,2025-01-21T03:06:30.000Z,718.9375
"avg:workflow_execution.avg{*}",workflowname:compensate_travel_booking_workflow,2025-01-21T03:06:32.000Z,1323.75
"avg:workflow_execution.avg{*}",workflowname:compensate_travel_booking_workflow,2025-01-21T03:06:34.000Z,0
"avg:workflow_execution.avg{*}",workflowname:compensate_travel_booking_workflow,2025-01-21T03:06:36.000Z,759.107143
"avg:workflow_execution.avg{*}",workflowname:compensate_travel_booking_workflow,2025-01-21T03:06:38.000Z,0
"avg:workflow_execution.avg{*}",workflowname:compensate_travel_booking_workflow,2025-01-21T03:06:40.000Z,1404.642857
"avg:workflow_execution.avg{*}",workflowname:compensate_travel_booking_workflow,2025-01-21T03:06:42.000Z,493.833333
"avg:workflow_execution.avg{*}",workflowname:compensate_travel_booking_workflow,2025-01-21T03:06:44.000Z,0
"avg:workflow_execution.avg{*}",workflowname:compensate_travel_booking_workflow,2025-01-21T03:06:46.000Z,2204.5
"avg:workflow_execution.avg{*}",workflowname:compensate_travel_booking_workflow,2025-01-21T03:06:48.000Z,333.5
"avg:workflow_execution.avg{*}",workflowname:compensate_travel_booking_workflow,2025-01-21T03:06:50.000Z,785.75
"avg:workflow_execution.avg{*}",workflowname:compensate_travel_booking_workflow,2025-01-21T03:06:52.000Z,880.2
"avg:workflow_execution.avg{*}",workflowname:compensate_travel_booking_workflow,2025-01-21T03:06:54.000Z,267
"avg:workflow_execution.avg{*}",workflowname:compensate_travel_booking_workflow,2025-01-21T03:06:56.000Z,871.9
"avg:workflow_execution.avg{*}",workflowname:compensate_travel_booking_workflow,2025-01-21T03:06:58.000Z,1113.5
"avg:workflow_execution.avg{*}",workflowname:compensate_travel_booking_workflow,2025-01-21T03:07:00.000Z,296
"avg:workflow_execution.avg{*}",workflowname:compensate_travel_booking_workflow,2025-01-21T03:07:02.000Z,1680.25
"avg:workflow_execution.avg{*}",workflowname:compensate_travel_booking_workflow,2025-01-21T03:07:04.000Z,18.75
"avg:workflow_execution.avg{*}",workflowname:compensate_travel_booking_workflow,2025-01-21T03:07:06.000Z,0
"avg:workflow_execution.avg{*}",workflowname:compensate_travel_booking_workflow,2025-01-21T03:07:08.000Z,1545.5
"avg:workflow_execution.avg{*}",workflowname:compensate_travel_booking_workflow,2025-01-21T03:07:10.000Z,782.5
"avg:workflow_execution.avg{*}",workflowname:compensate_travel_booking_workflow,2025-01-21T03:07:12.000Z,278
"avg:workflow_execution.avg{*}",workflowname:compensate_travel_booking_workflow,2025-01-21T03:07:14.000Z,678.083333
"avg:workflow_execution.avg{*}",workflowname:compensate_travel_booking_workflow,2025-01-21T03:07:16.000Z,338.833333
"avg:workflow_execution.avg{*}",workflowname:compensate_travel_booking_workflow,2025-01-21T03:07:18.000Z,509.5
"avg:workflow_execution.avg{*}",workflowname:compensate_travel_booking_workflow,2025-01-21T03:07:20.000Z,0
"avg:workflow_execution.avg{*}",workflowname:compensate_travel_booking_workflow,2025-01-21T03:07:22.000Z,766.5
"avg:workflow_execution.avg{*}",workflowname:compensate_travel_booking_workflow,2025-01-21T03:07:24.000Z,942.625
"avg:workflow_execution.avg{*}",workflowname:compensate_travel_booking_workflow,2025-01-21T03:07:26.000Z,3713.25
"avg:workflow_execution.avg{*}",workflowname:compensate_travel_booking_workflow,2025-01-21T03:07:28.000Z,817.5
"avg:workflow_execution.avg{*}",workflowname:compensate_travel_booking_workflow,2025-01-21T03:07:30.000Z,810
"avg:workflow_execution.avg{*}",workflowname:compensate_travel_booking_workflow,2025-01-21T03:07:32.000Z,586.5
"avg:workflow_execution.avg{*}",workflowname:compensate_travel_booking_workflow,2025-01-21T03:07:34.000Z,832.166667
"avg:workflow_execution.avg{*}",workflowname:compensate_travel_booking_workflow,2025-01-21T03:07:36.000Z,0
"avg:workflow_execution.avg{*}",workflowname:compensate_travel_booking_workflow,2025-01-21T03:07:38.000Z,972.5
"avg:workflow_execution.avg{*}",workflowname:compensate_travel_booking_workflow,2025-01-21T03:07:40.000Z,1491.5
"avg:workflow_execution.avg{*}",workflowname:compensate_travel_booking_workflow,2025-01-21T03:07:42.000Z,0
"avg:workflow_execution.avg{*}",workflowname:compensate_travel_booking_workflow,2025-01-21T03:07:44.000Z,1392.375
"avg:workflow_execution.avg{*}",workflowname:compensate_travel_booking_workflow,2025-01-21T03:07:46.000Z,924.583333
"avg:workflow_execution.avg{*}",workflowname:compensate_travel_booking_workflow,2025-01-21T03:07:48.000Z,547.375
"avg:workflow_execution.avg{*}",workflowname:compensate_travel_booking_workflow,2025-01-21T03:07:50.000Z,972
"avg:workflow_execution.avg{*}",workflowname:compensate_travel_booking_workflow,2025-01-21T03:07:52.000Z,336
"avg:workflow_execution.avg{*}",workflowname:compensate_travel_booking_workflow,2025-01-21T03:07:54.000Z,376.833333
"avg:workflow_execution.avg{*}",workflowname:compensate_travel_booking_workflow,2025-01-21T03:07:56.000Z,0
"avg:workflow_execution.avg{*}",workflowname:compensate_travel_booking_workflow,2025-01-21T03:07:58.000Z,754.5
"avg:workflow_execution.avg{*}",workflowname:compensate_travel_booking_workflow,2025-01-21T03:08:00.000Z,949.9
"avg:workflow_execution.avg{*}",workflowname:compensate_travel_booking_workflow,2025-01-21T03:08:02.000Z,0
"avg:workflow_execution.avg{*}",workflowname:compensate_travel_booking_workflow,2025-01-21T03:08:04.000Z,1043.75
"avg:workflow_execution.avg{*}",workflowname:compensate_travel_booking_workflow,2025-01-21T03:08:06.000Z,897
"avg:workflow_execution.avg{*}",workflowname:compensate_travel_booking_workflow,2025-01-21T03:08:08.000Z,0
"avg:workflow_execution.avg{*}",workflowname:compensate_travel_booking_workflow,2025-01-21T03:08:10.000Z,3004.166667
"avg:workflow_execution.avg{*}",workflowname:compensate_travel_booking_workflow,2025-01-21T03:08:12.000Z,1731.5
"avg:workflow_execution.avg{*}",workflowname:compensate_travel_booking_workflow,2025-01-21T03:08:14.000Z,941.5
"avg:workflow_execution.avg{*}",workflowname:compensate_travel_booking_workflow,2025-01-21T03:08:16.000Z,1121.25
"avg:workflow_execution.avg{*}",workflowname:compensate_travel_booking_workflow,2025-01-21T03:08:18.000Z,662.5
"avg:workflow_execution.avg{*}",workflowname:compensate_travel_booking_workflow,2025-01-21T03:08:20.000Z,398.125
"avg:workflow_execution.avg{*}",workflowname:compensate_travel_booking_workflow,2025-01-21T03:08:22.000Z,0
"avg:workflow_execution.avg{*}",workflowname:compensate_travel_booking_workflow,2025-01-21T03:08:24.000Z,930.7
"avg:workflow_execution.avg{*}",workflowname:compensate_travel_booking_workflow,2025-01-21T03:08:26.000Z,254
"avg:workflow_execution.avg{*}",workflowname:compensate_travel_booking_workflow,2025-01-21T03:08:28.000Z,0
"avg:workflow_execution.avg{*}",workflowname:compensate_travel_booking_workflow,2025-01-21T03:08:30.000Z,1030
"avg:workflow_execution.avg{*}",workflowname:compensate_travel_booking_workflow,2025-01-21T03:08:32.000Z,0
"avg:workflow_execution.avg{*}",workflowname:compensate_travel_booking_workflow,2025-01-21T03:08:34.000Z,2571
"avg:workflow_execution.avg{*}",workflowname:compensate_travel_booking_workflow,2025-01-21T03:08:36.000Z,924.875
"avg:workflow_execution.avg{*}",workflowname:compensate_travel_booking_workflow,2025-01-21T03:08:38.000Z,1208.375
"avg:workflow_execution.avg{*}",workflowname:compensate_travel_booking_workflow,2025-01-21T03:08:40.000Z,940.75
"avg:workflow_execution.avg{*}",workflowname:compensate_travel_booking_workflow,2025-01-21T03:08:42.000Z,976.583333
"avg:workflow_execution.avg{*}",workflowname:compensate_travel_booking_workflow,2025-01-21T03:08:44.000Z,731.833333
"avg:workflow_execution.avg{*}",workflowname:compensate_travel_booking_workflow,2025-01-21T03:08:46.000Z,445.428571
"avg:workflow_execution.avg{*}",workflowname:compensate_travel_booking_workflow,2025-01-21T03:08:48.000Z,0
"avg:workflow_execution.avg{*}",workflowname:compensate_travel_booking_workflow,2025-01-21T03:08:50.000Z,519.833333
"avg:workflow_execution.avg{*}",workflowname:compensate_travel_booking_workflow,2025-01-21T03:08:52.000Z,1564.25
"avg:workflow_execution.avg{*}",workflowname:compensate_travel_booking_workflow,2025-01-21T03:08:54.000Z,0
"avg:workflow_execution.avg{*}",workflowname:compensate_travel_booking_workflow,2025-01-21T03:08:56.000Z,1343.75
"avg:workflow_execution.avg{*}",workflowname:compensate_travel_booking_workflow,2025-01-21T03:08:58.000Z,1058.5
"avg:workflow_execution.avg{*}",workflowname:compensate_travel_booking_workflow,2025-01-21T03:09:00.000Z,835
"avg:workflow_execution.avg{*}",workflowname:compensate_travel_booking_workflow,2025-01-21T03:09:02.000Z,0
"avg:workflow_execution.avg{*}",workflowname:compensate_travel_booking_workflow,2025-01-21T03:09:04.000Z,2239
"avg:workflow_execution.avg{*}",workflowname:compensate_travel_booking_workflow,2025-01-21T03:09:06.000Z,928.25
"avg:workflow_execution.avg{*}",workflowname:compensate_travel_booking_workflow,2025-01-21T03:09:08.000Z,2058
"avg:workflow_execution.avg{*}",workflowname:compensate_travel_booking_workflow,2025-01-21T03:09:10.000Z,0
"avg:workflow_execution.avg{*}",workflowname:compensate_travel_booking_workflow,2025-01-21T03:09:12.000Z,959.166667
"avg:workflow_execution.avg{*}",workflowname:compensate_travel_booking_workflow,2025-01-21T03:09:14.000Z,909
"avg:workflow_execution.avg{*}",workflowname:compensate_travel_booking_workflow,2025-01-21T03:09:16.000Z,2225.75
"avg:workflow_execution.avg{*}",workflowname:compensate_travel_booking_workflow,2025-01-21T03:09:18.000Z,0
"avg:workflow_execution.avg{*}",workflowname:compensate_travel_booking_workflow,2025-01-21T03:09:20.000Z,968.916667
"avg:workflow_execution.avg{*}",workflowname:compensate_travel_booking_workflow,2025-01-21T03:09:22.000Z,810.833333
"avg:workflow_execution.avg{*}",workflowname:compensate_travel_booking_workflow,2025-01-21T03:09:24.000Z,537.333333
"avg:workflow_execution.avg{*}",workflowname:compensate_travel_booking_workflow,2025-01-21T03:09:26.000Z,1022.433333
"avg:workflow_execution.avg{*}",workflowname:compensate_travel_booking_workflow,2025-01-21T03:09:28.000Z,0
"avg:workflow_execution.avg{*}",workflowname:compensate_travel_booking_workflow,2025-01-21T03:09:30.000Z,1122.75
"avg:workflow_execution.avg{*}",workflowname:compensate_travel_booking_workflow,2025-01-21T03:09:32.000Z,257
"avg:workflow_execution.avg{*}",workflowname:compensate_travel_booking_workflow,2025-01-21T03:09:34.000Z,247
"avg:workflow_execution.avg{*}",workflowname:compensate_travel_booking_workflow,2025-01-21T03:09:36.000Z,16
"avg:workflow_execution.avg{*}",workflowname:compensate_travel_booking_workflow,2025-01-21T03:09:38.000Z,520.5
"avg:workflow_execution.avg{*}",workflowname:compensate_travel_booking_workflow,2025-01-21T03:09:40.000Z,1575.75
"avg:workflow_execution.avg{*}",workflowname:compensate_travel_booking_workflow,2025-01-21T03:09:42.000Z,1596
"avg:workflow_execution.avg{*}",workflowname:compensate_travel_booking_workflow,2025-01-21T03:09:44.000Z,599.166667
"avg:workflow_execution.avg{*}",workflowname:compensate_travel_booking_workflow,2025-01-21T03:09:46.000Z,1538.1
"avg:workflow_execution.avg{*}",workflowname:compensate_travel_booking_workflow,2025-01-21T03:09:48.000Z,991.75
"avg:workflow_execution.avg{*}",workflowname:compensate_travel_booking_workflow,2025-01-21T03:09:50.000Z,788.083333
"avg:workflow_execution.avg{*}",workflowname:compensate_travel_booking_workflow,2025-01-21T03:09:52.000Z,433
"avg:workflow_execution.avg{*}",workflowname:compensate_travel_booking_workflow,2025-01-21T03:09:54.000Z,0
"avg:workflow_execution.avg{*}",workflowname:compensate_travel_booking_workflow,2025-01-21T03:09:56.000Z,3387.25
"avg:workflow_execution.avg{*}",workflowname:compensate_travel_booking_workflow,2025-01-21T03:09:58.000Z,394.25
"avg:workflow_execution.avg{*}",workflowname:compensate_travel_booking_workflow,2025-01-21T03:10:00.000Z,880.5
"avg:workflow_execution.avg{*}",workflowname:compensate_travel_booking_workflow,2025-01-21T03:10:02.000Z,425.75
"avg:workflow_execution.avg{*}",workflowname:compensate_travel_booking_workflow,2025-01-21T03:10:04.000Z,67.416667
"avg:workflow_execution.avg{*}",workflowname:compensate_travel_booking_workflow,2025-01-21T03:10:06.000Z,0
"avg:workflow_execution.avg{*}",workflowname:compensate_travel_booking_workflow,2025-01-21T03:10:08.000Z,0
"avg:workflow_execution.avg{*}",workflowname:compensate_travel_booking_workflow,2025-01-21T03:10:10.000Z,551.666667
"avg:workflow_execution.avg{*}",workflowname:compensate_travel_booking_workflow,2025-01-21T03:10:12.000Z,1572
"avg:workflow_execution.avg{*}",workflowname:compensate_travel_booking_workflow,2025-01-21T03:10:14.000Z,1222
"avg:workflow_execution.avg{*}",workflowname:compensate_travel_booking_workflow,2025-01-21T03:10:16.000Z,0
"avg:workflow_execution.avg{*}",workflowname:compensate_travel_booking_workflow,2025-01-21T03:10:18.000Z,21.25
"avg:workflow_execution.avg{*}",workflowname:compensate_travel_booking_workflow,2025-01-21T03:10:20.000Z,566.125
"avg:workflow_execution.avg{*}",workflowname:compensate_travel_booking_workflow,2025-01-21T03:10:22.000Z,2073.1
"avg:workflow_execution.avg{*}",workflowname:compensate_travel_booking_workflow,2025-01-21T03:10:24.000Z,0
"avg:workflow_execution.avg{*}",workflowname:compensate_travel_booking_workflow,2025-01-21T03:10:26.000Z,0
"avg:workflow_execution.avg{*}",workflowname:compensate_travel_booking_workflow,2025-01-21T03:10:28.000Z,870.5
"avg:workflow_execution.avg{*}",workflowname:compensate_travel_booking_workflow,2025-01-21T03:10:30.000Z,809.5
"avg:workflow_execution.avg{*}",workflowname:compensate_travel_booking_workflow,2025-01-21T03:10:32.000Z,1338.5
"avg:workflow_execution.avg{*}",workflowname:compensate_travel_booking_workflow,2025-01-21T03:10:34.000Z,0
"avg:workflow_execution.avg{*}",workflowname:compensate_travel_booking_workflow,2025-01-21T03:10:36.000Z,1877.1
"avg:workflow_execution.avg{*}",workflowname:compensate_travel_booking_workflow,2025-01-21T03:10:38.000Z,799.666667
"avg:workflow_execution.avg{*}",workflowname:compensate_travel_booking_workflow,2025-01-21T03:10:40.000Z,1323
"avg:workflow_execution.avg{*}",workflowname:compensate_travel_booking_workflow,2025-01-21T03:10:42.000Z,0
"avg:workflow_execution.avg{*}",workflowname:compensate_travel_booking_workflow,2025-01-21T03:10:44.000Z,935.125
"avg:workflow_execution.avg{*}",workflowname:compensate_travel_booking_workflow,2025-01-21T03:10:46.000Z,0
"avg:workflow_execution.avg{*}",workflowname:compensate_travel_booking_workflow,2025-01-21T03:10:48.000Z,0
"avg:workflow_execution.avg{*}",workflowname:compensate_travel_booking_workflow,2025-01-21T03:10:50.000Z,913.083333
"avg:workflow_execution.avg{*}",workflowname:compensate_travel_booking_workflow,2025-01-21T03:10:52.000Z,16.75
"avg:workflow_execution.avg{*}",workflowname:compensate_travel_booking_workflow,2025-01-21T03:10:54.000Z,614
"avg:workflow_execution.avg{*}",workflowname:compensate_travel_booking_workflow,2025-01-21T03:10:56.000Z,0
"avg:workflow_execution.avg{*}",workflowname:compensate_travel_booking_workflow,2025-01-21T03:10:58.000Z,1603.222222
"avg:workflow_execution.avg{*}",workflowname:compensate_travel_booking_workflow,2025-01-21T03:11:00.000Z,657.991667
"avg:workflow_execution.avg{*}",workflowname:compensate_travel_booking_workflow,2025-01-21T03:11:02.000Z,18.5
"avg:workflow_execution.avg{*}",workflowname:compensate_travel_booking_workflow,2025-01-21T03:11:04.000Z,130.375
"avg:workflow_execution.avg{*}",workflowname:compensate_travel_booking_workflow,2025-01-21T03:11:06.000Z,0
"avg:workflow_execution.avg{*}",workflowname:compensate_travel_booking_workflow,2025-01-21T03:11:08.000Z,0
"avg:workflow_execution.avg{*}",workflowname:compensate_travel_booking_workflow,2025-01-21T03:11:10.000Z,0
"avg:workflow_execution.avg{*}",workflowname:compensate_travel_booking_workflow,2025-01-21T03:11:12.000Z,0
"avg:workflow_execution.avg{*}",workflowname:compensate_travel_booking_workflow,2025-01-21T03:11:14.000Z,0
"avg:workflow_execution.avg{*}",workflowname:compensate_travel_booking_workflow,2025-01-21T03:11:16.000Z,0
"avg:workflow_execution.avg{*}",workflowname:compensate_travel_booking_workflow,2025-01-21T03:11:18.000Z,0
"avg:workflow_execution.avg{*}",workflowname:compensate_travel_booking_workflow,2025-01-21T03:11:20.000Z,0
"avg:workflow_execution.avg{*}",workflowname:compensate_travel_booking_workflow,2025-01-21T03:11:22.000Z,0
"avg:workflow_execution.avg{*}",workflowname:compensate_travel_booking_workflow,2025-01-21T03:11:24.000Z,0
"avg:workflow_execution.avg{*}",workflowname:compensate_travel_booking_workflow,2025-01-21T03:11:26.000Z,0
"avg:workflow_execution.avg{*}",workflowname:compensate_travel_booking_workflow,2025-01-21T03:11:28.000Z,0
"avg:workflow_execution.avg{*}",workflowname:compensate_travel_booking_workflow,2025-01-21T03:11:30.000Z,0
"avg:workflow_execution.avg{*}",workflowname:travel_booking_segregated_saga_wf,2025-01-21T03:06:06.000Z,N/A
"avg:workflow_execution.avg{*}",workflowname:travel_booking_segregated_saga_wf,2025-01-21T03:06:08.000Z,N/A
"avg:workflow_execution.avg{*}",workflowname:travel_booking_segregated_saga_wf,2025-01-21T03:06:10.000Z,4000.166667
"avg:workflow_execution.avg{*}",workflowname:travel_booking_segregated_saga_wf,2025-01-21T03:06:12.000Z,0
"avg:workflow_execution.avg{*}",workflowname:travel_booking_segregated_saga_wf,2025-01-21T03:06:14.000Z,5762.6
"avg:workflow_execution.avg{*}",workflowname:travel_booking_segregated_saga_wf,2025-01-21T03:06:16.000Z,7114.5
"avg:workflow_execution.avg{*}",workflowname:travel_booking_segregated_saga_wf,2025-01-21T03:06:18.000Z,7866.25
"avg:workflow_execution.avg{*}",workflowname:travel_booking_segregated_saga_wf,2025-01-21T03:06:20.000Z,9157
"avg:workflow_execution.avg{*}",workflowname:travel_booking_segregated_saga_wf,2025-01-21T03:06:22.000Z,18880.375
"avg:workflow_execution.avg{*}",workflowname:travel_booking_segregated_saga_wf,2025-01-21T03:06:24.000Z,0
"avg:workflow_execution.avg{*}",workflowname:travel_booking_segregated_saga_wf,2025-01-21T03:06:26.000Z,11990.25
"avg:workflow_execution.avg{*}",workflowname:travel_booking_segregated_saga_wf,2025-01-21T03:06:28.000Z,0
"avg:workflow_execution.avg{*}",workflowname:travel_booking_segregated_saga_wf,2025-01-21T03:06:30.000Z,13236
"avg:workflow_execution.avg{*}",workflowname:travel_booking_segregated_saga_wf,2025-01-21T03:06:32.000Z,14485.3125
"avg:workflow_execution.avg{*}",workflowname:travel_booking_segregated_saga_wf,2025-01-21T03:06:34.000Z,15747.25
"avg:workflow_execution.avg{*}",workflowname:travel_booking_segregated_saga_wf,2025-01-21T03:06:36.000Z,16557.923077
"avg:workflow_execution.avg{*}",workflowname:travel_booking_segregated_saga_wf,2025-01-21T03:06:38.000Z,17816
"avg:workflow_execution.avg{*}",workflowname:travel_booking_segregated_saga_wf,2025-01-21T03:06:40.000Z,32933.633333
"avg:workflow_execution.avg{*}",workflowname:travel_booking_segregated_saga_wf,2025-01-21T03:06:42.000Z,0
"avg:workflow_execution.avg{*}",workflowname:travel_booking_segregated_saga_wf,2025-01-21T03:06:44.000Z,18375.222222
"avg:workflow_execution.avg{*}",workflowname:travel_booking_segregated_saga_wf,2025-01-21T03:06:46.000Z,19977
"avg:workflow_execution.avg{*}",workflowname:travel_booking_segregated_saga_wf,2025-01-21T03:06:48.000Z,20474
"avg:workflow_execution.avg{*}",workflowname:travel_booking_segregated_saga_wf,2025-01-21T03:06:50.000Z,21660.5
"avg:workflow_execution.avg{*}",workflowname:travel_booking_segregated_saga_wf,2025-01-21T03:06:52.000Z,22873.1
"avg:workflow_execution.avg{*}",workflowname:travel_booking_segregated_saga_wf,2025-01-21T03:06:54.000Z,23361
"avg:workflow_execution.avg{*}",workflowname:travel_booking_segregated_saga_wf,2025-01-21T03:06:56.000Z,24657.5
"avg:workflow_execution.avg{*}",workflowname:travel_booking_segregated_saga_wf,2025-01-21T03:06:58.000Z,51084.266667
"avg:workflow_execution.avg{*}",workflowname:travel_booking_segregated_saga_wf,2025-01-21T03:07:00.000Z,0
"avg:workflow_execution.avg{*}",workflowname:travel_booking_segregated_saga_wf,2025-01-21T03:07:02.000Z,27452.75
"avg:workflow_execution.avg{*}",workflowname:travel_booking_segregated_saga_wf,2025-01-21T03:07:04.000Z,28413
"avg:workflow_execution.avg{*}",workflowname:travel_booking_segregated_saga_wf,2025-01-21T03:07:06.000Z,28951.083333
"avg:workflow_execution.avg{*}",workflowname:travel_booking_segregated_saga_wf,2025-01-21T03:07:08.000Z,59820.75
"avg:workflow_execution.avg{*}",workflowname:travel_booking_segregated_saga_wf,2025-01-21T03:07:10.000Z,0
"avg:workflow_execution.avg{*}",workflowname:travel_booking_segregated_saga_wf,2025-01-21T03:07:12.000Z,63066.5
"avg:workflow_execution.avg{*}",workflowname:travel_booking_segregated_saga_wf,2025-01-21T03:07:14.000Z,65269.6
"avg:workflow_execution.avg{*}",workflowname:travel_booking_segregated_saga_wf,2025-01-21T03:07:16.000Z,67503.75
"avg:workflow_execution.avg{*}",workflowname:travel_booking_segregated_saga_wf,2025-01-21T03:07:18.000Z,69635.416667
"avg:workflow_execution.avg{*}",workflowname:travel_booking_segregated_saga_wf,2025-01-21T03:07:20.000Z,35404
"avg:workflow_execution.avg{*}",workflowname:travel_booking_segregated_saga_wf,2025-01-21T03:07:22.000Z,36215
"avg:workflow_execution.avg{*}",workflowname:travel_booking_segregated_saga_wf,2025-01-21T03:07:24.000Z,37929.75
"avg:workflow_execution.avg{*}",workflowname:travel_booking_segregated_saga_wf,2025-01-21T03:07:26.000Z,39028
"avg:workflow_execution.avg{*}",workflowname:travel_booking_segregated_saga_wf,2025-01-21T03:07:28.000Z,79291.25
"avg:workflow_execution.avg{*}",workflowname:travel_booking_segregated_saga_wf,2025-01-21T03:07:30.000Z,40671.75
"avg:workflow_execution.avg{*}",workflowname:travel_booking_segregated_saga_wf,2025-01-21T03:07:32.000Z,83139.25
"avg:workflow_execution.avg{*}",workflowname:travel_booking_segregated_saga_wf,2025-01-21T03:07:34.000Z,0
"avg:workflow_execution.avg{*}",workflowname:travel_booking_segregated_saga_wf,2025-01-21T03:07:36.000Z,43905.333333
"avg:workflow_execution.avg{*}",workflowname:travel_booking_segregated_saga_wf,2025-01-21T03:07:38.000Z,0
"avg:workflow_execution.avg{*}",workflowname:travel_booking_segregated_saga_wf,2025-01-21T03:07:40.000Z,0
"avg:workflow_execution.avg{*}",workflowname:travel_booking_segregated_saga_wf,2025-01-21T03:07:42.000Z,45748.2
"avg:workflow_execution.avg{*}",workflowname:travel_booking_segregated_saga_wf,2025-01-21T03:07:44.000Z,47071
"avg:workflow_execution.avg{*}",workflowname:travel_booking_segregated_saga_wf,2025-01-21T03:07:46.000Z,48179.4
"avg:workflow_execution.avg{*}",workflowname:travel_booking_segregated_saga_wf,2025-01-21T03:07:48.000Z,97530.25
"avg:workflow_execution.avg{*}",workflowname:travel_booking_segregated_saga_wf,2025-01-21T03:07:50.000Z,50259.125
"avg:workflow_execution.avg{*}",workflowname:travel_booking_segregated_saga_wf,2025-01-21T03:07:52.000Z,101391.166667
"avg:workflow_execution.avg{*}",workflowname:travel_booking_segregated_saga_wf,2025-01-21T03:07:54.000Z,0
"avg:workflow_execution.avg{*}",workflowname:travel_booking_segregated_saga_wf,2025-01-21T03:07:56.000Z,52535.166667
"avg:workflow_execution.avg{*}",workflowname:travel_booking_segregated_saga_wf,2025-01-21T03:07:58.000Z,53590.5
"avg:workflow_execution.avg{*}",workflowname:travel_booking_segregated_saga_wf,2025-01-21T03:08:00.000Z,0
"avg:workflow_execution.avg{*}",workflowname:travel_booking_segregated_saga_wf,2025-01-21T03:08:02.000Z,55865.9
"avg:workflow_execution.avg{*}",workflowname:travel_booking_segregated_saga_wf,2025-01-21T03:08:04.000Z,57168.25
"avg:workflow_execution.avg{*}",workflowname:travel_booking_segregated_saga_wf,2025-01-21T03:08:06.000Z,57431
"avg:workflow_execution.avg{*}",workflowname:travel_booking_segregated_saga_wf,2025-01-21T03:08:08.000Z,0
"avg:workflow_execution.avg{*}",workflowname:travel_booking_segregated_saga_wf,2025-01-21T03:08:10.000Z,119312.666667
"avg:workflow_execution.avg{*}",workflowname:travel_booking_segregated_saga_wf,2025-01-21T03:08:12.000Z,60830.25
"avg:workflow_execution.avg{*}",workflowname:travel_booking_segregated_saga_wf,2025-01-21T03:08:14.000Z,0
"avg:workflow_execution.avg{*}",workflowname:travel_booking_segregated_saga_wf,2025-01-21T03:08:16.000Z,124755.7
"avg:workflow_execution.avg{*}",workflowname:travel_booking_segregated_saga_wf,2025-01-21T03:08:18.000Z,126227.5
"avg:workflow_execution.avg{*}",workflowname:travel_booking_segregated_saga_wf,2025-01-21T03:08:20.000Z,0
"avg:workflow_execution.avg{*}",workflowname:travel_booking_segregated_saga_wf,2025-01-21T03:08:22.000Z,65303.5
"avg:workflow_execution.avg{*}",workflowname:travel_booking_segregated_saga_wf,2025-01-21T03:08:24.000Z,0
"avg:workflow_execution.avg{*}",workflowname:travel_booking_segregated_saga_wf,2025-01-21T03:08:26.000Z,67003.1
"avg:workflow_execution.avg{*}",workflowname:travel_booking_segregated_saga_wf,2025-01-21T03:08:28.000Z,68053
"avg:workflow_execution.avg{*}",workflowname:travel_booking_segregated_saga_wf,2025-01-21T03:08:30.000Z,0
"avg:workflow_execution.avg{*}",workflowname:travel_booking_segregated_saga_wf,2025-01-21T03:08:32.000Z,70322.333333
"avg:workflow_execution.avg{*}",workflowname:travel_booking_segregated_saga_wf,2025-01-21T03:08:34.000Z,71093.5
"avg:workflow_execution.avg{*}",workflowname:travel_booking_segregated_saga_wf,2025-01-21T03:08:36.000Z,72022.75
"avg:workflow_execution.avg{*}",workflowname:travel_booking_segregated_saga_wf,2025-01-21T03:08:38.000Z,145899.375
"avg:workflow_execution.avg{*}",workflowname:travel_booking_segregated_saga_wf,2025-01-21T03:08:40.000Z,73833.75
"avg:workflow_execution.avg{*}",workflowname:travel_booking_segregated_saga_wf,2025-01-21T03:08:42.000Z,150000.833333
"avg:workflow_execution.avg{*}",workflowname:travel_booking_segregated_saga_wf,2025-01-21T03:08:44.000Z,151497.580357
"avg:workflow_execution.avg{*}",workflowname:travel_booking_segregated_saga_wf,2025-01-21T03:08:46.000Z,76148.5
"avg:workflow_execution.avg{*}",workflowname:travel_booking_segregated_saga_wf,2025-01-21T03:08:48.000Z,0
"avg:workflow_execution.avg{*}",workflowname:travel_booking_segregated_saga_wf,2025-01-21T03:08:50.000Z,77958.571429
"avg:workflow_execution.avg{*}",workflowname:travel_booking_segregated_saga_wf,2025-01-21T03:08:52.000Z,158948
"avg:workflow_execution.avg{*}",workflowname:travel_booking_segregated_saga_wf,2025-01-21T03:08:54.000Z,79979
"avg:workflow_execution.avg{*}",workflowname:travel_booking_segregated_saga_wf,2025-01-21T03:08:56.000Z,80923
"avg:workflow_execution.avg{*}",workflowname:travel_booking_segregated_saga_wf,2025-01-21T03:08:58.000Z,164393.428571
"avg:workflow_execution.avg{*}",workflowname:travel_booking_segregated_saga_wf,2025-01-21T03:09:00.000Z,83685.375
"avg:workflow_execution.avg{*}",workflowname:travel_booking_segregated_saga_wf,2025-01-21T03:09:02.000Z,0
"avg:workflow_execution.avg{*}",workflowname:travel_booking_segregated_saga_wf,2025-01-21T03:09:04.000Z,85424.25
"avg:workflow_execution.avg{*}",workflowname:travel_booking_segregated_saga_wf,2025-01-21T03:09:06.000Z,86506.125
"avg:workflow_execution.avg{*}",workflowname:travel_booking_segregated_saga_wf,2025-01-21T03:09:08.000Z,174338
"avg:workflow_execution.avg{*}",workflowname:travel_booking_segregated_saga_wf,2025-01-21T03:09:10.000Z,87810.75
"avg:workflow_execution.avg{*}",workflowname:travel_booking_segregated_saga_wf,2025-01-21T03:09:12.000Z,88548.666667
"avg:workflow_execution.avg{*}",workflowname:travel_booking_segregated_saga_wf,2025-01-21T03:09:14.000Z,0
"avg:workflow_execution.avg{*}",workflowname:travel_booking_segregated_saga_wf,2025-01-21T03:09:16.000Z,181603.666667
"avg:workflow_execution.avg{*}",workflowname:travel_booking_segregated_saga_wf,2025-01-21T03:09:18.000Z,0
"avg:workflow_execution.avg{*}",workflowname:travel_booking_segregated_saga_wf,2025-01-21T03:09:20.000Z,92129.916667
"avg:workflow_execution.avg{*}",workflowname:travel_booking_segregated_saga_wf,2025-01-21T03:09:22.000Z,0
"avg:workflow_execution.avg{*}",workflowname:travel_booking_segregated_saga_wf,2025-01-21T03:09:24.000Z,94154.833333
"avg:workflow_execution.avg{*}",workflowname:travel_booking_segregated_saga_wf,2025-01-21T03:09:26.000Z,95021
"avg:workflow_execution.avg{*}",workflowname:travel_booking_segregated_saga_wf,2025-01-21T03:09:28.000Z,96128.333333
"avg:workflow_execution.avg{*}",workflowname:travel_booking_segregated_saga_wf,2025-01-21T03:09:30.000Z,0
"avg:workflow_execution.avg{*}",workflowname:travel_booking_segregated_saga_wf,2025-01-21T03:09:32.000Z,196630.166667
"avg:workflow_execution.avg{*}",workflowname:travel_booking_segregated_saga_wf,2025-01-21T03:09:34.000Z,99219
"avg:workflow_execution.avg{*}",workflowname:travel_booking_segregated_saga_wf,2025-01-21T03:09:36.000Z,100246.5
"avg:workflow_execution.avg{*}",workflowname:travel_booking_segregated_saga_wf,2025-01-21T03:09:38.000Z,0
"avg:workflow_execution.avg{*}",workflowname:travel_booking_segregated_saga_wf,2025-01-21T03:09:40.000Z,102118.9375
"avg:workflow_execution.avg{*}",workflowname:travel_booking_segregated_saga_wf,2025-01-21T03:09:42.000Z,206395.5
"avg:workflow_execution.avg{*}",workflowname:travel_booking_segregated_saga_wf,2025-01-21T03:09:44.000Z,207893.777778
"avg:workflow_execution.avg{*}",workflowname:travel_booking_segregated_saga_wf,2025-01-21T03:09:46.000Z,104977.785714
"avg:workflow_execution.avg{*}",workflowname:travel_booking_segregated_saga_wf,2025-01-21T03:09:48.000Z,105723.875
"avg:workflow_execution.avg{*}",workflowname:travel_booking_segregated_saga_wf,2025-01-21T03:09:50.000Z,213020.1
"avg:workflow_execution.avg{*}",workflowname:travel_booking_segregated_saga_wf,2025-01-21T03:09:52.000Z,107182.5
"avg:workflow_execution.avg{*}",workflowname:travel_booking_segregated_saga_wf,2025-01-21T03:09:54.000Z,0
"avg:workflow_execution.avg{*}",workflowname:travel_booking_segregated_saga_wf,2025-01-21T03:09:56.000Z,218969.75
"avg:workflow_execution.avg{*}",workflowname:travel_booking_segregated_saga_wf,2025-01-21T03:09:58.000Z,220891.5
"avg:workflow_execution.avg{*}",workflowname:travel_booking_segregated_saga_wf,2025-01-21T03:10:00.000Z,111982.1
"avg:workflow_execution.avg{*}",workflowname:travel_booking_segregated_saga_wf,2025-01-21T03:10:02.000Z,0
"avg:workflow_execution.avg{*}",workflowname:travel_booking_segregated_saga_wf,2025-01-21T03:10:04.000Z,113788.5
"avg:workflow_execution.avg{*}",workflowname:travel_booking_segregated_saga_wf,2025-01-21T03:10:06.000Z,229254.5
"avg:workflow_execution.avg{*}",workflowname:travel_booking_segregated_saga_wf,2025-01-21T03:10:08.000Z,0
"avg:workflow_execution.avg{*}",workflowname:travel_booking_segregated_saga_wf,2025-01-21T03:10:10.000Z,0
"avg:workflow_execution.avg{*}",workflowname:travel_booking_segregated_saga_wf,2025-01-21T03:10:12.000Z,234243.5
"avg:workflow_execution.avg{*}",workflowname:travel_booking_segregated_saga_wf,2025-01-21T03:10:14.000Z,0
"avg:workflow_execution.avg{*}",workflowname:travel_booking_segregated_saga_wf,2025-01-21T03:10:16.000Z,118651
"avg:workflow_execution.avg{*}",workflowname:travel_booking_segregated_saga_wf,2025-01-21T03:10:18.000Z,119025.071429
"avg:workflow_execution.avg{*}",workflowname:travel_booking_segregated_saga_wf,2025-01-21T03:10:20.000Z,240778.75
"avg:workflow_execution.avg{*}",workflowname:travel_booking_segregated_saga_wf,2025-01-21T03:10:22.000Z,121805.2
"avg:workflow_execution.avg{*}",workflowname:travel_booking_segregated_saga_wf,2025-01-21T03:10:24.000Z,0
"avg:workflow_execution.avg{*}",workflowname:travel_booking_segregated_saga_wf,2025-01-21T03:10:26.000Z,123082.5
"avg:workflow_execution.avg{*}",workflowname:travel_booking_segregated_saga_wf,2025-01-21T03:10:28.000Z,124468.833333
"avg:workflow_execution.avg{*}",workflowname:travel_booking_segregated_saga_wf,2025-01-21T03:10:30.000Z,0
"avg:workflow_execution.avg{*}",workflowname:travel_booking_segregated_saga_wf,2025-01-21T03:10:32.000Z,126058.75
"avg:workflow_execution.avg{*}",workflowname:travel_booking_segregated_saga_wf,2025-01-21T03:10:34.000Z,127324
"avg:workflow_execution.avg{*}",workflowname:travel_booking_segregated_saga_wf,2025-01-21T03:10:36.000Z,128507.3
"avg:workflow_execution.avg{*}",workflowname:travel_booking_segregated_saga_wf,2025-01-21T03:10:38.000Z,0
"avg:workflow_execution.avg{*}",workflowname:travel_booking_segregated_saga_wf,2025-01-21T03:10:40.000Z,130094
"avg:workflow_execution.avg{*}",workflowname:travel_booking_segregated_saga_wf,2025-01-21T03:10:42.000Z,131355.25
"avg:workflow_execution.avg{*}",workflowname:travel_booking_segregated_saga_wf,2025-01-21T03:10:44.000Z,0
"avg:workflow_execution.avg{*}",workflowname:travel_booking_segregated_saga_wf,2025-01-21T03:10:46.000Z,266278.333333
"avg:workflow_execution.avg{*}",workflowname:travel_booking_segregated_saga_wf,2025-01-21T03:10:48.000Z,0
"avg:workflow_execution.avg{*}",workflowname:travel_booking_segregated_saga_wf,2025-01-21T03:10:50.000Z,135588.8
"avg:workflow_execution.avg{*}",workflowname:travel_booking_segregated_saga_wf,2025-01-21T03:10:52.000Z,136851.5
"avg:workflow_execution.avg{*}",workflowname:travel_booking_segregated_saga_wf,2025-01-21T03:10:54.000Z,136755.625
"avg:workflow_execution.avg{*}",workflowname:travel_booking_segregated_saga_wf,2025-01-21T03:10:56.000Z,138318
"avg:workflow_execution.avg{*}",workflowname:travel_booking_segregated_saga_wf,2025-01-21T03:10:58.000Z,139044.5
"avg:workflow_execution.avg{*}",workflowname:travel_booking_segregated_saga_wf,2025-01-21T03:11:00.000Z,279248.421053
"avg:workflow_execution.avg{*}",workflowname:travel_booking_segregated_saga_wf,2025-01-21T03:11:02.000Z,141168.5
"avg:workflow_execution.avg{*}",workflowname:travel_booking_segregated_saga_wf,2025-01-21T03:11:04.000Z,141204
"avg:workflow_execution.avg{*}",workflowname:travel_booking_segregated_saga_wf,2025-01-21T03:11:06.000Z,142460.666667
"avg:workflow_execution.avg{*}",workflowname:travel_booking_segregated_saga_wf,2025-01-21T03:11:08.000Z,0
"avg:workflow_execution.avg{*}",workflowname:travel_booking_segregated_saga_wf,2025-01-21T03:11:10.000Z,0
"avg:workflow_execution.avg{*}",workflowname:travel_booking_segregated_saga_wf,2025-01-21T03:11:12.000Z,0
"avg:workflow_execution.avg{*}",workflowname:travel_booking_segregated_saga_wf,2025-01-21T03:11:14.000Z,0
"avg:workflow_execution.avg{*}",workflowname:travel_booking_segregated_saga_wf,2025-01-21T03:11:16.000Z,0
"avg:workflow_execution.avg{*}",workflowname:travel_booking_segregated_saga_wf,2025-01-21T03:11:18.000Z,0
"avg:workflow_execution.avg{*}",workflowname:travel_booking_segregated_saga_wf,2025-01-21T03:11:20.000Z,0
"avg:workflow_execution.avg{*}",workflowname:travel_booking_segregated_saga_wf,2025-01-21T03:11:22.000Z,0
"avg:workflow_execution.avg{*}",workflowname:travel_booking_segregated_saga_wf,2025-01-21T03:11:24.000Z,0
"avg:workflow_execution.avg{*}",workflowname:travel_booking_segregated_saga_wf,2025-01-21T03:11:26.000Z,0
"avg:workflow_execution.avg{*}",workflowname:travel_booking_segregated_saga_wf,2025-01-21T03:11:28.000Z,0
"avg:workflow_execution.avg{*}",workflowname:travel_booking_segregated_saga_wf,2025-01-21T03:11:30.000Z,0
"avg:workflow_execution.avg{*}",workflowname:travel_booking_worker_saga_wf,2025-01-21T03:06:06.000Z,N/A
"avg:workflow_execution.avg{*}",workflowname:travel_booking_worker_saga_wf,2025-01-21T03:06:08.000Z,N/A
"avg:workflow_execution.avg{*}",workflowname:travel_booking_worker_saga_wf,2025-01-21T03:06:10.000Z,N/A
"avg:workflow_execution.avg{*}",workflowname:travel_booking_worker_saga_wf,2025-01-21T03:06:12.000Z,N/A
"avg:workflow_execution.avg{*}",workflowname:travel_booking_worker_saga_wf,2025-01-21T03:06:14.000Z,N/A
"avg:workflow_execution.avg{*}",workflowname:travel_booking_worker_saga_wf,2025-01-21T03:06:16.000Z,N/A
"avg:workflow_execution.avg{*}",workflowname:travel_booking_worker_saga_wf,2025-01-21T03:06:18.000Z,N/A
"avg:workflow_execution.avg{*}",workflowname:travel_booking_worker_saga_wf,2025-01-21T03:06:20.000Z,N/A
"avg:workflow_execution.avg{*}",workflowname:travel_booking_worker_saga_wf,2025-01-21T03:06:22.000Z,N/A
"avg:workflow_execution.avg{*}",workflowname:travel_booking_worker_saga_wf,2025-01-21T03:06:24.000Z,N/A
"avg:workflow_execution.avg{*}",workflowname:travel_booking_worker_saga_wf,2025-01-21T03:06:26.000Z,N/A
"avg:workflow_execution.avg{*}",workflowname:travel_booking_worker_saga_wf,2025-01-21T03:06:28.000Z,N/A
"avg:workflow_execution.avg{*}",workflowname:travel_booking_worker_saga_wf,2025-01-21T03:06:30.000Z,N/A
"avg:workflow_execution.avg{*}",workflowname:travel_booking_worker_saga_wf,2025-01-21T03:06:32.000Z,N/A
"avg:workflow_execution.avg{*}",workflowname:travel_booking_worker_saga_wf,2025-01-21T03:06:34.000Z,N/A
"avg:workflow_execution.avg{*}",workflowname:travel_booking_worker_saga_wf,2025-01-21T03:06:36.000Z,N/A
"avg:workflow_execution.avg{*}",workflowname:travel_booking_worker_saga_wf,2025-01-21T03:06:38.000Z,N/A
"avg:workflow_execution.avg{*}",workflowname:travel_booking_worker_saga_wf,2025-01-21T03:06:40.000Z,N/A
"avg:workflow_execution.avg{*}",workflowname:travel_booking_worker_saga_wf,2025-01-21T03:06:42.000Z,N/A
"avg:workflow_execution.avg{*}",workflowname:travel_booking_worker_saga_wf,2025-01-21T03:06:44.000Z,N/A
"avg:workflow_execution.avg{*}",workflowname:travel_booking_worker_saga_wf,2025-01-21T03:06:46.000Z,N/A
"avg:workflow_execution.avg{*}",workflowname:travel_booking_worker_saga_wf,2025-01-21T03:06:48.000Z,N/A
"avg:workflow_execution.avg{*}",workflowname:travel_booking_worker_saga_wf,2025-01-21T03:06:50.000Z,N/A
"avg:workflow_execution.avg{*}",workflowname:travel_booking_worker_saga_wf,2025-01-21T03:06:52.000Z,N/A
"avg:workflow_execution.avg{*}",workflowname:travel_booking_worker_saga_wf,2025-01-21T03:06:54.000Z,N/A
"avg:workflow_execution.avg{*}",workflowname:travel_booking_worker_saga_wf,2025-01-21T03:06:56.000Z,N/A
"avg:workflow_execution.avg{*}",workflowname:travel_booking_worker_saga_wf,2025-01-21T03:06:58.000Z,N/A
"avg:workflow_execution.avg{*}",workflowname:travel_booking_worker_saga_wf,2025-01-21T03:07:00.000Z,N/A
"avg:workflow_execution.avg{*}",workflowname:travel_booking_worker_saga_wf,2025-01-21T03:07:02.000Z,N/A
"avg:workflow_execution.avg{*}",workflowname:travel_booking_worker_saga_wf,2025-01-21T03:07:04.000Z,N/A
"avg:workflow_execution.avg{*}",workflowname:travel_booking_worker_saga_wf,2025-01-21T03:07:06.000Z,N/A
"avg:workflow_execution.avg{*}",workflowname:travel_booking_worker_saga_wf,2025-01-21T03:07:08.000Z,N/A
"avg:workflow_execution.avg{*}",workflowname:travel_booking_worker_saga_wf,2025-01-21T03:07:10.000Z,N/A
"avg:workflow_execution.avg{*}",workflowname:travel_booking_worker_saga_wf,2025-01-21T03:07:12.000Z,N/A
"avg:workflow_execution.avg{*}",workflowname:travel_booking_worker_saga_wf,2025-01-21T03:07:14.000Z,N/A
"avg:workflow_execution.avg{*}",workflowname:travel_booking_worker_saga_wf,2025-01-21T03:07:16.000Z,N/A
"avg:workflow_execution.avg{*}",workflowname:travel_booking_worker_saga_wf,2025-01-21T03:07:18.000Z,N/A
"avg:workflow_execution.avg{*}",workflowname:travel_booking_worker_saga_wf,2025-01-21T03:07:20.000Z,N/A
"avg:workflow_execution.avg{*}",workflowname:travel_booking_worker_saga_wf,2025-01-21T03:07:22.000Z,N/A
"avg:workflow_execution.avg{*}",workflowname:travel_booking_worker_saga_wf,2025-01-21T03:07:24.000Z,N/A
"avg:workflow_execution.avg{*}",workflowname:travel_booking_worker_saga_wf,2025-01-21T03:07:26.000Z,N/A
"avg:workflow_execution.avg{*}",workflowname:travel_booking_worker_saga_wf,2025-01-21T03:07:28.000Z,N/A
"avg:workflow_execution.avg{*}",workflowname:travel_booking_worker_saga_wf,2025-01-21T03:07:30.000Z,N/A
"avg:workflow_execution.avg{*}",workflowname:travel_booking_worker_saga_wf,2025-01-21T03:07:32.000Z,N/A
"avg:workflow_execution.avg{*}",workflowname:travel_booking_worker_saga_wf,2025-01-21T03:07:34.000Z,N/A
"avg:workflow_execution.avg{*}",workflowname:travel_booking_worker_saga_wf,2025-01-21T03:07:36.000Z,N/A
"avg:workflow_execution.avg{*}",workflowname:travel_booking_worker_saga_wf,2025-01-21T03:07:38.000Z,N/A
"avg:workflow_execution.avg{*}",workflowname:travel_booking_worker_saga_wf,2025-01-21T03:07:40.000Z,N/A
"avg:workflow_execution.avg{*}",workflowname:travel_booking_worker_saga_wf,2025-01-21T03:07:42.000Z,N/A
"avg:workflow_execution.avg{*}",workflowname:travel_booking_worker_saga_wf,2025-01-21T03:07:44.000Z,N/A
"avg:workflow_execution.avg{*}",workflowname:travel_booking_worker_saga_wf,2025-01-21T03:07:46.000Z,N/A
"avg:workflow_execution.avg{*}",workflowname:travel_booking_worker_saga_wf,2025-01-21T03:07:48.000Z,N/A
"avg:workflow_execution.avg{*}",workflowname:travel_booking_worker_saga_wf,2025-01-21T03:07:50.000Z,N/A
"avg:workflow_execution.avg{*}",workflowname:travel_booking_worker_saga_wf,2025-01-21T03:07:52.000Z,N/A
"avg:workflow_execution.avg{*}",workflowname:travel_booking_worker_saga_wf,2025-01-21T03:07:54.000Z,N/A
"avg:workflow_execution.avg{*}",workflowname:travel_booking_worker_saga_wf,2025-01-21T03:07:56.000Z,N/A
"avg:workflow_execution.avg{*}",workflowname:travel_booking_worker_saga_wf,2025-01-21T03:07:58.000Z,N/A
"avg:workflow_execution.avg{*}",workflowname:travel_booking_worker_saga_wf,2025-01-21T03:08:00.000Z,N/A
"avg:workflow_execution.avg{*}",workflowname:travel_booking_worker_saga_wf,2025-01-21T03:08:02.000Z,N/A
"avg:workflow_execution.avg{*}",workflowname:travel_booking_worker_saga_wf,2025-01-21T03:08:04.000Z,N/A
"avg:workflow_execution.avg{*}",workflowname:travel_booking_worker_saga_wf,2025-01-21T03:08:06.000Z,N/A
"avg:workflow_execution.avg{*}",workflowname:travel_booking_worker_saga_wf,2025-01-21T03:08:08.000Z,N/A
"avg:workflow_execution.avg{*}",workflowname:travel_booking_worker_saga_wf,2025-01-21T03:08:10.000Z,N/A
"avg:workflow_execution.avg{*}",workflowname:travel_booking_worker_saga_wf,2025-01-21T03:08:12.000Z,N/A
"avg:workflow_execution.avg{*}",workflowname:travel_booking_worker_saga_wf,2025-01-21T03:08:14.000Z,N/A
"avg:workflow_execution.avg{*}",workflowname:travel_booking_worker_saga_wf,2025-01-21T03:08:16.000Z,N/A
"avg:workflow_execution.avg{*}",workflowname:travel_booking_worker_saga_wf,2025-01-21T03:08:18.000Z,N/A
"avg:workflow_execution.avg{*}",workflowname:travel_booking_worker_saga_wf,2025-01-21T03:08:20.000Z,N/A
"avg:workflow_execution.avg{*}",workflowname:travel_booking_worker_saga_wf,2025-01-21T03:08:22.000Z,N/A
"avg:workflow_execution.avg{*}",workflowname:travel_booking_worker_saga_wf,2025-01-21T03:08:24.000Z,N/A
"avg:workflow_execution.avg{*}",workflowname:travel_booking_worker_saga_wf,2025-01-21T03:08:26.000Z,N/A
"avg:workflow_execution.avg{*}",workflowname:travel_booking_worker_saga_wf,2025-01-21T03:08:28.000Z,N/A
"avg:workflow_execution.avg{*}",workflowname:travel_booking_worker_saga_wf,2025-01-21T03:08:30.000Z,N/A
"avg:workflow_execution.avg{*}",workflowname:travel_booking_worker_saga_wf,2025-01-21T03:08:32.000Z,N/A
"avg:workflow_execution.avg{*}",workflowname:travel_booking_worker_saga_wf,2025-01-21T03:08:34.000Z,N/A
"avg:workflow_execution.avg{*}",workflowname:travel_booking_worker_saga_wf,2025-01-21T03:08:36.000Z,N/A
"avg:workflow_execution.avg{*}",workflowname:travel_booking_worker_saga_wf,2025-01-21T03:08:38.000Z,N/A
"avg:workflow_execution.avg{*}",workflowname:travel_booking_worker_saga_wf,2025-01-21T03:08:40.000Z,N/A
"avg:workflow_execution.avg{*}",workflowname:travel_booking_worker_saga_wf,2025-01-21T03:08:42.000Z,N/A
"avg:workflow_execution.avg{*}",workflowname:travel_booking_worker_saga_wf,2025-01-21T03:08:44.000Z,N/A
"avg:workflow_execution.avg{*}",workflowname:travel_booking_worker_saga_wf,2025-01-21T03:08:46.000Z,N/A
"avg:workflow_execution.avg{*}",workflowname:travel_booking_worker_saga_wf,2025-01-21T03:08:48.000Z,N/A
"avg:workflow_execution.avg{*}",workflowname:travel_booking_worker_saga_wf,2025-01-21T03:08:50.000Z,N/A
"avg:workflow_execution.avg{*}",workflowname:travel_booking_worker_saga_wf,2025-01-21T03:08:52.000Z,N/A
"avg:workflow_execution.avg{*}",workflowname:travel_booking_worker_saga_wf,2025-01-21T03:08:54.000Z,N/A
"avg:workflow_execution.avg{*}",workflowname:travel_booking_worker_saga_wf,2025-01-21T03:08:56.000Z,N/A
"avg:workflow_execution.avg{*}",workflowname:travel_booking_worker_saga_wf,2025-01-21T03:08:58.000Z,N/A
"avg:workflow_execution.avg{*}",workflowname:travel_booking_worker_saga_wf,2025-01-21T03:09:00.000Z,N/A
"avg:workflow_execution.avg{*}",workflowname:travel_booking_worker_saga_wf,2025-01-21T03:09:02.000Z,N/A
"avg:workflow_execution.avg{*}",workflowname:travel_booking_worker_saga_wf,2025-01-21T03:09:04.000Z,N/A
"avg:workflow_execution.avg{*}",workflowname:travel_booking_worker_saga_wf,2025-01-21T03:09:06.000Z,N/A
"avg:workflow_execution.avg{*}",workflowname:travel_booking_worker_saga_wf,2025-01-21T03:09:08.000Z,N/A
"avg:workflow_execution.avg{*}",workflowname:travel_booking_worker_saga_wf,2025-01-21T03:09:10.000Z,N/A
"avg:workflow_execution.avg{*}",workflowname:travel_booking_worker_saga_wf,2025-01-21T03:09:12.000Z,N/A
"avg:workflow_execution.avg{*}",workflowname:travel_booking_worker_saga_wf,2025-01-21T03:09:14.000Z,N/A
"avg:workflow_execution.avg{*}",workflowname:travel_booking_worker_saga_wf,2025-01-21T03:09:16.000Z,N/A
"avg:workflow_execution.avg{*}",workflowname:travel_booking_worker_saga_wf,2025-01-21T03:09:18.000Z,N/A
"avg:workflow_execution.avg{*}",workflowname:travel_booking_worker_saga_wf,2025-01-21T03:09:20.000Z,N/A
"avg:workflow_execution.avg{*}",workflowname:travel_booking_worker_saga_wf,2025-01-21T03:09:22.000Z,N/A
"avg:workflow_execution.avg{*}",workflowname:travel_booking_worker_saga_wf,2025-01-21T03:09:24.000Z,N/A
"avg:workflow_execution.avg{*}",workflowname:travel_booking_worker_saga_wf,2025-01-21T03:09:26.000Z,N/A
"avg:workflow_execution.avg{*}",workflowname:travel_booking_worker_saga_wf,2025-01-21T03:09:28.000Z,N/A
"avg:workflow_execution.avg{*}",workflowname:travel_booking_worker_saga_wf,2025-01-21T03:09:30.000Z,N/A
"avg:workflow_execution.avg{*}",workflowname:travel_booking_worker_saga_wf,2025-01-21T03:09:32.000Z,N/A
"avg:workflow_execution.avg{*}",workflowname:travel_booking_worker_saga_wf,2025-01-21T03:09:34.000Z,N/A
"avg:workflow_execution.avg{*}",workflowname:travel_booking_worker_saga_wf,2025-01-21T03:09:36.000Z,N/A
"avg:workflow_execution.avg{*}",workflowname:travel_booking_worker_saga_wf,2025-01-21T03:09:38.000Z,N/A
"avg:workflow_execution.avg{*}",workflowname:travel_booking_worker_saga_wf,2025-01-21T03:09:40.000Z,N/A
"avg:workflow_execution.avg{*}",workflowname:travel_booking_worker_saga_wf,2025-01-21T03:09:42.000Z,N/A
"avg:workflow_execution.avg{*}",workflowname:travel_booking_worker_saga_wf,2025-01-21T03:09:44.000Z,N/A
"avg:workflow_execution.avg{*}",workflowname:travel_booking_worker_saga_wf,2025-01-21T03:09:46.000Z,N/A
"avg:workflow_execution.avg{*}",workflowname:travel_booking_worker_saga_wf,2025-01-21T03:09:48.000Z,N/A
"avg:workflow_execution.avg{*}",workflowname:travel_booking_worker_saga_wf,2025-01-21T03:09:50.000Z,N/A
"avg:workflow_execution.avg{*}",workflowname:travel_booking_worker_saga_wf,2025-01-21T03:09:52.000Z,N/A
"avg:workflow_execution.avg{*}",workflowname:travel_booking_worker_saga_wf,2025-01-21T03:09:54.000Z,N/A
"avg:workflow_execution.avg{*}",workflowname:travel_booking_worker_saga_wf,2025-01-21T03:09:56.000Z,N/A
"avg:workflow_execution.avg{*}",workflowname:travel_booking_worker_saga_wf,2025-01-21T03:09:58.000Z,N/A
"avg:workflow_execution.avg{*}",workflowname:travel_booking_worker_saga_wf,2025-01-21T03:10:00.000Z,N/A
"avg:workflow_execution.avg{*}",workflowname:travel_booking_worker_saga_wf,2025-01-21T03:10:02.000Z,N/A
"avg:workflow_execution.avg{*}",workflowname:travel_booking_worker_saga_wf,2025-01-21T03:10:04.000Z,N/A
"avg:workflow_execution.avg{*}",workflowname:travel_booking_worker_saga_wf,2025-01-21T03:10:06.000Z,N/A
"avg:workflow_execution.avg{*}",workflowname:travel_booking_worker_saga_wf,2025-01-21T03:10:08.000Z,N/A
"avg:workflow_execution.avg{*}",workflowname:travel_booking_worker_saga_wf,2025-01-21T03:10:10.000Z,N/A
"avg:workflow_execution.avg{*}",workflowname:travel_booking_worker_saga_wf,2025-01-21T03:10:12.000Z,N/A
"avg:workflow_execution.avg{*}",workflowname:travel_booking_worker_saga_wf,2025-01-21T03:10:14.000Z,N/A
"avg:workflow_execution.avg{*}",workflowname:travel_booking_worker_saga_wf,2025-01-21T03:10:16.000Z,N/A
"avg:workflow_execution.avg{*}",workflowname:travel_booking_worker_saga_wf,2025-01-21T03:10:18.000Z,N/A
"avg:workflow_execution.avg{*}",workflowname:travel_booking_worker_saga_wf,2025-01-21T03:10:20.000Z,N/A
"avg:workflow_execution.avg{*}",workflowname:travel_booking_worker_saga_wf,2025-01-21T03:10:22.000Z,N/A
"avg:workflow_execution.avg{*}",workflowname:travel_booking_worker_saga_wf,2025-01-21T03:10:24.000Z,N/A
"avg:workflow_execution.avg{*}",workflowname:travel_booking_worker_saga_wf,2025-01-21T03:10:26.000Z,N/A
"avg:workflow_execution.avg{*}",workflowname:travel_booking_worker_saga_wf,2025-01-21T03:10:28.000Z,N/A
"avg:workflow_execution.avg{*}",workflowname:travel_booking_worker_saga_wf,2025-01-21T03:10:30.000Z,N/A
"avg:workflow_execution.avg{*}",workflowname:travel_booking_worker_saga_wf,2025-01-21T03:10:32.000Z,N/A
"avg:workflow_execution.avg{*}",workflowname:travel_booking_worker_saga_wf,2025-01-21T03:10:34.000Z,N/A
"avg:workflow_execution.avg{*}",workflowname:travel_booking_worker_saga_wf,2025-01-21T03:10:36.000Z,N/A
"avg:workflow_execution.avg{*}",workflowname:travel_booking_worker_saga_wf,2025-01-21T03:10:38.000Z,N/A
"avg:workflow_execution.avg{*}",workflowname:travel_booking_worker_saga_wf,2025-01-21T03:10:40.000Z,N/A
"avg:workflow_execution.avg{*}",workflowname:travel_booking_worker_saga_wf,2025-01-21T03:10:42.000Z,N/A
"avg:workflow_execution.avg{*}",workflowname:travel_booking_worker_saga_wf,2025-01-21T03:10:44.000Z,N/A
"avg:workflow_execution.avg{*}",workflowname:travel_booking_worker_saga_wf,2025-01-21T03:10:46.000Z,N/A
"avg:workflow_execution.avg{*}",workflowname:travel_booking_worker_saga_wf,2025-01-21T03:10:48.000Z,N/A
"avg:workflow_execution.avg{*}",workflowname:travel_booking_worker_saga_wf,2025-01-21T03:10:50.000Z,N/A
"avg:workflow_execution.avg{*}",workflowname:travel_booking_worker_saga_wf,2025-01-21T03:10:52.000Z,N/A
"avg:workflow_execution.avg{*}",workflowname:travel_booking_worker_saga_wf,2025-01-21T03:10:54.000Z,N/A
"avg:workflow_execution.avg{*}",workflowname:travel_booking_worker_saga_wf,2025-01-21T03:10:56.000Z,N/A
"avg:workflow_execution.avg{*}",workflowname:travel_booking_worker_saga_wf,2025-01-21T03:10:58.000Z,N/A
"avg:workflow_execution.avg{*}",workflowname:travel_booking_worker_saga_wf,2025-01-21T03:11:00.000Z,N/A
"avg:workflow_execution.avg{*}",workflowname:travel_booking_worker_saga_wf,2025-01-21T03:11:02.000Z,N/A
"avg:workflow_execution.avg{*}",workflowname:travel_booking_worker_saga_wf,2025-01-21T03:11:04.000Z,N/A
"avg:workflow_execution.avg{*}",workflowname:travel_booking_worker_saga_wf,2025-01-21T03:11:06.000Z,N/A
"avg:workflow_execution.avg{*}",workflowname:travel_booking_worker_saga_wf,2025-01-21T03:11:08.000Z,N/A
"avg:workflow_execution.avg{*}",workflowname:travel_booking_worker_saga_wf,2025-01-21T03:11:10.000Z,N/A
"avg:workflow_execution.avg{*}",workflowname:travel_booking_worker_saga_wf,2025-01-21T03:11:12.000Z,N/A
"avg:workflow_execution.avg{*}",workflowname:travel_booking_worker_saga_wf,2025-01-21T03:11:14.000Z,N/A
"avg:workflow_execution.avg{*}",workflowname:travel_booking_worker_saga_wf,2025-01-21T03:11:16.000Z,N/A
"avg:workflow_execution.avg{*}",workflowname:travel_booking_worker_saga_wf,2025-01-21T03:11:18.000Z,N/A
"avg:workflow_execution.avg{*}",workflowname:travel_booking_worker_saga_wf,2025-01-21T03:11:20.000Z,N/A
"avg:workflow_execution.avg{*}",workflowname:travel_booking_worker_saga_wf,2025-01-21T03:11:22.000Z,N/A
"avg:workflow_execution.avg{*}",workflowname:travel_booking_worker_saga_wf,2025-01-21T03:11:24.000Z,N/A
"avg:workflow_execution.avg{*}",workflowname:travel_booking_worker_saga_wf,2025-01-21T03:11:26.000Z,N/A
"avg:workflow_execution.avg{*}",workflowname:travel_booking_worker_saga_wf,2025-01-21T03:11:28.000Z,N/A
"avg:workflow_execution.avg{*}",workflowname:travel_booking_worker_saga_wf,2025-01-21T03:11:30.000Z,N/A
"avg:workflow_execution.avg{*}",workflowname:travel_booking_workflow,2025-01-21T03:06:06.000Z,1254.833333
"avg:workflow_execution.avg{*}",workflowname:travel_booking_workflow,2025-01-21T03:06:08.000Z,1889.75
"avg:workflow_execution.avg{*}",workflowname:travel_booking_workflow,2025-01-21T03:06:10.000Z,6135.5
"avg:workflow_execution.avg{*}",workflowname:travel_booking_workflow,2025-01-21T03:06:12.000Z,4164.75
"avg:workflow_execution.avg{*}",workflowname:travel_booking_workflow,2025-01-21T03:06:14.000Z,4582
"avg:workflow_execution.avg{*}",workflowname:travel_booking_workflow,2025-01-21T03:06:16.000Z,0
"avg:workflow_execution.avg{*}",workflowname:travel_booking_workflow,2025-01-21T03:06:18.000Z,7326.4
"avg:workflow_execution.avg{*}",workflowname:travel_booking_workflow,2025-01-21T03:06:20.000Z,15881
"avg:workflow_execution.avg{*}",workflowname:travel_booking_workflow,2025-01-21T03:06:22.000Z,9014.5
"avg:workflow_execution.avg{*}",workflowname:travel_booking_workflow,2025-01-21T03:06:24.000Z,19709.8
"avg:workflow_execution.avg{*}",workflowname:travel_booking_workflow,2025-01-21T03:06:26.000Z,11359.75
"avg:workflow_execution.avg{*}",workflowname:travel_booking_workflow,2025-01-21T03:06:28.000Z,12082.833333
"avg:workflow_execution.avg{*}",workflowname:travel_booking_workflow,2025-01-21T03:06:30.000Z,0
"avg:workflow_execution.avg{*}",workflowname:travel_booking_workflow,2025-01-21T03:06:32.000Z,27772.2
"avg:workflow_execution.avg{*}",workflowname:travel_booking_workflow,2025-01-21T03:06:34.000Z,13193.666667
"avg:workflow_execution.avg{*}",workflowname:travel_booking_workflow,2025-01-21T03:06:36.000Z,29415.25
"avg:workflow_execution.avg{*}",workflowname:travel_booking_workflow,2025-01-21T03:06:38.000Z,15065.5
"avg:workflow_execution.avg{*}",workflowname:travel_booking_workflow,2025-01-21T03:06:40.000Z,32736.75
"avg:workflow_execution.avg{*}",workflowname:travel_booking_workflow,2025-01-21T03:06:42.000Z,0
"avg:workflow_execution.avg{*}",workflowname:travel_booking_workflow,2025-01-21T03:06:44.000Z,18298
"avg:workflow_execution.avg{*}",workflowname:travel_booking_workflow,2025-01-21T03:06:46.000Z,39228.5
"avg:workflow_execution.avg{*}",workflowname:travel_booking_workflow,2025-01-21T03:06:48.000Z,20471.25
"avg:workflow_execution.avg{*}",workflowname:travel_booking_workflow,2025-01-21T03:06:50.000Z,42668.333333
"avg:workflow_execution.avg{*}",workflowname:travel_booking_workflow,2025-01-21T03:06:52.000Z,22682.5
"avg:workflow_execution.avg{*}",workflowname:travel_booking_workflow,2025-01-21T03:06:54.000Z,0
"avg:workflow_execution.avg{*}",workflowname:travel_booking_workflow,2025-01-21T03:06:56.000Z,48894.9
"avg:workflow_execution.avg{*}",workflowname:travel_booking_workflow,2025-01-21T03:06:58.000Z,50707.5
"avg:workflow_execution.avg{*}",workflowname:travel_booking_workflow,2025-01-21T03:07:00.000Z,0
"avg:workflow_execution.avg{*}",workflowname:travel_booking_workflow,2025-01-21T03:07:02.000Z,27196
"avg:workflow_execution.avg{*}",workflowname:travel_booking_workflow,2025-01-21T03:07:04.000Z,56201.625
"avg:workflow_execution.avg{*}",workflowname:travel_booking_workflow,2025-01-21T03:07:06.000Z,57426
"avg:workflow_execution.avg{*}",workflowname:travel_booking_workflow,2025-01-21T03:07:08.000Z,29465.75
"avg:workflow_execution.avg{*}",workflowname:travel_booking_workflow,2025-01-21T03:07:10.000Z,31086
"avg:workflow_execution.avg{*}",workflowname:travel_booking_workflow,2025-01-21T03:07:12.000Z,31621.5
"avg:workflow_execution.avg{*}",workflowname:travel_booking_workflow,2025-01-21T03:07:14.000Z,65311
"avg:workflow_execution.avg{*}",workflowname:travel_booking_workflow,2025-01-21T03:07:16.000Z,33576
"avg:workflow_execution.avg{*}",workflowname:travel_booking_workflow,2025-01-21T03:07:18.000Z,69339.785714
"avg:workflow_execution.avg{*}",workflowname:travel_booking_workflow,2025-01-21T03:07:20.000Z,0
"avg:workflow_execution.avg{*}",workflowname:travel_booking_workflow,2025-01-21T03:07:22.000Z,36246
"avg:workflow_execution.avg{*}",workflowname:travel_booking_workflow,2025-01-21T03:07:24.000Z,37895.75
"avg:workflow_execution.avg{*}",workflowname:travel_booking_workflow,2025-01-21T03:07:26.000Z,0
"avg:workflow_execution.avg{*}",workflowname:travel_booking_workflow,2025-01-21T03:07:28.000Z,79533.25
"avg:workflow_execution.avg{*}",workflowname:travel_booking_workflow,2025-01-21T03:07:30.000Z,0
"avg:workflow_execution.avg{*}",workflowname:travel_booking_workflow,2025-01-21T03:07:32.000Z,82802.833333
"avg:workflow_execution.avg{*}",workflowname:travel_booking_workflow,2025-01-21T03:07:34.000Z,0
"avg:workflow_execution.avg{*}",workflowname:travel_booking_workflow,2025-01-21T03:07:36.000Z,43398.625
"avg:workflow_execution.avg{*}",workflowname:travel_booking_workflow,2025-01-21T03:07:38.000Z,44353.5
"avg:workflow_execution.avg{*}",workflowname:travel_booking_workflow,2025-01-21T03:07:40.000Z,0
"avg:workflow_execution.avg{*}",workflowname:travel_booking_workflow,2025-01-21T03:07:42.000Z,45407
"avg:workflow_execution.avg{*}",workflowname:travel_booking_workflow,2025-01-21T03:07:44.000Z,47026.1
"avg:workflow_execution.avg{*}",workflowname:travel_booking_workflow,2025-01-21T03:07:46.000Z,48248
"avg:workflow_execution.avg{*}",workflowname:travel_booking_workflow,2025-01-21T03:07:48.000Z,97362.125
"avg:workflow_execution.avg{*}",workflowname:travel_booking_workflow,2025-01-21T03:07:50.000Z,99864.5
"avg:workflow_execution.avg{*}",workflowname:travel_booking_workflow,2025-01-21T03:07:52.000Z,50836.666667
"avg:workflow_execution.avg{*}",workflowname:travel_booking_workflow,2025-01-21T03:07:54.000Z,51435
"avg:workflow_execution.avg{*}",workflowname:travel_booking_workflow,2025-01-21T03:07:56.000Z,0
"avg:workflow_execution.avg{*}",workflowname:travel_booking_workflow,2025-01-21T03:07:58.000Z,107784.1
"avg:workflow_execution.avg{*}",workflowname:travel_booking_workflow,2025-01-21T03:08:00.000Z,0
"avg:workflow_execution.avg{*}",workflowname:travel_booking_workflow,2025-01-21T03:08:02.000Z,55964
"avg:workflow_execution.avg{*}",workflowname:travel_booking_workflow,2025-01-21T03:08:04.000Z,57157
"avg:workflow_execution.avg{*}",workflowname:travel_booking_workflow,2025-01-21T03:08:06.000Z,0
"avg:workflow_execution.avg{*}",workflowname:travel_booking_workflow,2025-01-21T03:08:08.000Z,0
"avg:workflow_execution.avg{*}",workflowname:travel_booking_workflow,2025-01-21T03:08:10.000Z,118309.25
"avg:workflow_execution.avg{*}",workflowname:travel_booking_workflow,2025-01-21T03:08:12.000Z,120259.375
"avg:workflow_execution.avg{*}",workflowname:travel_booking_workflow,2025-01-21T03:08:14.000Z,61552
"avg:workflow_execution.avg{*}",workflowname:travel_booking_workflow,2025-01-21T03:08:16.000Z,62565.5
"avg:workflow_execution.avg{*}",workflowname:travel_booking_workflow,2025-01-21T03:08:18.000Z,126185
"avg:workflow_execution.avg{*}",workflowname:travel_booking_workflow,2025-01-21T03:08:20.000Z,64173.5
"avg:workflow_execution.avg{*}",workflowname:travel_booking_workflow,2025-01-21T03:08:22.000Z,65301
"avg:workflow_execution.avg{*}",workflowname:travel_booking_workflow,2025-01-21T03:08:24.000Z,66425.5
"avg:workflow_execution.avg{*}",workflowname:travel_booking_workflow,2025-01-21T03:08:26.000Z,67400.5
"avg:workflow_execution.avg{*}",workflowname:travel_booking_workflow,2025-01-21T03:08:28.000Z,136023.25
"avg:workflow_execution.avg{*}",workflowname:travel_booking_workflow,2025-01-21T03:08:30.000Z,0
"avg:workflow_execution.avg{*}",workflowname:travel_booking_workflow,2025-01-21T03:08:32.000Z,69711.5
"avg:workflow_execution.avg{*}",workflowname:travel_booking_workflow,2025-01-21T03:08:34.000Z,142206
"avg:workflow_execution.avg{*}",workflowname:travel_booking_workflow,2025-01-21T03:08:36.000Z,71933.5
"avg:workflow_execution.avg{*}",workflowname:travel_booking_workflow,2025-01-21T03:08:38.000Z,145561
"avg:workflow_execution.avg{*}",workflowname:travel_booking_workflow,2025-01-21T03:08:40.000Z,73640.166667
"avg:workflow_execution.avg{*}",workflowname:travel_booking_workflow,2025-01-21T03:08:42.000Z,149297.5
"avg:workflow_execution.avg{*}",workflowname:travel_booking_workflow,2025-01-21T03:08:44.000Z,150921.166667
"avg:workflow_execution.avg{*}",workflowname:travel_booking_workflow,2025-01-21T03:08:46.000Z,152121.666667
"avg:workflow_execution.avg{*}",workflowname:travel_booking_workflow,2025-01-21T03:08:48.000Z,0
"avg:workflow_execution.avg{*}",workflowname:travel_booking_workflow,2025-01-21T03:08:50.000Z,156579.7
"avg:workflow_execution.avg{*}",workflowname:travel_booking_workflow,2025-01-21T03:08:52.000Z,0
"avg:workflow_execution.avg{*}",workflowname:travel_booking_workflow,2025-01-21T03:08:54.000Z,80191
"avg:workflow_execution.avg{*}",workflowname:travel_booking_workflow,2025-01-21T03:08:56.000Z,162212.666667
"avg:workflow_execution.avg{*}",workflowname:travel_booking_workflow,2025-01-21T03:08:58.000Z,81983.166667
"avg:workflow_execution.avg{*}",workflowname:travel_booking_workflow,2025-01-21T03:09:00.000Z,83583.5
"avg:workflow_execution.avg{*}",workflowname:travel_booking_workflow,2025-01-21T03:09:02.000Z,83613
"avg:workflow_execution.avg{*}",workflowname:travel_booking_workflow,2025-01-21T03:09:04.000Z,85241.833333
"avg:workflow_execution.avg{*}",workflowname:travel_booking_workflow,2025-01-21T03:09:06.000Z,85828.5
"avg:workflow_execution.avg{*}",workflowname:travel_booking_workflow,2025-01-21T03:09:08.000Z,87258.375
"avg:workflow_execution.avg{*}",workflowname:travel_booking_workflow,2025-01-21T03:09:10.000Z,87355
"avg:workflow_execution.avg{*}",workflowname:travel_booking_workflow,2025-01-21T03:09:12.000Z,88344.2
"avg:workflow_execution.avg{*}",workflowname:travel_booking_workflow,2025-01-21T03:09:14.000Z,89388.5
"avg:workflow_execution.avg{*}",workflowname:travel_booking_workflow,2025-01-21T03:09:16.000Z,181236.875
"avg:workflow_execution.avg{*}",workflowname:travel_booking_workflow,2025-01-21T03:09:18.000Z,182445
"avg:workflow_execution.avg{*}",workflowname:travel_booking_workflow,2025-01-21T03:09:20.000Z,92041
"avg:workflow_execution.avg{*}",workflowname:travel_booking_workflow,2025-01-21T03:09:22.000Z,0
"avg:workflow_execution.avg{*}",workflowname:travel_booking_workflow,2025-01-21T03:09:24.000Z,94184.375
"avg:workflow_execution.avg{*}",workflowname:travel_booking_workflow,2025-01-21T03:09:26.000Z,94903.9
"avg:workflow_execution.avg{*}",workflowname:travel_booking_workflow,2025-01-21T03:09:28.000Z,96007
"avg:workflow_execution.avg{*}",workflowname:travel_booking_workflow,2025-01-21T03:09:30.000Z,97087
"avg:workflow_execution.avg{*}",workflowname:travel_booking_workflow,2025-01-21T03:09:32.000Z,0
"avg:workflow_execution.avg{*}",workflowname:travel_booking_workflow,2025-01-21T03:09:34.000Z,198773
"avg:workflow_execution.avg{*}",workflowname:travel_booking_workflow,2025-01-21T03:09:36.000Z,200557.5
"avg:workflow_execution.avg{*}",workflowname:travel_booking_workflow,2025-01-21T03:09:38.000Z,0
"avg:workflow_execution.avg{*}",workflowname:travel_booking_workflow,2025-01-21T03:09:40.000Z,101859.5
"avg:workflow_execution.avg{*}",workflowname:travel_booking_workflow,2025-01-21T03:09:42.000Z,206214.625
"avg:workflow_execution.avg{*}",workflowname:travel_booking_workflow,2025-01-21T03:09:44.000Z,206814.416667
"avg:workflow_execution.avg{*}",workflowname:travel_booking_workflow,2025-01-21T03:09:46.000Z,104959.25
"avg:workflow_execution.avg{*}",workflowname:travel_booking_workflow,2025-01-21T03:09:48.000Z,105524.5
"avg:workflow_execution.avg{*}",workflowname:travel_booking_workflow,2025-01-21T03:09:50.000Z,213074.916667
"avg:workflow_execution.avg{*}",workflowname:travel_booking_workflow,2025-01-21T03:09:52.000Z,214576.5
"avg:workflow_execution.avg{*}",workflowname:travel_booking_workflow,2025-01-21T03:09:54.000Z,0
"avg:workflow_execution.avg{*}",workflowname:travel_booking_workflow,2025-01-21T03:09:56.000Z,109660.5
"avg:workflow_execution.avg{*}",workflowname:travel_booking_workflow,2025-01-21T03:09:58.000Z,110297.5
"avg:workflow_execution.avg{*}",workflowname:travel_booking_workflow,2025-01-21T03:10:00.000Z,0
"avg:workflow_execution.avg{*}",workflowname:travel_booking_workflow,2025-01-21T03:10:02.000Z,112592
"avg:workflow_execution.avg{*}",workflowname:travel_booking_workflow,2025-01-21T03:10:04.000Z,113245.5
"avg:workflow_execution.avg{*}",workflowname:travel_booking_workflow,2025-01-21T03:10:06.000Z,228645
"avg:workflow_execution.avg{*}",workflowname:travel_booking_workflow,2025-01-21T03:10:08.000Z,228362
"avg:workflow_execution.avg{*}",workflowname:travel_booking_workflow,2025-01-21T03:10:10.000Z,230534
"avg:workflow_execution.avg{*}",workflowname:travel_booking_workflow,2025-01-21T03:10:12.000Z,116603
"avg:workflow_execution.avg{*}",workflowname:travel_booking_workflow,2025-01-21T03:10:14.000Z,0
"avg:workflow_execution.avg{*}",workflowname:travel_booking_workflow,2025-01-21T03:10:16.000Z,118747.666667
"avg:workflow_execution.avg{*}",workflowname:travel_booking_workflow,2025-01-21T03:10:18.000Z,238358
"avg:workflow_execution.avg{*}",workflowname:travel_booking_workflow,2025-01-21T03:10:20.000Z,240816.625
"avg:workflow_execution.avg{*}",workflowname:travel_booking_workflow,2025-01-21T03:10:22.000Z,121775.5
"avg:workflow_execution.avg{*}",workflowname:travel_booking_workflow,2025-01-21T03:10:24.000Z,122323.5
"avg:workflow_execution.avg{*}",workflowname:travel_booking_workflow,2025-01-21T03:10:26.000Z,122860
"avg:workflow_execution.avg{*}",workflowname:travel_booking_workflow,2025-01-21T03:10:28.000Z,124455.5
"avg:workflow_execution.avg{*}",workflowname:travel_booking_workflow,2025-01-21T03:10:30.000Z,0
"avg:workflow_execution.avg{*}",workflowname:travel_booking_workflow,2025-01-21T03:10:32.000Z,126166
"avg:workflow_execution.avg{*}",workflowname:travel_booking_workflow,2025-01-21T03:10:34.000Z,126898
"avg:workflow_execution.avg{*}",workflowname:travel_booking_workflow,2025-01-21T03:10:36.000Z,256385.5
"avg:workflow_execution.avg{*}",workflowname:travel_booking_workflow,2025-01-21T03:10:38.000Z,129507
"avg:workflow_execution.avg{*}",workflowname:travel_booking_workflow,2025-01-21T03:10:40.000Z,260705.333333
"avg:workflow_execution.avg{*}",workflowname:travel_booking_workflow,2025-01-21T03:10:42.000Z,262901.5
"avg:workflow_execution.avg{*}",workflowname:travel_booking_workflow,2025-01-21T03:10:44.000Z,0
"avg:workflow_execution.avg{*}",workflowname:travel_booking_workflow,2025-01-21T03:10:46.000Z,133345.25
"avg:workflow_execution.avg{*}",workflowname:travel_booking_workflow,2025-01-21T03:10:48.000Z,0
"avg:workflow_execution.avg{*}",workflowname:travel_booking_workflow,2025-01-21T03:10:50.000Z,135045.833333
"avg:workflow_execution.avg{*}",workflowname:travel_booking_workflow,2025-01-21T03:10:52.000Z,271804.5
"avg:workflow_execution.avg{*}",workflowname:travel_booking_workflow,2025-01-21T03:10:54.000Z,136955.363636
"avg:workflow_execution.avg{*}",workflowname:travel_booking_workflow,2025-01-21T03:10:56.000Z,275321.328571
"avg:workflow_execution.avg{*}",workflowname:travel_booking_workflow,2025-01-21T03:10:58.000Z,139055.833333
"avg:workflow_execution.avg{*}",workflowname:travel_booking_workflow,2025-01-21T03:11:00.000Z,139195
"avg:workflow_execution.avg{*}",workflowname:travel_booking_workflow,2025-01-21T03:11:02.000Z,0
"avg:workflow_execution.avg{*}",workflowname:travel_booking_workflow,2025-01-21T03:11:04.000Z,0
"avg:workflow_execution.avg{*}",workflowname:travel_booking_workflow,2025-01-21T03:11:06.000Z,0
"avg:workflow_execution.avg{*}",workflowname:travel_booking_workflow,2025-01-21T03:11:08.000Z,0
"avg:workflow_execution.avg{*}",workflowname:travel_booking_workflow,2025-01-21T03:11:10.000Z,0
"avg:workflow_execution.avg{*}",workflowname:travel_booking_workflow,2025-01-21T03:11:12.000Z,0
"avg:workflow_execution.avg{*}",workflowname:travel_booking_workflow,2025-01-21T03:11:14.000Z,0
"avg:workflow_execution.avg{*}",workflowname:travel_booking_workflow,2025-01-21T03:11:16.000Z,0
"avg:workflow_execution.avg{*}",workflowname:travel_booking_workflow,2025-01-21T03:11:18.000Z,0
"avg:workflow_execution.avg{*}",workflowname:travel_booking_workflow,2025-01-21T03:11:20.000Z,0
"avg:workflow_execution.avg{*}",workflowname:travel_booking_workflow,2025-01-21T03:11:22.000Z,0
"avg:workflow_execution.avg{*}",workflowname:travel_booking_workflow,2025-01-21T03:11:24.000Z,0
"avg:workflow_execution.avg{*}",workflowname:travel_booking_workflow,2025-01-21T03:11:26.000Z,0
"avg:workflow_execution.avg{*}",workflowname:travel_booking_workflow,2025-01-21T03:11:28.000Z,0
"avg:workflow_execution.avg{*}",workflowname:travel_booking_workflow,2025-01-21T03:11:30.000Z,0
