query,group,time,value
"avg:container.net.sent{container_name:server-hotel OR container_name:server-flight OR container_name:conductor-server}",container_name:conductor-server,2025-01-21T03:05:48.000Z,80949.142611
"avg:container.net.sent{container_name:server-hotel OR container_name:server-flight OR container_name:conductor-server}",container_name:conductor-server,2025-01-21T03:06:04.000Z,176226.671504
"avg:container.net.sent{container_name:server-hotel OR container_name:server-flight OR container_name:conductor-server}",container_name:conductor-server,2025-01-21T03:06:18.000Z,1144456.699377
"avg:container.net.sent{container_name:server-hotel OR container_name:server-flight OR container_name:conductor-server}",container_name:conductor-server,2025-01-21T03:06:34.000Z,522227.731382
"avg:container.net.sent{container_name:server-hotel OR container_name:server-flight OR container_name:conductor-server}",container_name:conductor-server,2025-01-21T03:06:48.000Z,401753.696832
"avg:container.net.sent{container_name:server-hotel OR container_name:server-flight OR container_name:conductor-server}",container_name:conductor-server,2025-01-21T03:07:04.000Z,488501.941772
"avg:container.net.sent{container_name:server-hotel OR container_name:server-flight OR container_name:conductor-server}",container_name:conductor-server,2025-01-21T03:07:18.000Z,529171.701129
"avg:container.net.sent{container_name:server-hotel OR container_name:server-flight OR container_name:conductor-server}",container_name:conductor-server,2025-01-21T03:07:34.000Z,397842.568923
"avg:container.net.sent{container_name:server-hotel OR container_name:server-flight OR container_name:conductor-server}",container_name:conductor-server,2025-01-21T03:07:48.000Z,473697.883021
"avg:container.net.sent{container_name:server-hotel OR container_name:server-flight OR container_name:conductor-server}",container_name:conductor-server,2025-01-21T03:08:04.000Z,388368.920438
"avg:container.net.sent{container_name:server-hotel OR container_name:server-flight OR container_name:conductor-server}",container_name:conductor-server,2025-01-21T03:08:18.000Z,448124.797553
"avg:container.net.sent{container_name:server-hotel OR container_name:server-flight OR container_name:conductor-server}",container_name:conductor-server,2025-01-21T03:08:34.000Z,396563.413137
"avg:container.net.sent{container_name:server-hotel OR container_name:server-flight OR container_name:conductor-server}",container_name:conductor-server,2025-01-21T03:08:48.000Z,586379.770171
"avg:container.net.sent{container_name:server-hotel OR container_name:server-flight OR container_name:conductor-server}",container_name:conductor-server,2025-01-21T03:09:04.000Z,470236.222561
"avg:container.net.sent{container_name:server-hotel OR container_name:server-flight OR container_name:conductor-server}",container_name:conductor-server,2025-01-21T03:09:18.000Z,480529.018996
"avg:container.net.sent{container_name:server-hotel OR container_name:server-flight OR container_name:conductor-server}",container_name:conductor-server,2025-01-21T03:09:34.000Z,416774.807211
"avg:container.net.sent{container_name:server-hotel OR container_name:server-flight OR container_name:conductor-server}",container_name:conductor-server,2025-01-21T03:09:48.000Z,588404.947285
"avg:container.net.sent{container_name:server-hotel OR container_name:server-flight OR container_name:conductor-server}",container_name:conductor-server,2025-01-21T03:10:04.000Z,488651.444732
"avg:container.net.sent{container_name:server-hotel OR container_name:server-flight OR container_name:conductor-server}",container_name:conductor-server,2025-01-21T03:10:18.000Z,433475.691255
"avg:container.net.sent{container_name:server-hotel OR container_name:server-flight OR container_name:conductor-server}",container_name:conductor-server,2025-01-21T03:10:34.000Z,388554.553665
"avg:container.net.sent{container_name:server-hotel OR container_name:server-flight OR container_name:conductor-server}",container_name:conductor-server,2025-01-21T03:10:48.000Z,348374.714155
"avg:container.net.sent{container_name:server-hotel OR container_name:server-flight OR container_name:conductor-server}",container_name:conductor-server,2025-01-21T03:11:04.000Z,550973.964166
"avg:container.net.sent{container_name:server-hotel OR container_name:server-flight OR container_name:conductor-server}",container_name:conductor-server,2025-01-21T03:11:18.000Z,233400.893972
"avg:container.net.rcvd{container_name:server-hotel OR container_name:server-flight OR container_name:conductor-server}",container_name:conductor-server,2025-01-21T03:05:48.000Z,39834.970903
"avg:container.net.rcvd{container_name:server-hotel OR container_name:server-flight OR container_name:conductor-server}",container_name:conductor-server,2025-01-21T03:06:04.000Z,91514.688029
"avg:container.net.rcvd{container_name:server-hotel OR container_name:server-flight OR container_name:conductor-server}",container_name:conductor-server,2025-01-21T03:06:18.000Z,894608.280762
"avg:container.net.rcvd{container_name:server-hotel OR container_name:server-flight OR container_name:conductor-server}",container_name:conductor-server,2025-01-21T03:06:34.000Z,308925.691536
"avg:container.net.rcvd{container_name:server-hotel OR container_name:server-flight OR container_name:conductor-server}",container_name:conductor-server,2025-01-21T03:06:48.000Z,266237.844683
"avg:container.net.rcvd{container_name:server-hotel OR container_name:server-flight OR container_name:conductor-server}",container_name:conductor-server,2025-01-21T03:07:04.000Z,404743.282514
"avg:container.net.rcvd{container_name:server-hotel OR container_name:server-flight OR container_name:conductor-server}",container_name:conductor-server,2025-01-21T03:07:18.000Z,488614.223683
"avg:container.net.rcvd{container_name:server-hotel OR container_name:server-flight OR container_name:conductor-server}",container_name:conductor-server,2025-01-21T03:07:34.000Z,321538.826395
"avg:container.net.rcvd{container_name:server-hotel OR container_name:server-flight OR container_name:conductor-server}",container_name:conductor-server,2025-01-21T03:07:48.000Z,315846.213679
"avg:container.net.rcvd{container_name:server-hotel OR container_name:server-flight OR container_name:conductor-server}",container_name:conductor-server,2025-01-21T03:08:04.000Z,254998.048194
"avg:container.net.rcvd{container_name:server-hotel OR container_name:server-flight OR container_name:conductor-server}",container_name:conductor-server,2025-01-21T03:08:18.000Z,352813.594387
"avg:container.net.rcvd{container_name:server-hotel OR container_name:server-flight OR container_name:conductor-server}",container_name:conductor-server,2025-01-21T03:08:34.000Z,243976.205062
"avg:container.net.rcvd{container_name:server-hotel OR container_name:server-flight OR container_name:conductor-server}",container_name:conductor-server,2025-01-21T03:08:48.000Z,437217.842853
"avg:container.net.rcvd{container_name:server-hotel OR container_name:server-flight OR container_name:conductor-server}",container_name:conductor-server,2025-01-21T03:09:04.000Z,329805.535619
"avg:container.net.rcvd{container_name:server-hotel OR container_name:server-flight OR container_name:conductor-server}",container_name:conductor-server,2025-01-21T03:09:18.000Z,337284.788601
"avg:container.net.rcvd{container_name:server-hotel OR container_name:server-flight OR container_name:conductor-server}",container_name:conductor-server,2025-01-21T03:09:34.000Z,299576.309443
"avg:container.net.rcvd{container_name:server-hotel OR container_name:server-flight OR container_name:conductor-server}",container_name:conductor-server,2025-01-21T03:09:48.000Z,462889.647301
"avg:container.net.rcvd{container_name:server-hotel OR container_name:server-flight OR container_name:conductor-server}",container_name:conductor-server,2025-01-21T03:10:04.000Z,329102.169395
"avg:container.net.rcvd{container_name:server-hotel OR container_name:server-flight OR container_name:conductor-server}",container_name:conductor-server,2025-01-21T03:10:18.000Z,247367.283587
"avg:container.net.rcvd{container_name:server-hotel OR container_name:server-flight OR container_name:conductor-server}",container_name:conductor-server,2025-01-21T03:10:34.000Z,231288.062388
"avg:container.net.rcvd{container_name:server-hotel OR container_name:server-flight OR container_name:conductor-server}",container_name:conductor-server,2025-01-21T03:10:48.000Z,175256.78004
"avg:container.net.rcvd{container_name:server-hotel OR container_name:server-flight OR container_name:conductor-server}",container_name:conductor-server,2025-01-21T03:11:04.000Z,301650.742053
"avg:container.net.rcvd{container_name:server-hotel OR container_name:server-flight OR container_name:conductor-server}",container_name:conductor-server,2025-01-21T03:11:18.000Z,44480.9257
