query,group,time,value
"sum:task_queue_wait.avg{*}",tasktype:book_hotel,2025-01-21T03:06:04.000Z,N/A
"sum:task_queue_wait.avg{*}",tasktype:book_hotel,2025-01-21T03:06:06.000Z,76.5
"sum:task_queue_wait.avg{*}",tasktype:book_hotel,2025-01-21T03:06:08.000Z,294.75
"sum:task_queue_wait.avg{*}",tasktype:book_hotel,2025-01-21T03:06:10.000Z,1190.5
"sum:task_queue_wait.avg{*}",tasktype:book_hotel,2025-01-21T03:06:12.000Z,620.5
"sum:task_queue_wait.avg{*}",tasktype:book_hotel,2025-01-21T03:06:14.000Z,1178.75
"sum:task_queue_wait.avg{*}",tasktype:book_hotel,2025-01-21T03:06:16.000Z,1371.5
"sum:task_queue_wait.avg{*}",tasktype:book_hotel,2025-01-21T03:06:18.000Z,1278.6
"sum:task_queue_wait.avg{*}",tasktype:book_hotel,2025-01-21T03:06:20.000Z,1371.5
"sum:task_queue_wait.avg{*}",tasktype:book_hotel,2025-01-21T03:06:22.000Z,1577.5
"sum:task_queue_wait.avg{*}",tasktype:book_hotel,2025-01-21T03:06:24.000Z,2959.75
"sum:task_queue_wait.avg{*}",tasktype:book_hotel,2025-01-21T03:06:26.000Z,1522.5
"sum:task_queue_wait.avg{*}",tasktype:book_hotel,2025-01-21T03:06:28.000Z,463.428571
"sum:task_queue_wait.avg{*}",tasktype:book_hotel,2025-01-21T03:06:30.000Z,1196
"sum:task_queue_wait.avg{*}",tasktype:book_hotel,2025-01-21T03:06:32.000Z,1546.5
"sum:task_queue_wait.avg{*}",tasktype:book_hotel,2025-01-21T03:06:34.000Z,445.285714
"sum:task_queue_wait.avg{*}",tasktype:book_hotel,2025-01-21T03:06:36.000Z,3000.75
"sum:task_queue_wait.avg{*}",tasktype:book_hotel,2025-01-21T03:06:38.000Z,1760
"sum:task_queue_wait.avg{*}",tasktype:book_hotel,2025-01-21T03:06:40.000Z,3540.875
"sum:task_queue_wait.avg{*}",tasktype:book_hotel,2025-01-21T03:06:42.000Z,0
"sum:task_queue_wait.avg{*}",tasktype:book_hotel,2025-01-21T03:06:44.000Z,1876
"sum:task_queue_wait.avg{*}",tasktype:book_hotel,2025-01-21T03:06:46.000Z,5654.5
"sum:task_queue_wait.avg{*}",tasktype:book_hotel,2025-01-21T03:06:48.000Z,5005.5
"sum:task_queue_wait.avg{*}",tasktype:book_hotel,2025-01-21T03:06:50.000Z,2370.8
"sum:task_queue_wait.avg{*}",tasktype:book_hotel,2025-01-21T03:06:52.000Z,2217
"sum:task_queue_wait.avg{*}",tasktype:book_hotel,2025-01-21T03:06:54.000Z,1728.5
"sum:task_queue_wait.avg{*}",tasktype:book_hotel,2025-01-21T03:06:56.000Z,2595.25
"sum:task_queue_wait.avg{*}",tasktype:book_hotel,2025-01-21T03:06:58.000Z,2073.75
"sum:task_queue_wait.avg{*}",tasktype:book_hotel,2025-01-21T03:07:00.000Z,0
"sum:task_queue_wait.avg{*}",tasktype:book_hotel,2025-01-21T03:07:02.000Z,2804.25
"sum:task_queue_wait.avg{*}",tasktype:book_hotel,2025-01-21T03:07:04.000Z,4625.583333
"sum:task_queue_wait.avg{*}",tasktype:book_hotel,2025-01-21T03:07:06.000Z,993.833333
"sum:task_queue_wait.avg{*}",tasktype:book_hotel,2025-01-21T03:07:08.000Z,4276
"sum:task_queue_wait.avg{*}",tasktype:book_hotel,2025-01-21T03:07:10.000Z,3421.5
"sum:task_queue_wait.avg{*}",tasktype:book_hotel,2025-01-21T03:07:12.000Z,3924.5
"sum:task_queue_wait.avg{*}",tasktype:book_hotel,2025-01-21T03:07:14.000Z,4174.25
"sum:task_queue_wait.avg{*}",tasktype:book_hotel,2025-01-21T03:07:16.000Z,1424
"sum:task_queue_wait.avg{*}",tasktype:book_hotel,2025-01-21T03:07:18.000Z,3948.25
"sum:task_queue_wait.avg{*}",tasktype:book_hotel,2025-01-21T03:07:20.000Z,0
"sum:task_queue_wait.avg{*}",tasktype:book_hotel,2025-01-21T03:07:22.000Z,2174.916667
"sum:task_queue_wait.avg{*}",tasktype:book_hotel,2025-01-21T03:07:24.000Z,3608.75
"sum:task_queue_wait.avg{*}",tasktype:book_hotel,2025-01-21T03:07:26.000Z,4023.5
"sum:task_queue_wait.avg{*}",tasktype:book_hotel,2025-01-21T03:07:28.000Z,4766
"sum:task_queue_wait.avg{*}",tasktype:book_hotel,2025-01-21T03:07:30.000Z,5004
"sum:task_queue_wait.avg{*}",tasktype:book_hotel,2025-01-21T03:07:32.000Z,10472.833333
"sum:task_queue_wait.avg{*}",tasktype:book_hotel,2025-01-21T03:07:34.000Z,0
"sum:task_queue_wait.avg{*}",tasktype:book_hotel,2025-01-21T03:07:36.000Z,5599.583333
"sum:task_queue_wait.avg{*}",tasktype:book_hotel,2025-01-21T03:07:38.000Z,0
"sum:task_queue_wait.avg{*}",tasktype:book_hotel,2025-01-21T03:07:40.000Z,5001.5
"sum:task_queue_wait.avg{*}",tasktype:book_hotel,2025-01-21T03:07:42.000Z,4995
"sum:task_queue_wait.avg{*}",tasktype:book_hotel,2025-01-21T03:07:44.000Z,10584.2
"sum:task_queue_wait.avg{*}",tasktype:book_hotel,2025-01-21T03:07:46.000Z,4806.6
"sum:task_queue_wait.avg{*}",tasktype:book_hotel,2025-01-21T03:07:48.000Z,5190.633333
"sum:task_queue_wait.avg{*}",tasktype:book_hotel,2025-01-21T03:07:50.000Z,2468.166667
"sum:task_queue_wait.avg{*}",tasktype:book_hotel,2025-01-21T03:07:52.000Z,2665.166667
"sum:task_queue_wait.avg{*}",tasktype:book_hotel,2025-01-21T03:07:54.000Z,3694
"sum:task_queue_wait.avg{*}",tasktype:book_hotel,2025-01-21T03:07:56.000Z,0
"sum:task_queue_wait.avg{*}",tasktype:book_hotel,2025-01-21T03:07:58.000Z,5015.9
"sum:task_queue_wait.avg{*}",tasktype:book_hotel,2025-01-21T03:08:00.000Z,5721.5
"sum:task_queue_wait.avg{*}",tasktype:book_hotel,2025-01-21T03:08:02.000Z,6205.2
"sum:task_queue_wait.avg{*}",tasktype:book_hotel,2025-01-21T03:08:04.000Z,6196.625
"sum:task_queue_wait.avg{*}",tasktype:book_hotel,2025-01-21T03:08:06.000Z,5275
"sum:task_queue_wait.avg{*}",tasktype:book_hotel,2025-01-21T03:08:08.000Z,0
"sum:task_queue_wait.avg{*}",tasktype:book_hotel,2025-01-21T03:08:10.000Z,12076
"sum:task_queue_wait.avg{*}",tasktype:book_hotel,2025-01-21T03:08:12.000Z,5801.666667
"sum:task_queue_wait.avg{*}",tasktype:book_hotel,2025-01-21T03:08:14.000Z,5888.5
"sum:task_queue_wait.avg{*}",tasktype:book_hotel,2025-01-21T03:08:16.000Z,6643.5
"sum:task_queue_wait.avg{*}",tasktype:book_hotel,2025-01-21T03:08:18.000Z,13306.166667
"sum:task_queue_wait.avg{*}",tasktype:book_hotel,2025-01-21T03:08:20.000Z,0
"sum:task_queue_wait.avg{*}",tasktype:book_hotel,2025-01-21T03:08:22.000Z,13001.25
"sum:task_queue_wait.avg{*}",tasktype:book_hotel,2025-01-21T03:08:24.000Z,6214.5
"sum:task_queue_wait.avg{*}",tasktype:book_hotel,2025-01-21T03:08:26.000Z,7214.5
"sum:task_queue_wait.avg{*}",tasktype:book_hotel,2025-01-21T03:08:28.000Z,14237.416667
"sum:task_queue_wait.avg{*}",tasktype:book_hotel,2025-01-21T03:08:30.000Z,5909.5
"sum:task_queue_wait.avg{*}",tasktype:book_hotel,2025-01-21T03:08:32.000Z,0
"sum:task_queue_wait.avg{*}",tasktype:book_hotel,2025-01-21T03:08:34.000Z,6776.9
"sum:task_queue_wait.avg{*}",tasktype:book_hotel,2025-01-21T03:08:36.000Z,6644.75
"sum:task_queue_wait.avg{*}",tasktype:book_hotel,2025-01-21T03:08:38.000Z,11049.25
"sum:task_queue_wait.avg{*}",tasktype:book_hotel,2025-01-21T03:08:40.000Z,5689.125
"sum:task_queue_wait.avg{*}",tasktype:book_hotel,2025-01-21T03:08:42.000Z,9555.107143
"sum:task_queue_wait.avg{*}",tasktype:book_hotel,2025-01-21T03:08:44.000Z,4577.333333
"sum:task_queue_wait.avg{*}",tasktype:book_hotel,2025-01-21T03:08:46.000Z,1647.166667
"sum:task_queue_wait.avg{*}",tasktype:book_hotel,2025-01-21T03:08:48.000Z,2676.5
"sum:task_queue_wait.avg{*}",tasktype:book_hotel,2025-01-21T03:08:50.000Z,7118.071429
"sum:task_queue_wait.avg{*}",tasktype:book_hotel,2025-01-21T03:08:52.000Z,4739
"sum:task_queue_wait.avg{*}",tasktype:book_hotel,2025-01-21T03:08:54.000Z,0
"sum:task_queue_wait.avg{*}",tasktype:book_hotel,2025-01-21T03:08:56.000Z,11151.375
"sum:task_queue_wait.avg{*}",tasktype:book_hotel,2025-01-21T03:08:58.000Z,4719
"sum:task_queue_wait.avg{*}",tasktype:book_hotel,2025-01-21T03:09:00.000Z,5739
"sum:task_queue_wait.avg{*}",tasktype:book_hotel,2025-01-21T03:09:02.000Z,6245
"sum:task_queue_wait.avg{*}",tasktype:book_hotel,2025-01-21T03:09:04.000Z,6631.4
"sum:task_queue_wait.avg{*}",tasktype:book_hotel,2025-01-21T03:09:06.000Z,5732
"sum:task_queue_wait.avg{*}",tasktype:book_hotel,2025-01-21T03:09:08.000Z,13031.9
"sum:task_queue_wait.avg{*}",tasktype:book_hotel,2025-01-21T03:09:10.000Z,6784
"sum:task_queue_wait.avg{*}",tasktype:book_hotel,2025-01-21T03:09:12.000Z,6893.333333
"sum:task_queue_wait.avg{*}",tasktype:book_hotel,2025-01-21T03:09:14.000Z,6818.5
"sum:task_queue_wait.avg{*}",tasktype:book_hotel,2025-01-21T03:09:16.000Z,13607.7
"sum:task_queue_wait.avg{*}",tasktype:book_hotel,2025-01-21T03:09:18.000Z,6327
"sum:task_queue_wait.avg{*}",tasktype:book_hotel,2025-01-21T03:09:20.000Z,5989
"sum:task_queue_wait.avg{*}",tasktype:book_hotel,2025-01-21T03:09:22.000Z,0
"sum:task_queue_wait.avg{*}",tasktype:book_hotel,2025-01-21T03:09:24.000Z,7113.0625
"sum:task_queue_wait.avg{*}",tasktype:book_hotel,2025-01-21T03:09:26.000Z,6796.3
"sum:task_queue_wait.avg{*}",tasktype:book_hotel,2025-01-21T03:09:28.000Z,5544.333333
"sum:task_queue_wait.avg{*}",tasktype:book_hotel,2025-01-21T03:09:30.000Z,6893.5
"sum:task_queue_wait.avg{*}",tasktype:book_hotel,2025-01-21T03:09:32.000Z,0
"sum:task_queue_wait.avg{*}",tasktype:book_hotel,2025-01-21T03:09:34.000Z,8409
"sum:task_queue_wait.avg{*}",tasktype:book_hotel,2025-01-21T03:09:36.000Z,16929.625
"sum:task_queue_wait.avg{*}",tasktype:book_hotel,2025-01-21T03:09:38.000Z,7436
"sum:task_queue_wait.avg{*}",tasktype:book_hotel,2025-01-21T03:09:40.000Z,7946.5
"sum:task_queue_wait.avg{*}",tasktype:book_hotel,2025-01-21T03:09:42.000Z,18183.5
"sum:task_queue_wait.avg{*}",tasktype:book_hotel,2025-01-21T03:09:44.000Z,15037.611111
"sum:task_queue_wait.avg{*}",tasktype:book_hotel,2025-01-21T03:09:46.000Z,5451.5
"sum:task_queue_wait.avg{*}",tasktype:book_hotel,2025-01-21T03:09:48.000Z,5978.5
"sum:task_queue_wait.avg{*}",tasktype:book_hotel,2025-01-21T03:09:50.000Z,8957.678571
"sum:task_queue_wait.avg{*}",tasktype:book_hotel,2025-01-21T03:09:52.000Z,4070
"sum:task_queue_wait.avg{*}",tasktype:book_hotel,2025-01-21T03:09:54.000Z,5090.5
"sum:task_queue_wait.avg{*}",tasktype:book_hotel,2025-01-21T03:09:56.000Z,6331
"sum:task_queue_wait.avg{*}",tasktype:book_hotel,2025-01-21T03:09:58.000Z,6599.4
"sum:task_queue_wait.avg{*}",tasktype:book_hotel,2025-01-21T03:10:00.000Z,8136
"sum:task_queue_wait.avg{*}",tasktype:book_hotel,2025-01-21T03:10:02.000Z,15578.857143
"sum:task_queue_wait.avg{*}",tasktype:book_hotel,2025-01-21T03:10:04.000Z,7098
"sum:task_queue_wait.avg{*}",tasktype:book_hotel,2025-01-21T03:10:06.000Z,16350.666667
"sum:task_queue_wait.avg{*}",tasktype:book_hotel,2025-01-21T03:10:08.000Z,16730.5
"sum:task_queue_wait.avg{*}",tasktype:book_hotel,2025-01-21T03:10:10.000Z,9114.5
"sum:task_queue_wait.avg{*}",tasktype:book_hotel,2025-01-21T03:10:12.000Z,10159.5
"sum:task_queue_wait.avg{*}",tasktype:book_hotel,2025-01-21T03:10:14.000Z,10656.5
"sum:task_queue_wait.avg{*}",tasktype:book_hotel,2025-01-21T03:10:16.000Z,9940.285714
"sum:task_queue_wait.avg{*}",tasktype:book_hotel,2025-01-21T03:10:18.000Z,18842.75
"sum:task_queue_wait.avg{*}",tasktype:book_hotel,2025-01-21T03:10:20.000Z,8787.5
"sum:task_queue_wait.avg{*}",tasktype:book_hotel,2025-01-21T03:10:22.000Z,19964.5
"sum:task_queue_wait.avg{*}",tasktype:book_hotel,2025-01-21T03:10:24.000Z,10742.5
"sum:task_queue_wait.avg{*}",tasktype:book_hotel,2025-01-21T03:10:26.000Z,10733.5
"sum:task_queue_wait.avg{*}",tasktype:book_hotel,2025-01-21T03:10:28.000Z,11005.75
"sum:task_queue_wait.avg{*}",tasktype:book_hotel,2025-01-21T03:10:30.000Z,0
"sum:task_queue_wait.avg{*}",tasktype:book_hotel,2025-01-21T03:10:32.000Z,22915.333333
"sum:task_queue_wait.avg{*}",tasktype:book_hotel,2025-01-21T03:10:34.000Z,9858
"sum:task_queue_wait.avg{*}",tasktype:book_hotel,2025-01-21T03:10:36.000Z,9865.75
"sum:task_queue_wait.avg{*}",tasktype:book_hotel,2025-01-21T03:10:38.000Z,10890.5
"sum:task_queue_wait.avg{*}",tasktype:book_hotel,2025-01-21T03:10:40.000Z,23272.833333
"sum:task_queue_wait.avg{*}",tasktype:book_hotel,2025-01-21T03:10:42.000Z,12389.5
"sum:task_queue_wait.avg{*}",tasktype:book_hotel,2025-01-21T03:10:44.000Z,13376.5
"sum:task_queue_wait.avg{*}",tasktype:book_hotel,2025-01-21T03:10:46.000Z,13706.75
"sum:task_queue_wait.avg{*}",tasktype:book_hotel,2025-01-21T03:10:48.000Z,13977
"sum:task_queue_wait.avg{*}",tasktype:book_hotel,2025-01-21T03:10:50.000Z,15533.9
"sum:task_queue_wait.avg{*}",tasktype:book_hotel,2025-01-21T03:10:52.000Z,29289.25
"sum:task_queue_wait.avg{*}",tasktype:book_hotel,2025-01-21T03:10:54.000Z,12184.458333
"sum:task_queue_wait.avg{*}",tasktype:book_hotel,2025-01-21T03:10:56.000Z,11855.616667
"sum:task_queue_wait.avg{*}",tasktype:book_hotel,2025-01-21T03:10:58.000Z,3947.875
"sum:task_queue_wait.avg{*}",tasktype:book_hotel,2025-01-21T03:11:00.000Z,3086.666667
"sum:task_queue_wait.avg{*}",tasktype:book_hotel,2025-01-21T03:11:02.000Z,0
"sum:task_queue_wait.avg{*}",tasktype:book_hotel,2025-01-21T03:11:04.000Z,0
"sum:task_queue_wait.avg{*}",tasktype:book_hotel,2025-01-21T03:11:06.000Z,0
"sum:task_queue_wait.avg{*}",tasktype:book_hotel,2025-01-21T03:11:08.000Z,0
"sum:task_queue_wait.avg{*}",tasktype:book_hotel,2025-01-21T03:11:10.000Z,0
"sum:task_queue_wait.avg{*}",tasktype:book_hotel,2025-01-21T03:11:12.000Z,0
"sum:task_queue_wait.avg{*}",tasktype:book_hotel,2025-01-21T03:11:14.000Z,0
"sum:task_queue_wait.avg{*}",tasktype:book_hotel,2025-01-21T03:11:16.000Z,0
"sum:task_queue_wait.avg{*}",tasktype:book_hotel,2025-01-21T03:11:18.000Z,0
"sum:task_queue_wait.avg{*}",tasktype:book_hotel,2025-01-21T03:11:20.000Z,0
"sum:task_queue_wait.avg{*}",tasktype:book_hotel,2025-01-21T03:11:22.000Z,0
"sum:task_queue_wait.avg{*}",tasktype:book_hotel,2025-01-21T03:11:24.000Z,0
"sum:task_queue_wait.avg{*}",tasktype:book_hotel,2025-01-21T03:11:26.000Z,0
"sum:task_queue_wait.avg{*}",tasktype:book_hotel,2025-01-21T03:11:28.000Z,0
"sum:task_queue_wait.avg{*}",tasktype:book_hotel,2025-01-21T03:11:30.000Z,0
"sum:task_queue_wait.avg{*}",tasktype:cancel_flight_booking,2025-01-21T03:06:04.000Z,N/A
"sum:task_queue_wait.avg{*}",tasktype:cancel_flight_booking,2025-01-21T03:06:06.000Z,N/A
"sum:task_queue_wait.avg{*}",tasktype:cancel_flight_booking,2025-01-21T03:06:08.000Z,N/A
"sum:task_queue_wait.avg{*}",tasktype:cancel_flight_booking,2025-01-21T03:06:10.000Z,N/A
"sum:task_queue_wait.avg{*}",tasktype:cancel_flight_booking,2025-01-21T03:06:12.000Z,0
"sum:task_queue_wait.avg{*}",tasktype:cancel_flight_booking,2025-01-21T03:06:14.000Z,47.5
"sum:task_queue_wait.avg{*}",tasktype:cancel_flight_booking,2025-01-21T03:06:16.000Z,0
"sum:task_queue_wait.avg{*}",tasktype:cancel_flight_booking,2025-01-21T03:06:18.000Z,1029.5
"sum:task_queue_wait.avg{*}",tasktype:cancel_flight_booking,2025-01-21T03:06:20.000Z,0
"sum:task_queue_wait.avg{*}",tasktype:cancel_flight_booking,2025-01-21T03:06:22.000Z,72
"sum:task_queue_wait.avg{*}",tasktype:cancel_flight_booking,2025-01-21T03:06:24.000Z,0
"sum:task_queue_wait.avg{*}",tasktype:cancel_flight_booking,2025-01-21T03:06:26.000Z,0
"sum:task_queue_wait.avg{*}",tasktype:cancel_flight_booking,2025-01-21T03:06:28.000Z,0
"sum:task_queue_wait.avg{*}",tasktype:cancel_flight_booking,2025-01-21T03:06:30.000Z,234
"sum:task_queue_wait.avg{*}",tasktype:cancel_flight_booking,2025-01-21T03:06:32.000Z,1221.5
"sum:task_queue_wait.avg{*}",tasktype:cancel_flight_booking,2025-01-21T03:06:34.000Z,263
"sum:task_queue_wait.avg{*}",tasktype:cancel_flight_booking,2025-01-21T03:06:36.000Z,784
"sum:task_queue_wait.avg{*}",tasktype:cancel_flight_booking,2025-01-21T03:06:38.000Z,0
"sum:task_queue_wait.avg{*}",tasktype:cancel_flight_booking,2025-01-21T03:06:40.000Z,1407.5
"sum:task_queue_wait.avg{*}",tasktype:cancel_flight_booking,2025-01-21T03:06:42.000Z,0
"sum:task_queue_wait.avg{*}",tasktype:cancel_flight_booking,2025-01-21T03:06:44.000Z,347
"sum:task_queue_wait.avg{*}",tasktype:cancel_flight_booking,2025-01-21T03:06:46.000Z,0
"sum:task_queue_wait.avg{*}",tasktype:cancel_flight_booking,2025-01-21T03:06:48.000Z,0
"sum:task_queue_wait.avg{*}",tasktype:cancel_flight_booking,2025-01-21T03:06:50.000Z,0
"sum:task_queue_wait.avg{*}",tasktype:cancel_flight_booking,2025-01-21T03:06:52.000Z,377.5
"sum:task_queue_wait.avg{*}",tasktype:cancel_flight_booking,2025-01-21T03:06:54.000Z,302.5
"sum:task_queue_wait.avg{*}",tasktype:cancel_flight_booking,2025-01-21T03:06:56.000Z,44
"sum:task_queue_wait.avg{*}",tasktype:cancel_flight_booking,2025-01-21T03:06:58.000Z,548.5
"sum:task_queue_wait.avg{*}",tasktype:cancel_flight_booking,2025-01-21T03:07:00.000Z,318.5
"sum:task_queue_wait.avg{*}",tasktype:cancel_flight_booking,2025-01-21T03:07:02.000Z,0
"sum:task_queue_wait.avg{*}",tasktype:cancel_flight_booking,2025-01-21T03:07:04.000Z,57.5
"sum:task_queue_wait.avg{*}",tasktype:cancel_flight_booking,2025-01-21T03:07:06.000Z,917
"sum:task_queue_wait.avg{*}",tasktype:cancel_flight_booking,2025-01-21T03:07:08.000Z,0
"sum:task_queue_wait.avg{*}",tasktype:cancel_flight_booking,2025-01-21T03:07:10.000Z,312.5
"sum:task_queue_wait.avg{*}",tasktype:cancel_flight_booking,2025-01-21T03:07:12.000Z,0
"sum:task_queue_wait.avg{*}",tasktype:cancel_flight_booking,2025-01-21T03:07:14.000Z,617
"sum:task_queue_wait.avg{*}",tasktype:cancel_flight_booking,2025-01-21T03:07:16.000Z,0
"sum:task_queue_wait.avg{*}",tasktype:cancel_flight_booking,2025-01-21T03:07:18.000Z,109.5
"sum:task_queue_wait.avg{*}",tasktype:cancel_flight_booking,2025-01-21T03:07:20.000Z,0
"sum:task_queue_wait.avg{*}",tasktype:cancel_flight_booking,2025-01-21T03:07:22.000Z,483.5
"sum:task_queue_wait.avg{*}",tasktype:cancel_flight_booking,2025-01-21T03:07:24.000Z,1462
"sum:task_queue_wait.avg{*}",tasktype:cancel_flight_booking,2025-01-21T03:07:26.000Z,356
"sum:task_queue_wait.avg{*}",tasktype:cancel_flight_booking,2025-01-21T03:07:28.000Z,0
"sum:task_queue_wait.avg{*}",tasktype:cancel_flight_booking,2025-01-21T03:07:30.000Z,0
"sum:task_queue_wait.avg{*}",tasktype:cancel_flight_booking,2025-01-21T03:07:32.000Z,282.5
"sum:task_queue_wait.avg{*}",tasktype:cancel_flight_booking,2025-01-21T03:07:34.000Z,0
"sum:task_queue_wait.avg{*}",tasktype:cancel_flight_booking,2025-01-21T03:07:36.000Z,0
"sum:task_queue_wait.avg{*}",tasktype:cancel_flight_booking,2025-01-21T03:07:38.000Z,459.5
"sum:task_queue_wait.avg{*}",tasktype:cancel_flight_booking,2025-01-21T03:07:40.000Z,1486.5
"sum:task_queue_wait.avg{*}",tasktype:cancel_flight_booking,2025-01-21T03:07:42.000Z,0
"sum:task_queue_wait.avg{*}",tasktype:cancel_flight_booking,2025-01-21T03:07:44.000Z,0
"sum:task_queue_wait.avg{*}",tasktype:cancel_flight_booking,2025-01-21T03:07:46.000Z,483
"sum:task_queue_wait.avg{*}",tasktype:cancel_flight_booking,2025-01-21T03:07:48.000Z,594
"sum:task_queue_wait.avg{*}",tasktype:cancel_flight_booking,2025-01-21T03:07:50.000Z,459
"sum:task_queue_wait.avg{*}",tasktype:cancel_flight_booking,2025-01-21T03:07:52.000Z,0
"sum:task_queue_wait.avg{*}",tasktype:cancel_flight_booking,2025-01-21T03:07:54.000Z,0
"sum:task_queue_wait.avg{*}",tasktype:cancel_flight_booking,2025-01-21T03:07:56.000Z,0
"sum:task_queue_wait.avg{*}",tasktype:cancel_flight_booking,2025-01-21T03:07:58.000Z,0
"sum:task_queue_wait.avg{*}",tasktype:cancel_flight_booking,2025-01-21T03:08:00.000Z,0
"sum:task_queue_wait.avg{*}",tasktype:cancel_flight_booking,2025-01-21T03:08:02.000Z,0
"sum:task_queue_wait.avg{*}",tasktype:cancel_flight_booking,2025-01-21T03:08:04.000Z,1547.5
"sum:task_queue_wait.avg{*}",tasktype:cancel_flight_booking,2025-01-21T03:08:06.000Z,463
"sum:task_queue_wait.avg{*}",tasktype:cancel_flight_booking,2025-01-21T03:08:08.000Z,0
"sum:task_queue_wait.avg{*}",tasktype:cancel_flight_booking,2025-01-21T03:08:10.000Z,2300
"sum:task_queue_wait.avg{*}",tasktype:cancel_flight_booking,2025-01-21T03:08:12.000Z,0
"sum:task_queue_wait.avg{*}",tasktype:cancel_flight_booking,2025-01-21T03:08:14.000Z,447.5
"sum:task_queue_wait.avg{*}",tasktype:cancel_flight_booking,2025-01-21T03:08:16.000Z,0
"sum:task_queue_wait.avg{*}",tasktype:cancel_flight_booking,2025-01-21T03:08:18.000Z,320.5
"sum:task_queue_wait.avg{*}",tasktype:cancel_flight_booking,2025-01-21T03:08:20.000Z,0
"sum:task_queue_wait.avg{*}",tasktype:cancel_flight_booking,2025-01-21T03:08:22.000Z,0
"sum:task_queue_wait.avg{*}",tasktype:cancel_flight_booking,2025-01-21T03:08:24.000Z,0
"sum:task_queue_wait.avg{*}",tasktype:cancel_flight_booking,2025-01-21T03:08:26.000Z,0
"sum:task_queue_wait.avg{*}",tasktype:cancel_flight_booking,2025-01-21T03:08:28.000Z,0
"sum:task_queue_wait.avg{*}",tasktype:cancel_flight_booking,2025-01-21T03:08:30.000Z,522.5
"sum:task_queue_wait.avg{*}",tasktype:cancel_flight_booking,2025-01-21T03:08:32.000Z,2053
"sum:task_queue_wait.avg{*}",tasktype:cancel_flight_booking,2025-01-21T03:08:34.000Z,465
"sum:task_queue_wait.avg{*}",tasktype:cancel_flight_booking,2025-01-21T03:08:36.000Z,944.5
"sum:task_queue_wait.avg{*}",tasktype:cancel_flight_booking,2025-01-21T03:08:38.000Z,310
"sum:task_queue_wait.avg{*}",tasktype:cancel_flight_booking,2025-01-21T03:08:40.000Z,428.5
"sum:task_queue_wait.avg{*}",tasktype:cancel_flight_booking,2025-01-21T03:08:42.000Z,49.5
"sum:task_queue_wait.avg{*}",tasktype:cancel_flight_booking,2025-01-21T03:08:44.000Z,831.5
"sum:task_queue_wait.avg{*}",tasktype:cancel_flight_booking,2025-01-21T03:08:46.000Z,0
"sum:task_queue_wait.avg{*}",tasktype:cancel_flight_booking,2025-01-21T03:08:48.000Z,0
"sum:task_queue_wait.avg{*}",tasktype:cancel_flight_booking,2025-01-21T03:08:50.000Z,62
"sum:task_queue_wait.avg{*}",tasktype:cancel_flight_booking,2025-01-21T03:08:52.000Z,1041.5
"sum:task_queue_wait.avg{*}",tasktype:cancel_flight_booking,2025-01-21T03:08:54.000Z,356.5
"sum:task_queue_wait.avg{*}",tasktype:cancel_flight_booking,2025-01-21T03:08:56.000Z,545.5
"sum:task_queue_wait.avg{*}",tasktype:cancel_flight_booking,2025-01-21T03:08:58.000Z,0
"sum:task_queue_wait.avg{*}",tasktype:cancel_flight_booking,2025-01-21T03:09:00.000Z,0
"sum:task_queue_wait.avg{*}",tasktype:cancel_flight_booking,2025-01-21T03:09:02.000Z,362
"sum:task_queue_wait.avg{*}",tasktype:cancel_flight_booking,2025-01-21T03:09:04.000Z,0
"sum:task_queue_wait.avg{*}",tasktype:cancel_flight_booking,2025-01-21T03:09:06.000Z,1403.5
"sum:task_queue_wait.avg{*}",tasktype:cancel_flight_booking,2025-01-21T03:09:08.000Z,331.5
"sum:task_queue_wait.avg{*}",tasktype:cancel_flight_booking,2025-01-21T03:09:10.000Z,442
"sum:task_queue_wait.avg{*}",tasktype:cancel_flight_booking,2025-01-21T03:09:12.000Z,434
"sum:task_queue_wait.avg{*}",tasktype:cancel_flight_booking,2025-01-21T03:09:14.000Z,0
"sum:task_queue_wait.avg{*}",tasktype:cancel_flight_booking,2025-01-21T03:09:16.000Z,0
"sum:task_queue_wait.avg{*}",tasktype:cancel_flight_booking,2025-01-21T03:09:18.000Z,490
"sum:task_queue_wait.avg{*}",tasktype:cancel_flight_booking,2025-01-21T03:09:20.000Z,0
"sum:task_queue_wait.avg{*}",tasktype:cancel_flight_booking,2025-01-21T03:09:22.000Z,0
"sum:task_queue_wait.avg{*}",tasktype:cancel_flight_booking,2025-01-21T03:09:24.000Z,68
"sum:task_queue_wait.avg{*}",tasktype:cancel_flight_booking,2025-01-21T03:09:26.000Z,1031
"sum:task_queue_wait.avg{*}",tasktype:cancel_flight_booking,2025-01-21T03:09:28.000Z,0
"sum:task_queue_wait.avg{*}",tasktype:cancel_flight_booking,2025-01-21T03:09:30.000Z,0
"sum:task_queue_wait.avg{*}",tasktype:cancel_flight_booking,2025-01-21T03:09:32.000Z,0
"sum:task_queue_wait.avg{*}",tasktype:cancel_flight_booking,2025-01-21T03:09:34.000Z,0
"sum:task_queue_wait.avg{*}",tasktype:cancel_flight_booking,2025-01-21T03:09:36.000Z,21.5
"sum:task_queue_wait.avg{*}",tasktype:cancel_flight_booking,2025-01-21T03:09:38.000Z,0
"sum:task_queue_wait.avg{*}",tasktype:cancel_flight_booking,2025-01-21T03:09:40.000Z,1913
"sum:task_queue_wait.avg{*}",tasktype:cancel_flight_booking,2025-01-21T03:09:42.000Z,0
"sum:task_queue_wait.avg{*}",tasktype:cancel_flight_booking,2025-01-21T03:09:44.000Z,565.75
"sum:task_queue_wait.avg{*}",tasktype:cancel_flight_booking,2025-01-21T03:09:46.000Z,1641
"sum:task_queue_wait.avg{*}",tasktype:cancel_flight_booking,2025-01-21T03:09:48.000Z,0
"sum:task_queue_wait.avg{*}",tasktype:cancel_flight_booking,2025-01-21T03:09:50.000Z,553
"sum:task_queue_wait.avg{*}",tasktype:cancel_flight_booking,2025-01-21T03:09:52.000Z,485
"sum:task_queue_wait.avg{*}",tasktype:cancel_flight_booking,2025-01-21T03:09:54.000Z,0
"sum:task_queue_wait.avg{*}",tasktype:cancel_flight_booking,2025-01-21T03:09:56.000Z,1955
"sum:task_queue_wait.avg{*}",tasktype:cancel_flight_booking,2025-01-21T03:09:58.000Z,441.5
"sum:task_queue_wait.avg{*}",tasktype:cancel_flight_booking,2025-01-21T03:10:00.000Z,0
"sum:task_queue_wait.avg{*}",tasktype:cancel_flight_booking,2025-01-21T03:10:02.000Z,386.25
"sum:task_queue_wait.avg{*}",tasktype:cancel_flight_booking,2025-01-21T03:10:04.000Z,0
"sum:task_queue_wait.avg{*}",tasktype:cancel_flight_booking,2025-01-21T03:10:06.000Z,0
"sum:task_queue_wait.avg{*}",tasktype:cancel_flight_booking,2025-01-21T03:10:08.000Z,0
"sum:task_queue_wait.avg{*}",tasktype:cancel_flight_booking,2025-01-21T03:10:10.000Z,76
"sum:task_queue_wait.avg{*}",tasktype:cancel_flight_booking,2025-01-21T03:10:12.000Z,1061
"sum:task_queue_wait.avg{*}",tasktype:cancel_flight_booking,2025-01-21T03:10:14.000Z,0
"sum:task_queue_wait.avg{*}",tasktype:cancel_flight_booking,2025-01-21T03:10:16.000Z,0
"sum:task_queue_wait.avg{*}",tasktype:cancel_flight_booking,2025-01-21T03:10:18.000Z,586
"sum:task_queue_wait.avg{*}",tasktype:cancel_flight_booking,2025-01-21T03:10:20.000Z,301
"sum:task_queue_wait.avg{*}",tasktype:cancel_flight_booking,2025-01-21T03:10:22.000Z,781
"sum:task_queue_wait.avg{*}",tasktype:cancel_flight_booking,2025-01-21T03:10:24.000Z,0
"sum:task_queue_wait.avg{*}",tasktype:cancel_flight_booking,2025-01-21T03:10:26.000Z,0
"sum:task_queue_wait.avg{*}",tasktype:cancel_flight_booking,2025-01-21T03:10:28.000Z,0
"sum:task_queue_wait.avg{*}",tasktype:cancel_flight_booking,2025-01-21T03:10:30.000Z,335.5
"sum:task_queue_wait.avg{*}",tasktype:cancel_flight_booking,2025-01-21T03:10:32.000Z,0
"sum:task_queue_wait.avg{*}",tasktype:cancel_flight_booking,2025-01-21T03:10:34.000Z,156.5
"sum:task_queue_wait.avg{*}",tasktype:cancel_flight_booking,2025-01-21T03:10:36.000Z,0
"sum:task_queue_wait.avg{*}",tasktype:cancel_flight_booking,2025-01-21T03:10:38.000Z,333
"sum:task_queue_wait.avg{*}",tasktype:cancel_flight_booking,2025-01-21T03:10:40.000Z,0
"sum:task_queue_wait.avg{*}",tasktype:cancel_flight_booking,2025-01-21T03:10:42.000Z,0
"sum:task_queue_wait.avg{*}",tasktype:cancel_flight_booking,2025-01-21T03:10:44.000Z,0
"sum:task_queue_wait.avg{*}",tasktype:cancel_flight_booking,2025-01-21T03:10:46.000Z,0
"sum:task_queue_wait.avg{*}",tasktype:cancel_flight_booking,2025-01-21T03:10:48.000Z,0
"sum:task_queue_wait.avg{*}",tasktype:cancel_flight_booking,2025-01-21T03:10:50.000Z,418
"sum:task_queue_wait.avg{*}",tasktype:cancel_flight_booking,2025-01-21T03:10:52.000Z,0
"sum:task_queue_wait.avg{*}",tasktype:cancel_flight_booking,2025-01-21T03:10:54.000Z,612
"sum:task_queue_wait.avg{*}",tasktype:cancel_flight_booking,2025-01-21T03:10:56.000Z,87
"sum:task_queue_wait.avg{*}",tasktype:cancel_flight_booking,2025-01-21T03:10:58.000Z,0
"sum:task_queue_wait.avg{*}",tasktype:cancel_flight_booking,2025-01-21T03:11:00.000Z,647.75
"sum:task_queue_wait.avg{*}",tasktype:cancel_flight_booking,2025-01-21T03:11:02.000Z,0
"sum:task_queue_wait.avg{*}",tasktype:cancel_flight_booking,2025-01-21T03:11:04.000Z,105
"sum:task_queue_wait.avg{*}",tasktype:cancel_flight_booking,2025-01-21T03:11:06.000Z,0
"sum:task_queue_wait.avg{*}",tasktype:cancel_flight_booking,2025-01-21T03:11:08.000Z,0
"sum:task_queue_wait.avg{*}",tasktype:cancel_flight_booking,2025-01-21T03:11:10.000Z,0
"sum:task_queue_wait.avg{*}",tasktype:cancel_flight_booking,2025-01-21T03:11:12.000Z,0
"sum:task_queue_wait.avg{*}",tasktype:cancel_flight_booking,2025-01-21T03:11:14.000Z,0
"sum:task_queue_wait.avg{*}",tasktype:cancel_flight_booking,2025-01-21T03:11:16.000Z,0
"sum:task_queue_wait.avg{*}",tasktype:cancel_flight_booking,2025-01-21T03:11:18.000Z,0
"sum:task_queue_wait.avg{*}",tasktype:cancel_flight_booking,2025-01-21T03:11:20.000Z,0
"sum:task_queue_wait.avg{*}",tasktype:cancel_flight_booking,2025-01-21T03:11:22.000Z,0
"sum:task_queue_wait.avg{*}",tasktype:cancel_flight_booking,2025-01-21T03:11:24.000Z,0
"sum:task_queue_wait.avg{*}",tasktype:cancel_flight_booking,2025-01-21T03:11:26.000Z,0
"sum:task_queue_wait.avg{*}",tasktype:cancel_flight_booking,2025-01-21T03:11:28.000Z,0
"sum:task_queue_wait.avg{*}",tasktype:cancel_flight_booking,2025-01-21T03:11:30.000Z,0
"sum:task_queue_wait.avg{*}",tasktype:cancel_hotel_booking,2025-01-21T03:06:04.000Z,N/A
"sum:task_queue_wait.avg{*}",tasktype:cancel_hotel_booking,2025-01-21T03:06:06.000Z,N/A
"sum:task_queue_wait.avg{*}",tasktype:cancel_hotel_booking,2025-01-21T03:06:08.000Z,N/A
"sum:task_queue_wait.avg{*}",tasktype:cancel_hotel_booking,2025-01-21T03:06:10.000Z,N/A
"sum:task_queue_wait.avg{*}",tasktype:cancel_hotel_booking,2025-01-21T03:06:12.000Z,N/A
"sum:task_queue_wait.avg{*}",tasktype:cancel_hotel_booking,2025-01-21T03:06:14.000Z,52
"sum:task_queue_wait.avg{*}",tasktype:cancel_hotel_booking,2025-01-21T03:06:16.000Z,0
"sum:task_queue_wait.avg{*}",tasktype:cancel_hotel_booking,2025-01-21T03:06:18.000Z,20.875
"sum:task_queue_wait.avg{*}",tasktype:cancel_hotel_booking,2025-01-21T03:06:20.000Z,0
"sum:task_queue_wait.avg{*}",tasktype:cancel_hotel_booking,2025-01-21T03:06:22.000Z,71
"sum:task_queue_wait.avg{*}",tasktype:cancel_hotel_booking,2025-01-21T03:06:24.000Z,0
"sum:task_queue_wait.avg{*}",tasktype:cancel_hotel_booking,2025-01-21T03:06:26.000Z,0
"sum:task_queue_wait.avg{*}",tasktype:cancel_hotel_booking,2025-01-21T03:06:28.000Z,0
"sum:task_queue_wait.avg{*}",tasktype:cancel_hotel_booking,2025-01-21T03:06:30.000Z,0
"sum:task_queue_wait.avg{*}",tasktype:cancel_hotel_booking,2025-01-21T03:06:32.000Z,69.75
"sum:task_queue_wait.avg{*}",tasktype:cancel_hotel_booking,2025-01-21T03:06:34.000Z,0
"sum:task_queue_wait.avg{*}",tasktype:cancel_hotel_booking,2025-01-21T03:06:36.000Z,3.75
"sum:task_queue_wait.avg{*}",tasktype:cancel_hotel_booking,2025-01-21T03:06:38.000Z,0
"sum:task_queue_wait.avg{*}",tasktype:cancel_hotel_booking,2025-01-21T03:06:40.000Z,82
"sum:task_queue_wait.avg{*}",tasktype:cancel_hotel_booking,2025-01-21T03:06:42.000Z,0
"sum:task_queue_wait.avg{*}",tasktype:cancel_hotel_booking,2025-01-21T03:06:44.000Z,0
"sum:task_queue_wait.avg{*}",tasktype:cancel_hotel_booking,2025-01-21T03:06:46.000Z,94
"sum:task_queue_wait.avg{*}",tasktype:cancel_hotel_booking,2025-01-21T03:06:48.000Z,0
"sum:task_queue_wait.avg{*}",tasktype:cancel_hotel_booking,2025-01-21T03:06:50.000Z,0
"sum:task_queue_wait.avg{*}",tasktype:cancel_hotel_booking,2025-01-21T03:06:52.000Z,18
"sum:task_queue_wait.avg{*}",tasktype:cancel_hotel_booking,2025-01-21T03:06:54.000Z,0
"sum:task_queue_wait.avg{*}",tasktype:cancel_hotel_booking,2025-01-21T03:06:56.000Z,86.5
"sum:task_queue_wait.avg{*}",tasktype:cancel_hotel_booking,2025-01-21T03:06:58.000Z,5.25
"sum:task_queue_wait.avg{*}",tasktype:cancel_hotel_booking,2025-01-21T03:07:00.000Z,0
"sum:task_queue_wait.avg{*}",tasktype:cancel_hotel_booking,2025-01-21T03:07:02.000Z,46.5
"sum:task_queue_wait.avg{*}",tasktype:cancel_hotel_booking,2025-01-21T03:07:04.000Z,0
"sum:task_queue_wait.avg{*}",tasktype:cancel_hotel_booking,2025-01-21T03:07:06.000Z,93.5
"sum:task_queue_wait.avg{*}",tasktype:cancel_hotel_booking,2025-01-21T03:07:08.000Z,565.25
"sum:task_queue_wait.avg{*}",tasktype:cancel_hotel_booking,2025-01-21T03:07:10.000Z,2.5
"sum:task_queue_wait.avg{*}",tasktype:cancel_hotel_booking,2025-01-21T03:07:12.000Z,0
"sum:task_queue_wait.avg{*}",tasktype:cancel_hotel_booking,2025-01-21T03:07:14.000Z,40.75
"sum:task_queue_wait.avg{*}",tasktype:cancel_hotel_booking,2025-01-21T03:07:16.000Z,0
"sum:task_queue_wait.avg{*}",tasktype:cancel_hotel_booking,2025-01-21T03:07:18.000Z,31
"sum:task_queue_wait.avg{*}",tasktype:cancel_hotel_booking,2025-01-21T03:07:20.000Z,0
"sum:task_queue_wait.avg{*}",tasktype:cancel_hotel_booking,2025-01-21T03:07:22.000Z,0
"sum:task_queue_wait.avg{*}",tasktype:cancel_hotel_booking,2025-01-21T03:07:24.000Z,60.5
"sum:task_queue_wait.avg{*}",tasktype:cancel_hotel_booking,2025-01-21T03:07:26.000Z,564
"sum:task_queue_wait.avg{*}",tasktype:cancel_hotel_booking,2025-01-21T03:07:28.000Z,523
"sum:task_queue_wait.avg{*}",tasktype:cancel_hotel_booking,2025-01-21T03:07:30.000Z,0
"sum:task_queue_wait.avg{*}",tasktype:cancel_hotel_booking,2025-01-21T03:07:32.000Z,48
"sum:task_queue_wait.avg{*}",tasktype:cancel_hotel_booking,2025-01-21T03:07:34.000Z,0
"sum:task_queue_wait.avg{*}",tasktype:cancel_hotel_booking,2025-01-21T03:07:36.000Z,0
"sum:task_queue_wait.avg{*}",tasktype:cancel_hotel_booking,2025-01-21T03:07:38.000Z,0
"sum:task_queue_wait.avg{*}",tasktype:cancel_hotel_booking,2025-01-21T03:07:40.000Z,51
"sum:task_queue_wait.avg{*}",tasktype:cancel_hotel_booking,2025-01-21T03:07:42.000Z,99.5
"sum:task_queue_wait.avg{*}",tasktype:cancel_hotel_booking,2025-01-21T03:07:44.000Z,0
"sum:task_queue_wait.avg{*}",tasktype:cancel_hotel_booking,2025-01-21T03:07:46.000Z,25.5
"sum:task_queue_wait.avg{*}",tasktype:cancel_hotel_booking,2025-01-21T03:07:48.000Z,26.5
"sum:task_queue_wait.avg{*}",tasktype:cancel_hotel_booking,2025-01-21T03:07:50.000Z,40
"sum:task_queue_wait.avg{*}",tasktype:cancel_hotel_booking,2025-01-21T03:07:52.000Z,0
"sum:task_queue_wait.avg{*}",tasktype:cancel_hotel_booking,2025-01-21T03:07:54.000Z,0
"sum:task_queue_wait.avg{*}",tasktype:cancel_hotel_booking,2025-01-21T03:07:56.000Z,0
"sum:task_queue_wait.avg{*}",tasktype:cancel_hotel_booking,2025-01-21T03:07:58.000Z,0
"sum:task_queue_wait.avg{*}",tasktype:cancel_hotel_booking,2025-01-21T03:08:00.000Z,0
"sum:task_queue_wait.avg{*}",tasktype:cancel_hotel_booking,2025-01-21T03:08:02.000Z,0
"sum:task_queue_wait.avg{*}",tasktype:cancel_hotel_booking,2025-01-21T03:08:04.000Z,48
"sum:task_queue_wait.avg{*}",tasktype:cancel_hotel_booking,2025-01-21T03:08:06.000Z,0
"sum:task_queue_wait.avg{*}",tasktype:cancel_hotel_booking,2025-01-21T03:08:08.000Z,31
"sum:task_queue_wait.avg{*}",tasktype:cancel_hotel_booking,2025-01-21T03:08:10.000Z,101.5
"sum:task_queue_wait.avg{*}",tasktype:cancel_hotel_booking,2025-01-21T03:08:12.000Z,86
"sum:task_queue_wait.avg{*}",tasktype:cancel_hotel_booking,2025-01-21T03:08:14.000Z,0
"sum:task_queue_wait.avg{*}",tasktype:cancel_hotel_booking,2025-01-21T03:08:16.000Z,17.5
"sum:task_queue_wait.avg{*}",tasktype:cancel_hotel_booking,2025-01-21T03:08:18.000Z,11.5
"sum:task_queue_wait.avg{*}",tasktype:cancel_hotel_booking,2025-01-21T03:08:20.000Z,0
"sum:task_queue_wait.avg{*}",tasktype:cancel_hotel_booking,2025-01-21T03:08:22.000Z,0
"sum:task_queue_wait.avg{*}",tasktype:cancel_hotel_booking,2025-01-21T03:08:24.000Z,0
"sum:task_queue_wait.avg{*}",tasktype:cancel_hotel_booking,2025-01-21T03:08:26.000Z,0
"sum:task_queue_wait.avg{*}",tasktype:cancel_hotel_booking,2025-01-21T03:08:28.000Z,0
"sum:task_queue_wait.avg{*}",tasktype:cancel_hotel_booking,2025-01-21T03:08:30.000Z,0
"sum:task_queue_wait.avg{*}",tasktype:cancel_hotel_booking,2025-01-21T03:08:32.000Z,38.5
"sum:task_queue_wait.avg{*}",tasktype:cancel_hotel_booking,2025-01-21T03:08:34.000Z,4.5
"sum:task_queue_wait.avg{*}",tasktype:cancel_hotel_booking,2025-01-21T03:08:36.000Z,45
"sum:task_queue_wait.avg{*}",tasktype:cancel_hotel_booking,2025-01-21T03:08:38.000Z,603
"sum:task_queue_wait.avg{*}",tasktype:cancel_hotel_booking,2025-01-21T03:08:40.000Z,0
"sum:task_queue_wait.avg{*}",tasktype:cancel_hotel_booking,2025-01-21T03:08:42.000Z,46
"sum:task_queue_wait.avg{*}",tasktype:cancel_hotel_booking,2025-01-21T03:08:44.000Z,108.75
"sum:task_queue_wait.avg{*}",tasktype:cancel_hotel_booking,2025-01-21T03:08:46.000Z,0
"sum:task_queue_wait.avg{*}",tasktype:cancel_hotel_booking,2025-01-21T03:08:48.000Z,0
"sum:task_queue_wait.avg{*}",tasktype:cancel_hotel_booking,2025-01-21T03:08:50.000Z,0
"sum:task_queue_wait.avg{*}",tasktype:cancel_hotel_booking,2025-01-21T03:08:52.000Z,84
"sum:task_queue_wait.avg{*}",tasktype:cancel_hotel_booking,2025-01-21T03:08:54.000Z,0
"sum:task_queue_wait.avg{*}",tasktype:cancel_hotel_booking,2025-01-21T03:08:56.000Z,83.5
"sum:task_queue_wait.avg{*}",tasktype:cancel_hotel_booking,2025-01-21T03:08:58.000Z,16
"sum:task_queue_wait.avg{*}",tasktype:cancel_hotel_booking,2025-01-21T03:09:00.000Z,0
"sum:task_queue_wait.avg{*}",tasktype:cancel_hotel_booking,2025-01-21T03:09:02.000Z,0
"sum:task_queue_wait.avg{*}",tasktype:cancel_hotel_booking,2025-01-21T03:09:04.000Z,68
"sum:task_queue_wait.avg{*}",tasktype:cancel_hotel_booking,2025-01-21T03:09:06.000Z,99.5
"sum:task_queue_wait.avg{*}",tasktype:cancel_hotel_booking,2025-01-21T03:09:08.000Z,39.5
"sum:task_queue_wait.avg{*}",tasktype:cancel_hotel_booking,2025-01-21T03:09:10.000Z,0
"sum:task_queue_wait.avg{*}",tasktype:cancel_hotel_booking,2025-01-21T03:09:12.000Z,12
"sum:task_queue_wait.avg{*}",tasktype:cancel_hotel_booking,2025-01-21T03:09:14.000Z,54
"sum:task_queue_wait.avg{*}",tasktype:cancel_hotel_booking,2025-01-21T03:09:16.000Z,0
"sum:task_queue_wait.avg{*}",tasktype:cancel_hotel_booking,2025-01-21T03:09:18.000Z,0
"sum:task_queue_wait.avg{*}",tasktype:cancel_hotel_booking,2025-01-21T03:09:20.000Z,48.5
"sum:task_queue_wait.avg{*}",tasktype:cancel_hotel_booking,2025-01-21T03:09:22.000Z,0
"sum:task_queue_wait.avg{*}",tasktype:cancel_hotel_booking,2025-01-21T03:09:24.000Z,2.5
"sum:task_queue_wait.avg{*}",tasktype:cancel_hotel_booking,2025-01-21T03:09:26.000Z,99.75
"sum:task_queue_wait.avg{*}",tasktype:cancel_hotel_booking,2025-01-21T03:09:28.000Z,97.5
"sum:task_queue_wait.avg{*}",tasktype:cancel_hotel_booking,2025-01-21T03:09:30.000Z,0
"sum:task_queue_wait.avg{*}",tasktype:cancel_hotel_booking,2025-01-21T03:09:32.000Z,0
"sum:task_queue_wait.avg{*}",tasktype:cancel_hotel_booking,2025-01-21T03:09:34.000Z,0
"sum:task_queue_wait.avg{*}",tasktype:cancel_hotel_booking,2025-01-21T03:09:36.000Z,0
"sum:task_queue_wait.avg{*}",tasktype:cancel_hotel_booking,2025-01-21T03:09:38.000Z,70.5
"sum:task_queue_wait.avg{*}",tasktype:cancel_hotel_booking,2025-01-21T03:09:40.000Z,3.5
"sum:task_queue_wait.avg{*}",tasktype:cancel_hotel_booking,2025-01-21T03:09:42.000Z,81.5
"sum:task_queue_wait.avg{*}",tasktype:cancel_hotel_booking,2025-01-21T03:09:44.000Z,22.333333
"sum:task_queue_wait.avg{*}",tasktype:cancel_hotel_booking,2025-01-21T03:09:46.000Z,91
"sum:task_queue_wait.avg{*}",tasktype:cancel_hotel_booking,2025-01-21T03:09:48.000Z,577.5
"sum:task_queue_wait.avg{*}",tasktype:cancel_hotel_booking,2025-01-21T03:09:50.000Z,73.5
"sum:task_queue_wait.avg{*}",tasktype:cancel_hotel_booking,2025-01-21T03:09:52.000Z,0
"sum:task_queue_wait.avg{*}",tasktype:cancel_hotel_booking,2025-01-21T03:09:54.000Z,29
"sum:task_queue_wait.avg{*}",tasktype:cancel_hotel_booking,2025-01-21T03:09:56.000Z,103
"sum:task_queue_wait.avg{*}",tasktype:cancel_hotel_booking,2025-01-21T03:09:58.000Z,18.5
"sum:task_queue_wait.avg{*}",tasktype:cancel_hotel_booking,2025-01-21T03:10:00.000Z,0
"sum:task_queue_wait.avg{*}",tasktype:cancel_hotel_booking,2025-01-21T03:10:02.000Z,7
"sum:task_queue_wait.avg{*}",tasktype:cancel_hotel_booking,2025-01-21T03:10:04.000Z,0
"sum:task_queue_wait.avg{*}",tasktype:cancel_hotel_booking,2025-01-21T03:10:06.000Z,0
"sum:task_queue_wait.avg{*}",tasktype:cancel_hotel_booking,2025-01-21T03:10:08.000Z,0
"sum:task_queue_wait.avg{*}",tasktype:cancel_hotel_booking,2025-01-21T03:10:10.000Z,55
"sum:task_queue_wait.avg{*}",tasktype:cancel_hotel_booking,2025-01-21T03:10:12.000Z,5.5
"sum:task_queue_wait.avg{*}",tasktype:cancel_hotel_booking,2025-01-21T03:10:14.000Z,0
"sum:task_queue_wait.avg{*}",tasktype:cancel_hotel_booking,2025-01-21T03:10:16.000Z,0
"sum:task_queue_wait.avg{*}",tasktype:cancel_hotel_booking,2025-01-21T03:10:18.000Z,93
"sum:task_queue_wait.avg{*}",tasktype:cancel_hotel_booking,2025-01-21T03:10:20.000Z,540.5
"sum:task_queue_wait.avg{*}",tasktype:cancel_hotel_booking,2025-01-21T03:10:22.000Z,108.5
"sum:task_queue_wait.avg{*}",tasktype:cancel_hotel_booking,2025-01-21T03:10:24.000Z,0
"sum:task_queue_wait.avg{*}",tasktype:cancel_hotel_booking,2025-01-21T03:10:26.000Z,0
"sum:task_queue_wait.avg{*}",tasktype:cancel_hotel_booking,2025-01-21T03:10:28.000Z,0
"sum:task_queue_wait.avg{*}",tasktype:cancel_hotel_booking,2025-01-21T03:10:30.000Z,51
"sum:task_queue_wait.avg{*}",tasktype:cancel_hotel_booking,2025-01-21T03:10:32.000Z,0
"sum:task_queue_wait.avg{*}",tasktype:cancel_hotel_booking,2025-01-21T03:10:34.000Z,0
"sum:task_queue_wait.avg{*}",tasktype:cancel_hotel_booking,2025-01-21T03:10:36.000Z,34
"sum:task_queue_wait.avg{*}",tasktype:cancel_hotel_booking,2025-01-21T03:10:38.000Z,96.5
"sum:task_queue_wait.avg{*}",tasktype:cancel_hotel_booking,2025-01-21T03:10:40.000Z,0
"sum:task_queue_wait.avg{*}",tasktype:cancel_hotel_booking,2025-01-21T03:10:42.000Z,0
"sum:task_queue_wait.avg{*}",tasktype:cancel_hotel_booking,2025-01-21T03:10:44.000Z,0
"sum:task_queue_wait.avg{*}",tasktype:cancel_hotel_booking,2025-01-21T03:10:46.000Z,0
"sum:task_queue_wait.avg{*}",tasktype:cancel_hotel_booking,2025-01-21T03:10:48.000Z,0
"sum:task_queue_wait.avg{*}",tasktype:cancel_hotel_booking,2025-01-21T03:10:50.000Z,7.5
"sum:task_queue_wait.avg{*}",tasktype:cancel_hotel_booking,2025-01-21T03:10:52.000Z,0
"sum:task_queue_wait.avg{*}",tasktype:cancel_hotel_booking,2025-01-21T03:10:54.000Z,32.25
"sum:task_queue_wait.avg{*}",tasktype:cancel_hotel_booking,2025-01-21T03:10:56.000Z,0
"sum:task_queue_wait.avg{*}",tasktype:cancel_hotel_booking,2025-01-21T03:10:58.000Z,17.5
"sum:task_queue_wait.avg{*}",tasktype:cancel_hotel_booking,2025-01-21T03:11:00.000Z,106.25
"sum:task_queue_wait.avg{*}",tasktype:cancel_hotel_booking,2025-01-21T03:11:02.000Z,0
"sum:task_queue_wait.avg{*}",tasktype:cancel_hotel_booking,2025-01-21T03:11:04.000Z,11.5
"sum:task_queue_wait.avg{*}",tasktype:cancel_hotel_booking,2025-01-21T03:11:06.000Z,0
"sum:task_queue_wait.avg{*}",tasktype:cancel_hotel_booking,2025-01-21T03:11:08.000Z,0
"sum:task_queue_wait.avg{*}",tasktype:cancel_hotel_booking,2025-01-21T03:11:10.000Z,0
"sum:task_queue_wait.avg{*}",tasktype:cancel_hotel_booking,2025-01-21T03:11:12.000Z,0
"sum:task_queue_wait.avg{*}",tasktype:cancel_hotel_booking,2025-01-21T03:11:14.000Z,0
"sum:task_queue_wait.avg{*}",tasktype:cancel_hotel_booking,2025-01-21T03:11:16.000Z,0
"sum:task_queue_wait.avg{*}",tasktype:cancel_hotel_booking,2025-01-21T03:11:18.000Z,0
"sum:task_queue_wait.avg{*}",tasktype:cancel_hotel_booking,2025-01-21T03:11:20.000Z,0
"sum:task_queue_wait.avg{*}",tasktype:cancel_hotel_booking,2025-01-21T03:11:22.000Z,0
"sum:task_queue_wait.avg{*}",tasktype:cancel_hotel_booking,2025-01-21T03:11:24.000Z,0
"sum:task_queue_wait.avg{*}",tasktype:cancel_hotel_booking,2025-01-21T03:11:26.000Z,0
"sum:task_queue_wait.avg{*}",tasktype:cancel_hotel_booking,2025-01-21T03:11:28.000Z,0
"sum:task_queue_wait.avg{*}",tasktype:cancel_hotel_booking,2025-01-21T03:11:30.000Z,0
"sum:task_queue_wait.avg{*}",tasktype:book_flight,2025-01-21T03:06:04.000Z,61.5
"sum:task_queue_wait.avg{*}",tasktype:book_flight,2025-01-21T03:06:06.000Z,1213.3
"sum:task_queue_wait.avg{*}",tasktype:book_flight,2025-01-21T03:06:08.000Z,1874.5
"sum:task_queue_wait.avg{*}",tasktype:book_flight,2025-01-21T03:06:10.000Z,6062.5
"sum:task_queue_wait.avg{*}",tasktype:book_flight,2025-01-21T03:06:12.000Z,7774.866667
"sum:task_queue_wait.avg{*}",tasktype:book_flight,2025-01-21T03:06:14.000Z,9934
"sum:task_queue_wait.avg{*}",tasktype:book_flight,2025-01-21T03:06:16.000Z,5893.5
"sum:task_queue_wait.avg{*}",tasktype:book_flight,2025-01-21T03:06:18.000Z,7233.2
"sum:task_queue_wait.avg{*}",tasktype:book_flight,2025-01-21T03:06:20.000Z,15830.5
"sum:task_queue_wait.avg{*}",tasktype:book_flight,2025-01-21T03:06:22.000Z,8907.5
"sum:task_queue_wait.avg{*}",tasktype:book_flight,2025-01-21T03:06:24.000Z,19453.625
"sum:task_queue_wait.avg{*}",tasktype:book_flight,2025-01-21T03:06:26.000Z,21816.4
"sum:task_queue_wait.avg{*}",tasktype:book_flight,2025-01-21T03:06:28.000Z,23763.857143
"sum:task_queue_wait.avg{*}",tasktype:book_flight,2025-01-21T03:06:30.000Z,0
"sum:task_queue_wait.avg{*}",tasktype:book_flight,2025-01-21T03:06:32.000Z,12355.083333
"sum:task_queue_wait.avg{*}",tasktype:book_flight,2025-01-21T03:06:34.000Z,13075.875
"sum:task_queue_wait.avg{*}",tasktype:book_flight,2025-01-21T03:06:36.000Z,29191.25
"sum:task_queue_wait.avg{*}",tasktype:book_flight,2025-01-21T03:06:38.000Z,14926
"sum:task_queue_wait.avg{*}",tasktype:book_flight,2025-01-21T03:06:40.000Z,32501.25
"sum:task_queue_wait.avg{*}",tasktype:book_flight,2025-01-21T03:06:42.000Z,17630
"sum:task_queue_wait.avg{*}",tasktype:book_flight,2025-01-21T03:06:44.000Z,18180.833333
"sum:task_queue_wait.avg{*}",tasktype:book_flight,2025-01-21T03:06:46.000Z,39027
"sum:task_queue_wait.avg{*}",tasktype:book_flight,2025-01-21T03:06:48.000Z,40769
"sum:task_queue_wait.avg{*}",tasktype:book_flight,2025-01-21T03:06:50.000Z,21496.8
"sum:task_queue_wait.avg{*}",tasktype:book_flight,2025-01-21T03:06:52.000Z,22604.5
"sum:task_queue_wait.avg{*}",tasktype:book_flight,2025-01-21T03:06:54.000Z,23123
"sum:task_queue_wait.avg{*}",tasktype:book_flight,2025-01-21T03:06:56.000Z,48639.107143
"sum:task_queue_wait.avg{*}",tasktype:book_flight,2025-01-21T03:06:58.000Z,49915.75
"sum:task_queue_wait.avg{*}",tasktype:book_flight,2025-01-21T03:07:00.000Z,0
"sum:task_queue_wait.avg{*}",tasktype:book_flight,2025-01-21T03:07:02.000Z,53604
"sum:task_queue_wait.avg{*}",tasktype:book_flight,2025-01-21T03:07:04.000Z,55109.9
"sum:task_queue_wait.avg{*}",tasktype:book_flight,2025-01-21T03:07:06.000Z,28197.5
"sum:task_queue_wait.avg{*}",tasktype:book_flight,2025-01-21T03:07:08.000Z,59285.5
"sum:task_queue_wait.avg{*}",tasktype:book_flight,2025-01-21T03:07:10.000Z,30980
"sum:task_queue_wait.avg{*}",tasktype:book_flight,2025-01-21T03:07:12.000Z,31518
"sum:task_queue_wait.avg{*}",tasktype:book_flight,2025-01-21T03:07:14.000Z,65101.722222
"sum:task_queue_wait.avg{*}",tasktype:book_flight,2025-01-21T03:07:16.000Z,33468
"sum:task_queue_wait.avg{*}",tasktype:book_flight,2025-01-21T03:07:18.000Z,69110.944444
"sum:task_queue_wait.avg{*}",tasktype:book_flight,2025-01-21T03:07:20.000Z,0
"sum:task_queue_wait.avg{*}",tasktype:book_flight,2025-01-21T03:07:22.000Z,36076.083333
"sum:task_queue_wait.avg{*}",tasktype:book_flight,2025-01-21T03:07:24.000Z,73857.5
"sum:task_queue_wait.avg{*}",tasktype:book_flight,2025-01-21T03:07:26.000Z,37705.5
"sum:task_queue_wait.avg{*}",tasktype:book_flight,2025-01-21T03:07:28.000Z,38806.5
"sum:task_queue_wait.avg{*}",tasktype:book_flight,2025-01-21T03:07:30.000Z,39875
"sum:task_queue_wait.avg{*}",tasktype:book_flight,2025-01-21T03:07:32.000Z,81332.166667
"sum:task_queue_wait.avg{*}",tasktype:book_flight,2025-01-21T03:07:34.000Z,41970
"sum:task_queue_wait.avg{*}",tasktype:book_flight,2025-01-21T03:07:36.000Z,43088.083333
"sum:task_queue_wait.avg{*}",tasktype:book_flight,2025-01-21T03:07:38.000Z,44225.5
"sum:task_queue_wait.avg{*}",tasktype:book_flight,2025-01-21T03:07:40.000Z,0
"sum:task_queue_wait.avg{*}",tasktype:book_flight,2025-01-21T03:07:42.000Z,45270.166667
"sum:task_queue_wait.avg{*}",tasktype:book_flight,2025-01-21T03:07:44.000Z,93233.9
"sum:task_queue_wait.avg{*}",tasktype:book_flight,2025-01-21T03:07:46.000Z,48092.583333
"sum:task_queue_wait.avg{*}",tasktype:book_flight,2025-01-21T03:07:48.000Z,97182.166667
"sum:task_queue_wait.avg{*}",tasktype:book_flight,2025-01-21T03:07:50.000Z,50108.5
"sum:task_queue_wait.avg{*}",tasktype:book_flight,2025-01-21T03:07:52.000Z,50725
"sum:task_queue_wait.avg{*}",tasktype:book_flight,2025-01-21T03:07:54.000Z,51313.5
"sum:task_queue_wait.avg{*}",tasktype:book_flight,2025-01-21T03:07:56.000Z,0
"sum:task_queue_wait.avg{*}",tasktype:book_flight,2025-01-21T03:07:58.000Z,52936.7
"sum:task_queue_wait.avg{*}",tasktype:book_flight,2025-01-21T03:08:00.000Z,54113.5
"sum:task_queue_wait.avg{*}",tasktype:book_flight,2025-01-21T03:08:02.000Z,55245.1
"sum:task_queue_wait.avg{*}",tasktype:book_flight,2025-01-21T03:08:04.000Z,112119.7
"sum:task_queue_wait.avg{*}",tasktype:book_flight,2025-01-21T03:08:06.000Z,0
"sum:task_queue_wait.avg{*}",tasktype:book_flight,2025-01-21T03:08:08.000Z,0
"sum:task_queue_wait.avg{*}",tasktype:book_flight,2025-01-21T03:08:10.000Z,117537.333333
"sum:task_queue_wait.avg{*}",tasktype:book_flight,2025-01-21T03:08:12.000Z,119757.4
"sum:task_queue_wait.avg{*}",tasktype:book_flight,2025-01-21T03:08:14.000Z,61290.5
"sum:task_queue_wait.avg{*}",tasktype:book_flight,2025-01-21T03:08:16.000Z,62339.75
"sum:task_queue_wait.avg{*}",tasktype:book_flight,2025-01-21T03:08:18.000Z,125864
"sum:task_queue_wait.avg{*}",tasktype:book_flight,2025-01-21T03:08:20.000Z,63790
"sum:task_queue_wait.avg{*}",tasktype:book_flight,2025-01-21T03:08:22.000Z,65171.875
"sum:task_queue_wait.avg{*}",tasktype:book_flight,2025-01-21T03:08:24.000Z,66272.5
"sum:task_queue_wait.avg{*}",tasktype:book_flight,2025-01-21T03:08:26.000Z,67304
"sum:task_queue_wait.avg{*}",tasktype:book_flight,2025-01-21T03:08:28.000Z,135782.25
"sum:task_queue_wait.avg{*}",tasktype:book_flight,2025-01-21T03:08:30.000Z,0
"sum:task_queue_wait.avg{*}",tasktype:book_flight,2025-01-21T03:08:32.000Z,70101
"sum:task_queue_wait.avg{*}",tasktype:book_flight,2025-01-21T03:08:34.000Z,70334.5
"sum:task_queue_wait.avg{*}",tasktype:book_flight,2025-01-21T03:08:36.000Z,71416.5
"sum:task_queue_wait.avg{*}",tasktype:book_flight,2025-01-21T03:08:38.000Z,144418.75
"sum:task_queue_wait.avg{*}",tasktype:book_flight,2025-01-21T03:08:40.000Z,146570.25
"sum:task_queue_wait.avg{*}",tasktype:book_flight,2025-01-21T03:08:42.000Z,148130.416667
"sum:task_queue_wait.avg{*}",tasktype:book_flight,2025-01-21T03:08:44.000Z,150261.5
"sum:task_queue_wait.avg{*}",tasktype:book_flight,2025-01-21T03:08:46.000Z,151707.166667
"sum:task_queue_wait.avg{*}",tasktype:book_flight,2025-01-21T03:08:48.000Z,0
"sum:task_queue_wait.avg{*}",tasktype:book_flight,2025-01-21T03:08:50.000Z,77783.1875
"sum:task_queue_wait.avg{*}",tasktype:book_flight,2025-01-21T03:08:52.000Z,79456.5
"sum:task_queue_wait.avg{*}",tasktype:book_flight,2025-01-21T03:08:54.000Z,79459.5
"sum:task_queue_wait.avg{*}",tasktype:book_flight,2025-01-21T03:08:56.000Z,161304.388889
"sum:task_queue_wait.avg{*}",tasktype:book_flight,2025-01-21T03:08:58.000Z,81459.833333
"sum:task_queue_wait.avg{*}",tasktype:book_flight,2025-01-21T03:09:00.000Z,165523.5
"sum:task_queue_wait.avg{*}",tasktype:book_flight,2025-01-21T03:09:02.000Z,82937.5
"sum:task_queue_wait.avg{*}",tasktype:book_flight,2025-01-21T03:09:04.000Z,84543.666667
"sum:task_queue_wait.avg{*}",tasktype:book_flight,2025-01-21T03:09:06.000Z,85654
"sum:task_queue_wait.avg{*}",tasktype:book_flight,2025-01-21T03:09:08.000Z,172932
"sum:task_queue_wait.avg{*}",tasktype:book_flight,2025-01-21T03:09:10.000Z,86783
"sum:task_queue_wait.avg{*}",tasktype:book_flight,2025-01-21T03:09:12.000Z,87911.833333
"sum:task_queue_wait.avg{*}",tasktype:book_flight,2025-01-21T03:09:14.000Z,89014
"sum:task_queue_wait.avg{*}",tasktype:book_flight,2025-01-21T03:09:16.000Z,180694
"sum:task_queue_wait.avg{*}",tasktype:book_flight,2025-01-21T03:09:18.000Z,90741
"sum:task_queue_wait.avg{*}",tasktype:book_flight,2025-01-21T03:09:20.000Z,91827.333333
"sum:task_queue_wait.avg{*}",tasktype:book_flight,2025-01-21T03:09:22.000Z,92893
"sum:task_queue_wait.avg{*}",tasktype:book_flight,2025-01-21T03:09:24.000Z,93786.4375
"sum:task_queue_wait.avg{*}",tasktype:book_flight,2025-01-21T03:09:26.000Z,94071.8
"sum:task_queue_wait.avg{*}",tasktype:book_flight,2025-01-21T03:09:28.000Z,95197.833333
"sum:task_queue_wait.avg{*}",tasktype:book_flight,2025-01-21T03:09:30.000Z,96771.5
"sum:task_queue_wait.avg{*}",tasktype:book_flight,2025-01-21T03:09:32.000Z,0
"sum:task_queue_wait.avg{*}",tasktype:book_flight,2025-01-21T03:09:34.000Z,98313.5
"sum:task_queue_wait.avg{*}",tasktype:book_flight,2025-01-21T03:09:36.000Z,198921.85
"sum:task_queue_wait.avg{*}",tasktype:book_flight,2025-01-21T03:09:38.000Z,0
"sum:task_queue_wait.avg{*}",tasktype:book_flight,2025-01-21T03:09:40.000Z,101159.5
"sum:task_queue_wait.avg{*}",tasktype:book_flight,2025-01-21T03:09:42.000Z,205064.3125
"sum:task_queue_wait.avg{*}",tasktype:book_flight,2025-01-21T03:09:44.000Z,206658.916667
"sum:task_queue_wait.avg{*}",tasktype:book_flight,2025-01-21T03:09:46.000Z,104857.5
"sum:task_queue_wait.avg{*}",tasktype:book_flight,2025-01-21T03:09:48.000Z,105430
"sum:task_queue_wait.avg{*}",tasktype:book_flight,2025-01-21T03:09:50.000Z,211629.014286
"sum:task_queue_wait.avg{*}",tasktype:book_flight,2025-01-21T03:09:52.000Z,105871
"sum:task_queue_wait.avg{*}",tasktype:book_flight,2025-01-21T03:09:54.000Z,106909
"sum:task_queue_wait.avg{*}",tasktype:book_flight,2025-01-21T03:09:56.000Z,108473.5
"sum:task_queue_wait.avg{*}",tasktype:book_flight,2025-01-21T03:09:58.000Z,109136.6
"sum:task_queue_wait.avg{*}",tasktype:book_flight,2025-01-21T03:10:00.000Z,221005.5
"sum:task_queue_wait.avg{*}",tasktype:book_flight,2025-01-21T03:10:02.000Z,222731
"sum:task_queue_wait.avg{*}",tasktype:book_flight,2025-01-21T03:10:04.000Z,112090
"sum:task_queue_wait.avg{*}",tasktype:book_flight,2025-01-21T03:10:06.000Z,226848.375
"sum:task_queue_wait.avg{*}",tasktype:book_flight,2025-01-21T03:10:08.000Z,228168
"sum:task_queue_wait.avg{*}",tasktype:book_flight,2025-01-21T03:10:10.000Z,114887
"sum:task_queue_wait.avg{*}",tasktype:book_flight,2025-01-21T03:10:12.000Z,115964.5
"sum:task_queue_wait.avg{*}",tasktype:book_flight,2025-01-21T03:10:14.000Z,117509
"sum:task_queue_wait.avg{*}",tasktype:book_flight,2025-01-21T03:10:16.000Z,118636.375
"sum:task_queue_wait.avg{*}",tasktype:book_flight,2025-01-21T03:10:18.000Z,238123.5
"sum:task_queue_wait.avg{*}",tasktype:book_flight,2025-01-21T03:10:20.000Z,119525.214286
"sum:task_queue_wait.avg{*}",tasktype:book_flight,2025-01-21T03:10:22.000Z,241727
"sum:task_queue_wait.avg{*}",tasktype:book_flight,2025-01-21T03:10:24.000Z,121632.5
"sum:task_queue_wait.avg{*}",tasktype:book_flight,2025-01-21T03:10:26.000Z,122170
"sum:task_queue_wait.avg{*}",tasktype:book_flight,2025-01-21T03:10:28.000Z,246950.75
"sum:task_queue_wait.avg{*}",tasktype:book_flight,2025-01-21T03:10:30.000Z,124802
"sum:task_queue_wait.avg{*}",tasktype:book_flight,2025-01-21T03:10:32.000Z,251106.9
"sum:task_queue_wait.avg{*}",tasktype:book_flight,2025-01-21T03:10:34.000Z,126197.5
"sum:task_queue_wait.avg{*}",tasktype:book_flight,2025-01-21T03:10:36.000Z,255000.5
"sum:task_queue_wait.avg{*}",tasktype:book_flight,2025-01-21T03:10:38.000Z,128818
"sum:task_queue_wait.avg{*}",tasktype:book_flight,2025-01-21T03:10:40.000Z,259326.833333
"sum:task_queue_wait.avg{*}",tasktype:book_flight,2025-01-21T03:10:42.000Z,130487.5
"sum:task_queue_wait.avg{*}",tasktype:book_flight,2025-01-21T03:10:44.000Z,131534
"sum:task_queue_wait.avg{*}",tasktype:book_flight,2025-01-21T03:10:46.000Z,132657.5
"sum:task_queue_wait.avg{*}",tasktype:book_flight,2025-01-21T03:10:48.000Z,133202.25
"sum:task_queue_wait.avg{*}",tasktype:book_flight,2025-01-21T03:10:50.000Z,134865.75
"sum:task_queue_wait.avg{*}",tasktype:book_flight,2025-01-21T03:10:52.000Z,271589
"sum:task_queue_wait.avg{*}",tasktype:book_flight,2025-01-21T03:10:54.000Z,0
"sum:task_queue_wait.avg{*}",tasktype:book_flight,2025-01-21T03:10:56.000Z,0
"sum:task_queue_wait.avg{*}",tasktype:book_flight,2025-01-21T03:10:58.000Z,0
"sum:task_queue_wait.avg{*}",tasktype:book_flight,2025-01-21T03:11:00.000Z,0
"sum:task_queue_wait.avg{*}",tasktype:book_flight,2025-01-21T03:11:02.000Z,0
"sum:task_queue_wait.avg{*}",tasktype:book_flight,2025-01-21T03:11:04.000Z,0
"sum:task_queue_wait.avg{*}",tasktype:book_flight,2025-01-21T03:11:06.000Z,0
"sum:task_queue_wait.avg{*}",tasktype:book_flight,2025-01-21T03:11:08.000Z,0
"sum:task_queue_wait.avg{*}",tasktype:book_flight,2025-01-21T03:11:10.000Z,0
"sum:task_queue_wait.avg{*}",tasktype:book_flight,2025-01-21T03:11:12.000Z,0
"sum:task_queue_wait.avg{*}",tasktype:book_flight,2025-01-21T03:11:14.000Z,0
"sum:task_queue_wait.avg{*}",tasktype:book_flight,2025-01-21T03:11:16.000Z,0
"sum:task_queue_wait.avg{*}",tasktype:book_flight,2025-01-21T03:11:18.000Z,0
"sum:task_queue_wait.avg{*}",tasktype:book_flight,2025-01-21T03:11:20.000Z,0
"sum:task_queue_wait.avg{*}",tasktype:book_flight,2025-01-21T03:11:22.000Z,0
"sum:task_queue_wait.avg{*}",tasktype:book_flight,2025-01-21T03:11:24.000Z,0
"sum:task_queue_wait.avg{*}",tasktype:book_flight,2025-01-21T03:11:26.000Z,0
"sum:task_queue_wait.avg{*}",tasktype:book_flight,2025-01-21T03:11:28.000Z,0
"sum:task_queue_wait.avg{*}",tasktype:book_flight,2025-01-21T03:11:30.000Z,0
