query,group,time,value
"avg:container.net.sent{container_name:server-hotel OR container_name:server-flight OR container_name:conductor-server}",container_name:conductor-server,2025-01-20T02:12:53.000Z,41345.874566
"avg:container.net.sent{container_name:server-hotel OR container_name:server-flight OR container_name:conductor-server}",container_name:conductor-server,2025-01-20T02:13:08.000Z,41292.03207
"avg:container.net.sent{container_name:server-hotel OR container_name:server-flight OR container_name:conductor-server}",container_name:conductor-server,2025-01-20T02:13:23.000Z,55158.771889
"avg:container.net.sent{container_name:server-hotel OR container_name:server-flight OR container_name:conductor-server}",container_name:conductor-server,2025-01-20T02:13:38.000Z,54388.256509
"avg:container.net.sent{container_name:server-hotel OR container_name:server-flight OR container_name:conductor-server}",container_name:conductor-server,2025-01-20T02:13:53.000Z,54566.54534
"avg:container.net.sent{container_name:server-hotel OR container_name:server-flight OR container_name:conductor-server}",container_name:conductor-server,2025-01-20T02:14:08.000Z,54492.905959
"avg:container.net.sent{container_name:server-hotel OR container_name:server-flight OR container_name:conductor-server}",container_name:conductor-server,2025-01-20T02:14:23.000Z,591862.302636
"avg:container.net.sent{container_name:server-hotel OR container_name:server-flight OR container_name:conductor-server}",container_name:conductor-server,2025-01-20T02:14:38.000Z,644269.071298
"avg:container.net.sent{container_name:server-hotel OR container_name:server-flight OR container_name:conductor-server}",container_name:conductor-server,2025-01-20T02:14:53.000Z,384409.328549
"avg:container.net.sent{container_name:server-hotel OR container_name:server-flight OR container_name:conductor-server}",container_name:conductor-server,2025-01-20T02:15:08.000Z,499201.836476
"avg:container.net.sent{container_name:server-hotel OR container_name:server-flight OR container_name:conductor-server}",container_name:conductor-server,2025-01-20T02:15:23.000Z,459579.938098
"avg:container.net.sent{container_name:server-hotel OR container_name:server-flight OR container_name:conductor-server}",container_name:conductor-server,2025-01-20T02:15:38.000Z,595650.023919
"avg:container.net.sent{container_name:server-hotel OR container_name:server-flight OR container_name:conductor-server}",container_name:conductor-server,2025-01-20T02:15:53.000Z,429093.57067
"avg:container.net.sent{container_name:server-hotel OR container_name:server-flight OR container_name:conductor-server}",container_name:conductor-server,2025-01-20T02:16:08.000Z,463132.226827
"avg:container.net.sent{container_name:server-hotel OR container_name:server-flight OR container_name:conductor-server}",container_name:conductor-server,2025-01-20T02:16:23.000Z,481626.017911
"avg:container.net.sent{container_name:server-hotel OR container_name:server-flight OR container_name:conductor-server}",container_name:conductor-server,2025-01-20T02:16:38.000Z,547520.867507
"avg:container.net.sent{container_name:server-hotel OR container_name:server-flight OR container_name:conductor-server}",container_name:conductor-server,2025-01-20T02:16:53.000Z,283401.647211
"avg:container.net.sent{container_name:server-hotel OR container_name:server-flight OR container_name:conductor-server}",container_name:conductor-server,2025-01-20T02:17:08.000Z,127785.798726
"avg:container.net.sent{container_name:server-hotel OR container_name:server-flight OR container_name:conductor-server}",container_name:conductor-server,2025-01-20T02:17:23.000Z,127802.621326
"avg:container.net.sent{container_name:server-hotel OR container_name:server-flight OR container_name:conductor-server}",container_name:conductor-server,2025-01-20T02:17:38.000Z,127418.290768
"avg:container.net.rcvd{container_name:server-hotel OR container_name:server-flight OR container_name:conductor-server}",container_name:conductor-server,2025-01-20T02:12:53.000Z,21679.082589
"avg:container.net.rcvd{container_name:server-hotel OR container_name:server-flight OR container_name:conductor-server}",container_name:conductor-server,2025-01-20T02:13:08.000Z,21735.245178
"avg:container.net.rcvd{container_name:server-hotel OR container_name:server-flight OR container_name:conductor-server}",container_name:conductor-server,2025-01-20T02:13:23.000Z,24666.514483
"avg:container.net.rcvd{container_name:server-hotel OR container_name:server-flight OR container_name:conductor-server}",container_name:conductor-server,2025-01-20T02:13:38.000Z,22070.708865
"avg:container.net.rcvd{container_name:server-hotel OR container_name:server-flight OR container_name:conductor-server}",container_name:conductor-server,2025-01-20T02:13:53.000Z,22137.150412
"avg:container.net.rcvd{container_name:server-hotel OR container_name:server-flight OR container_name:conductor-server}",container_name:conductor-server,2025-01-20T02:14:08.000Z,22087.581096
"avg:container.net.rcvd{container_name:server-hotel OR container_name:server-flight OR container_name:conductor-server}",container_name:conductor-server,2025-01-20T02:14:23.000Z,281735.760509
"avg:container.net.rcvd{container_name:server-hotel OR container_name:server-flight OR container_name:conductor-server}",container_name:conductor-server,2025-01-20T02:14:38.000Z,358865.714248
"avg:container.net.rcvd{container_name:server-hotel OR container_name:server-flight OR container_name:conductor-server}",container_name:conductor-server,2025-01-20T02:14:53.000Z,535417.27434
"avg:container.net.rcvd{container_name:server-hotel OR container_name:server-flight OR container_name:conductor-server}",container_name:conductor-server,2025-01-20T02:15:08.000Z,544206.384034
"avg:container.net.rcvd{container_name:server-hotel OR container_name:server-flight OR container_name:conductor-server}",container_name:conductor-server,2025-01-20T02:15:23.000Z,541533.154338
"avg:container.net.rcvd{container_name:server-hotel OR container_name:server-flight OR container_name:conductor-server}",container_name:conductor-server,2025-01-20T02:15:38.000Z,830712.479797
"avg:container.net.rcvd{container_name:server-hotel OR container_name:server-flight OR container_name:conductor-server}",container_name:conductor-server,2025-01-20T02:15:53.000Z,483091.926985
"avg:container.net.rcvd{container_name:server-hotel OR container_name:server-flight OR container_name:conductor-server}",container_name:conductor-server,2025-01-20T02:16:08.000Z,581218.916135
"avg:container.net.rcvd{container_name:server-hotel OR container_name:server-flight OR container_name:conductor-server}",container_name:conductor-server,2025-01-20T02:16:23.000Z,487971.532692
"avg:container.net.rcvd{container_name:server-hotel OR container_name:server-flight OR container_name:conductor-server}",container_name:conductor-server,2025-01-20T02:16:38.000Z,626001.888063
"avg:container.net.rcvd{container_name:server-hotel OR container_name:server-flight OR container_name:conductor-server}",container_name:conductor-server,2025-01-20T02:16:53.000Z,266786.786379
"avg:container.net.rcvd{container_name:server-hotel OR container_name:server-flight OR container_name:conductor-server}",container_name:conductor-server,2025-01-20T02:17:08.000Z,24274.022778
"avg:container.net.rcvd{container_name:server-hotel OR container_name:server-flight OR container_name:conductor-server}",container_name:conductor-server,2025-01-20T02:17:23.000Z,24293.802522
"avg:container.net.rcvd{container_name:server-hotel OR container_name:server-flight OR container_name:conductor-server}",container_name:conductor-server,2025-01-20T02:17:38.000Z,23942.459264
