query,group,time,value
"sum:workflow_start_success{*}.as_count()",workflowname:travel_booking_http_saga_wf,2025-01-20T02:14:17.000Z,34
"sum:workflow_start_success{*}.as_count()",workflowname:travel_booking_http_saga_wf,2025-01-20T02:14:18.000Z,26
"sum:workflow_start_success{*}.as_count()",workflowname:travel_booking_http_saga_wf,2025-01-20T02:14:19.000Z,47
"sum:workflow_start_success{*}.as_count()",workflowname:travel_booking_http_saga_wf,2025-01-20T02:14:20.000Z,45
"sum:workflow_start_success{*}.as_count()",workflowname:travel_booking_http_saga_wf,2025-01-20T02:14:21.000Z,48
"sum:workflow_start_success{*}.as_count()",workflowname:travel_booking_http_saga_wf,2025-01-20T02:14:22.000Z,50
"sum:workflow_start_success{*}.as_count()",workflowname:travel_booking_http_saga_wf,2025-01-20T02:14:23.000Z,50
"sum:workflow_start_success{*}.as_count()",workflowname:travel_booking_http_saga_wf,2025-01-20T02:14:24.000Z,50
"sum:workflow_start_success{*}.as_count()",workflowname:travel_booking_http_saga_wf,2025-01-20T02:14:25.000Z,50
"sum:workflow_start_success{*}.as_count()",workflowname:travel_booking_http_saga_wf,2025-01-20T02:14:26.000Z,50
"sum:workflow_start_success{*}.as_count()",workflowname:travel_booking_http_saga_wf,2025-01-20T02:14:27.000Z,39
"sum:workflow_start_success{*}.as_count()",workflowname:travel_booking_http_saga_wf,2025-01-20T02:14:28.000Z,11
"sum:workflow_start_success{*}.as_count()",workflowname:travel_booking_http_saga_wf,2025-01-20T02:14:29.000Z,0
"sum:workflow_start_success{*}.as_count()",workflowname:travel_booking_http_saga_wf,2025-01-20T02:14:30.000Z,0
"sum:workflow_start_success{*}.as_count()",workflowname:travel_booking_http_saga_wf,2025-01-20T02:14:31.000Z,0
"sum:workflow_start_success{*}.as_count()",workflowname:travel_booking_http_saga_wf,2025-01-20T02:14:32.000Z,0
"sum:workflow_start_success{*}.as_count()",workflowname:travel_booking_http_saga_wf,2025-01-20T02:14:33.000Z,0
"sum:workflow_start_success{*}.as_count()",workflowname:travel_booking_http_saga_wf,2025-01-20T02:14:34.000Z,0
"sum:workflow_start_success{*}.as_count()",workflowname:travel_booking_http_saga_wf,2025-01-20T02:14:35.000Z,0
"sum:workflow_start_success{*}.as_count()",workflowname:travel_booking_http_saga_wf,2025-01-20T02:14:36.000Z,0
"sum:workflow_start_success{*}.as_count()",workflowname:travel_booking_http_saga_wf,2025-01-20T02:14:37.000Z,0
"sum:workflow_start_success{*}.as_count()",workflowname:travel_booking_http_saga_wf,2025-01-20T02:14:38.000Z,0
"sum:workflow_start_success{*}.as_count()",workflowname:travel_booking_http_saga_wf,2025-01-20T02:14:39.000Z,0
"sum:workflow_start_success{*}.as_count()",workflowname:travel_booking_http_saga_wf,2025-01-20T02:14:40.000Z,0
"sum:workflow_start_success{*}.as_count()",workflowname:travel_booking_http_saga_wf,2025-01-20T02:14:41.000Z,0
"sum:workflow_start_success{*}.as_count()",workflowname:travel_booking_http_saga_wf,2025-01-20T02:14:42.000Z,0
"sum:workflow_start_success{*}.as_count()",workflowname:travel_booking_http_saga_wf,2025-01-20T02:14:43.000Z,0
"sum:workflow_start_success{*}.as_count()",workflowname:travel_booking_http_saga_wf,2025-01-20T02:14:44.000Z,0
"sum:workflow_start_success{*}.as_count()",workflowname:travel_booking_http_saga_wf,2025-01-20T02:14:45.000Z,0
"sum:workflow_start_success{*}.as_count()",workflowname:travel_booking_http_saga_wf,2025-01-20T02:14:46.000Z,0
"sum:workflow_start_success{*}.as_count()",workflowname:travel_booking_http_saga_wf,2025-01-20T02:14:47.000Z,0
"sum:workflow_start_success{*}.as_count()",workflowname:travel_booking_http_saga_wf,2025-01-20T02:14:48.000Z,0
"sum:workflow_start_success{*}.as_count()",workflowname:travel_booking_http_saga_wf,2025-01-20T02:14:49.000Z,0
"sum:workflow_start_success{*}.as_count()",workflowname:travel_booking_http_saga_wf,2025-01-20T02:14:50.000Z,0
"sum:workflow_start_success{*}.as_count()",workflowname:travel_booking_http_saga_wf,2025-01-20T02:14:51.000Z,0
"sum:workflow_start_success{*}.as_count()",workflowname:travel_booking_http_saga_wf,2025-01-20T02:14:52.000Z,0
"sum:workflow_start_success{*}.as_count()",workflowname:travel_booking_http_saga_wf,2025-01-20T02:14:53.000Z,0
"sum:workflow_start_success{*}.as_count()",workflowname:travel_booking_http_saga_wf,2025-01-20T02:14:54.000Z,0
"sum:workflow_start_success{*}.as_count()",workflowname:travel_booking_http_saga_wf,2025-01-20T02:14:55.000Z,0
"sum:workflow_start_success{*}.as_count()",workflowname:travel_booking_http_saga_wf,2025-01-20T02:14:56.000Z,0
"sum:workflow_start_success{*}.as_count()",workflowname:travel_booking_http_saga_wf,2025-01-20T02:14:57.000Z,0
"sum:workflow_start_success{*}.as_count()",workflowname:travel_booking_http_saga_wf,2025-01-20T02:14:58.000Z,0
"sum:workflow_start_success{*}.as_count()",workflowname:travel_booking_http_saga_wf,2025-01-20T02:14:59.000Z,0
"sum:workflow_start_success{*}.as_count()",workflowname:travel_booking_http_saga_wf,2025-01-20T02:15:00.000Z,0
"sum:workflow_start_success{*}.as_count()",workflowname:travel_booking_http_saga_wf,2025-01-20T02:15:01.000Z,0
"sum:workflow_start_success{*}.as_count()",workflowname:travel_booking_http_saga_wf,2025-01-20T02:15:02.000Z,0
"sum:workflow_start_success{*}.as_count()",workflowname:travel_booking_http_saga_wf,2025-01-20T02:15:03.000Z,0
"sum:workflow_start_success{*}.as_count()",workflowname:travel_booking_http_saga_wf,2025-01-20T02:15:04.000Z,0
"sum:workflow_start_success{*}.as_count()",workflowname:travel_booking_http_saga_wf,2025-01-20T02:15:05.000Z,0
"sum:workflow_start_success{*}.as_count()",workflowname:travel_booking_http_saga_wf,2025-01-20T02:15:06.000Z,0
"sum:workflow_start_success{*}.as_count()",workflowname:travel_booking_http_saga_wf,2025-01-20T02:15:07.000Z,0
"sum:workflow_start_success{*}.as_count()",workflowname:travel_booking_http_saga_wf,2025-01-20T02:15:08.000Z,0
"sum:workflow_start_success{*}.as_count()",workflowname:travel_booking_http_saga_wf,2025-01-20T02:15:09.000Z,0
"sum:workflow_start_success{*}.as_count()",workflowname:travel_booking_http_saga_wf,2025-01-20T02:15:10.000Z,0
"sum:workflow_start_success{*}.as_count()",workflowname:travel_booking_http_saga_wf,2025-01-20T02:15:11.000Z,0
"sum:workflow_start_success{*}.as_count()",workflowname:travel_booking_http_saga_wf,2025-01-20T02:15:12.000Z,0
"sum:workflow_start_success{*}.as_count()",workflowname:travel_booking_http_saga_wf,2025-01-20T02:15:13.000Z,0
"sum:workflow_start_success{*}.as_count()",workflowname:travel_booking_http_saga_wf,2025-01-20T02:15:14.000Z,0
"sum:workflow_start_success{*}.as_count()",workflowname:travel_booking_http_saga_wf,2025-01-20T02:15:15.000Z,0
"sum:workflow_start_success{*}.as_count()",workflowname:travel_booking_http_saga_wf,2025-01-20T02:15:16.000Z,0
"sum:workflow_start_success{*}.as_count()",workflowname:travel_booking_http_saga_wf,2025-01-20T02:15:17.000Z,0
"sum:workflow_start_success{*}.as_count()",workflowname:travel_booking_http_saga_wf,2025-01-20T02:15:18.000Z,0
"sum:workflow_start_success{*}.as_count()",workflowname:travel_booking_http_saga_wf,2025-01-20T02:15:19.000Z,0
"sum:workflow_start_success{*}.as_count()",workflowname:travel_booking_http_saga_wf,2025-01-20T02:15:20.000Z,0
"sum:workflow_start_success{*}.as_count()",workflowname:travel_booking_http_saga_wf,2025-01-20T02:15:21.000Z,0
"sum:workflow_start_success{*}.as_count()",workflowname:travel_booking_http_saga_wf,2025-01-20T02:15:22.000Z,0
"sum:workflow_start_success{*}.as_count()",workflowname:travel_booking_http_saga_wf,2025-01-20T02:15:23.000Z,0
"sum:workflow_start_success{*}.as_count()",workflowname:travel_booking_http_saga_wf,2025-01-20T02:15:24.000Z,0
"sum:workflow_start_success{*}.as_count()",workflowname:travel_booking_http_saga_wf,2025-01-20T02:15:25.000Z,0
"sum:workflow_start_success{*}.as_count()",workflowname:travel_booking_http_saga_wf,2025-01-20T02:15:26.000Z,0
"sum:workflow_start_success{*}.as_count()",workflowname:travel_booking_http_saga_wf,2025-01-20T02:15:27.000Z,0
"sum:workflow_start_success{*}.as_count()",workflowname:travel_booking_http_saga_wf,2025-01-20T02:15:28.000Z,0
"sum:workflow_start_success{*}.as_count()",workflowname:travel_booking_http_saga_wf,2025-01-20T02:15:29.000Z,0
"sum:workflow_start_success{*}.as_count()",workflowname:travel_booking_http_saga_wf,2025-01-20T02:15:30.000Z,0
"sum:workflow_start_success{*}.as_count()",workflowname:travel_booking_http_saga_wf,2025-01-20T02:15:31.000Z,0
"sum:workflow_start_success{*}.as_count()",workflowname:travel_booking_http_saga_wf,2025-01-20T02:15:32.000Z,0
"sum:workflow_start_success{*}.as_count()",workflowname:travel_booking_http_saga_wf,2025-01-20T02:15:33.000Z,0
"sum:workflow_start_success{*}.as_count()",workflowname:travel_booking_http_saga_wf,2025-01-20T02:15:34.000Z,0
"sum:workflow_start_success{*}.as_count()",workflowname:travel_booking_http_saga_wf,2025-01-20T02:15:35.000Z,0
"sum:workflow_start_success{*}.as_count()",workflowname:travel_booking_http_saga_wf,2025-01-20T02:15:36.000Z,0
"sum:workflow_start_success{*}.as_count()",workflowname:travel_booking_http_saga_wf,2025-01-20T02:15:37.000Z,0
"sum:workflow_start_success{*}.as_count()",workflowname:travel_booking_http_saga_wf,2025-01-20T02:15:38.000Z,0
"sum:workflow_start_success{*}.as_count()",workflowname:travel_booking_http_saga_wf,2025-01-20T02:15:39.000Z,0
"sum:workflow_start_success{*}.as_count()",workflowname:travel_booking_http_saga_wf,2025-01-20T02:15:40.000Z,0
"sum:workflow_start_success{*}.as_count()",workflowname:travel_booking_http_saga_wf,2025-01-20T02:15:41.000Z,0
"sum:workflow_start_success{*}.as_count()",workflowname:travel_booking_http_saga_wf,2025-01-20T02:15:42.000Z,0
"sum:workflow_start_success{*}.as_count()",workflowname:travel_booking_http_saga_wf,2025-01-20T02:15:43.000Z,0
"sum:workflow_start_success{*}.as_count()",workflowname:travel_booking_http_saga_wf,2025-01-20T02:15:44.000Z,0
"sum:workflow_start_success{*}.as_count()",workflowname:travel_booking_http_saga_wf,2025-01-20T02:15:45.000Z,0
"sum:workflow_start_success{*}.as_count()",workflowname:travel_booking_http_saga_wf,2025-01-20T02:15:46.000Z,0
"sum:workflow_start_success{*}.as_count()",workflowname:travel_booking_http_saga_wf,2025-01-20T02:15:47.000Z,0
"sum:workflow_start_success{*}.as_count()",workflowname:travel_booking_http_saga_wf,2025-01-20T02:15:48.000Z,0
"sum:workflow_start_success{*}.as_count()",workflowname:travel_booking_http_saga_wf,2025-01-20T02:15:49.000Z,0
"sum:workflow_start_success{*}.as_count()",workflowname:travel_booking_http_saga_wf,2025-01-20T02:15:50.000Z,0
"sum:workflow_start_success{*}.as_count()",workflowname:travel_booking_http_saga_wf,2025-01-20T02:15:51.000Z,0
"sum:workflow_start_success{*}.as_count()",workflowname:travel_booking_http_saga_wf,2025-01-20T02:15:52.000Z,0
"sum:workflow_start_success{*}.as_count()",workflowname:travel_booking_http_saga_wf,2025-01-20T02:15:53.000Z,0
"sum:workflow_start_success{*}.as_count()",workflowname:travel_booking_http_saga_wf,2025-01-20T02:15:54.000Z,0
"sum:workflow_start_success{*}.as_count()",workflowname:travel_booking_http_saga_wf,2025-01-20T02:15:55.000Z,0
"sum:workflow_start_success{*}.as_count()",workflowname:travel_booking_http_saga_wf,2025-01-20T02:15:56.000Z,0
"sum:workflow_start_success{*}.as_count()",workflowname:travel_booking_http_saga_wf,2025-01-20T02:15:57.000Z,0
"sum:workflow_start_success{*}.as_count()",workflowname:travel_booking_http_saga_wf,2025-01-20T02:15:58.000Z,0
"sum:workflow_start_success{*}.as_count()",workflowname:travel_booking_http_saga_wf,2025-01-20T02:15:59.000Z,0
"sum:workflow_start_success{*}.as_count()",workflowname:travel_booking_http_saga_wf,2025-01-20T02:16:00.000Z,0
"sum:workflow_start_success{*}.as_count()",workflowname:travel_booking_http_saga_wf,2025-01-20T02:16:01.000Z,0
"sum:workflow_start_success{*}.as_count()",workflowname:travel_booking_http_saga_wf,2025-01-20T02:16:02.000Z,0
"sum:workflow_start_success{*}.as_count()",workflowname:travel_booking_http_saga_wf,2025-01-20T02:16:03.000Z,0
"sum:workflow_start_success{*}.as_count()",workflowname:travel_booking_http_saga_wf,2025-01-20T02:16:04.000Z,0
"sum:workflow_start_success{*}.as_count()",workflowname:travel_booking_http_saga_wf,2025-01-20T02:16:05.000Z,0
"sum:workflow_start_success{*}.as_count()",workflowname:travel_booking_http_saga_wf,2025-01-20T02:16:06.000Z,0
"sum:workflow_start_success{*}.as_count()",workflowname:travel_booking_http_saga_wf,2025-01-20T02:16:07.000Z,0
"sum:workflow_start_success{*}.as_count()",workflowname:travel_booking_http_saga_wf,2025-01-20T02:16:08.000Z,0
"sum:workflow_start_success{*}.as_count()",workflowname:travel_booking_http_saga_wf,2025-01-20T02:16:09.000Z,0
"sum:workflow_start_success{*}.as_count()",workflowname:travel_booking_http_saga_wf,2025-01-20T02:16:10.000Z,0
"sum:workflow_start_success{*}.as_count()",workflowname:travel_booking_http_saga_wf,2025-01-20T02:16:11.000Z,0
"sum:workflow_start_success{*}.as_count()",workflowname:travel_booking_http_saga_wf,2025-01-20T02:16:12.000Z,0
"sum:workflow_start_success{*}.as_count()",workflowname:travel_booking_http_saga_wf,2025-01-20T02:16:13.000Z,0
"sum:workflow_start_success{*}.as_count()",workflowname:travel_booking_http_saga_wf,2025-01-20T02:16:14.000Z,0
"sum:workflow_start_success{*}.as_count()",workflowname:travel_booking_http_saga_wf,2025-01-20T02:16:15.000Z,0
"sum:workflow_start_success{*}.as_count()",workflowname:travel_booking_http_saga_wf,2025-01-20T02:16:16.000Z,0
"sum:workflow_start_success{*}.as_count()",workflowname:travel_booking_http_saga_wf,2025-01-20T02:16:17.000Z,0
"sum:workflow_start_success{*}.as_count()",workflowname:travel_booking_http_saga_wf,2025-01-20T02:16:18.000Z,0
"sum:workflow_start_success{*}.as_count()",workflowname:travel_booking_http_saga_wf,2025-01-20T02:16:19.000Z,0
"sum:workflow_start_success{*}.as_count()",workflowname:travel_booking_http_saga_wf,2025-01-20T02:16:20.000Z,0
"sum:workflow_start_success{*}.as_count()",workflowname:travel_booking_http_saga_wf,2025-01-20T02:16:21.000Z,0
"sum:workflow_start_success{*}.as_count()",workflowname:travel_booking_http_saga_wf,2025-01-20T02:16:22.000Z,0
"sum:workflow_start_success{*}.as_count()",workflowname:travel_booking_http_saga_wf,2025-01-20T02:16:23.000Z,0
"sum:workflow_start_success{*}.as_count()",workflowname:travel_booking_http_saga_wf,2025-01-20T02:16:24.000Z,0
"sum:workflow_start_success{*}.as_count()",workflowname:travel_booking_http_saga_wf,2025-01-20T02:16:25.000Z,0
"sum:workflow_start_success{*}.as_count()",workflowname:travel_booking_http_saga_wf,2025-01-20T02:16:26.000Z,0
"sum:workflow_start_success{*}.as_count()",workflowname:travel_booking_http_saga_wf,2025-01-20T02:16:27.000Z,0
"sum:workflow_start_success{*}.as_count()",workflowname:travel_booking_http_saga_wf,2025-01-20T02:16:28.000Z,0
"sum:workflow_start_success{*}.as_count()",workflowname:travel_booking_http_saga_wf,2025-01-20T02:16:29.000Z,0
"sum:workflow_start_success{*}.as_count()",workflowname:travel_booking_http_saga_wf,2025-01-20T02:16:30.000Z,0
"sum:workflow_start_success{*}.as_count()",workflowname:travel_booking_http_saga_wf,2025-01-20T02:16:31.000Z,0
"sum:workflow_start_success{*}.as_count()",workflowname:travel_booking_http_saga_wf,2025-01-20T02:16:32.000Z,0
"sum:workflow_start_success{*}.as_count()",workflowname:travel_booking_http_saga_wf,2025-01-20T02:16:33.000Z,0
"sum:workflow_start_success{*}.as_count()",workflowname:travel_booking_http_saga_wf,2025-01-20T02:16:34.000Z,0
"sum:workflow_start_success{*}.as_count()",workflowname:travel_booking_http_saga_wf,2025-01-20T02:16:35.000Z,0
"sum:workflow_start_success{*}.as_count()",workflowname:travel_booking_http_saga_wf,2025-01-20T02:16:36.000Z,0
"sum:workflow_start_success{*}.as_count()",workflowname:travel_booking_http_saga_wf,2025-01-20T02:16:37.000Z,0
"sum:workflow_start_success{*}.as_count()",workflowname:travel_booking_http_saga_wf,2025-01-20T02:16:38.000Z,0
"sum:workflow_start_success{*}.as_count()",workflowname:travel_booking_http_saga_wf,2025-01-20T02:16:39.000Z,0
"sum:workflow_start_success{*}.as_count()",workflowname:travel_booking_http_saga_wf,2025-01-20T02:16:40.000Z,0
"sum:workflow_start_success{*}.as_count()",workflowname:travel_booking_http_saga_wf,2025-01-20T02:16:41.000Z,0
"sum:workflow_start_success{*}.as_count()",workflowname:travel_booking_http_saga_wf,2025-01-20T02:16:42.000Z,0
"sum:workflow_start_success{*}.as_count()",workflowname:travel_booking_http_saga_wf,2025-01-20T02:16:43.000Z,0
"sum:workflow_start_success{*}.as_count()",workflowname:travel_booking_http_saga_wf,2025-01-20T02:16:44.000Z,0
"sum:workflow_start_success{*}.as_count()",workflowname:travel_booking_http_saga_wf,2025-01-20T02:16:45.000Z,0
"sum:workflow_start_success{*}.as_count()",workflowname:travel_booking_http_saga_wf,2025-01-20T02:16:46.000Z,0
"sum:workflow_start_success{*}.as_count()",workflowname:travel_booking_http_saga_wf,2025-01-20T02:16:47.000Z,0
"sum:workflow_start_success{*}.as_count()",workflowname:travel_booking_http_saga_wf,2025-01-20T02:16:48.000Z,0
"sum:workflow_start_success{*}.as_count()",workflowname:travel_booking_http_saga_wf,2025-01-20T02:16:49.000Z,0
"sum:workflow_start_success{*}.as_count()",workflowname:travel_booking_http_saga_wf,2025-01-20T02:16:50.000Z,0
"sum:workflow_start_success{*}.as_count()",workflowname:travel_booking_http_saga_wf,2025-01-20T02:16:51.000Z,0
"sum:workflow_start_success{*}.as_count()",workflowname:travel_booking_http_saga_wf,2025-01-20T02:16:52.000Z,0
"sum:workflow_start_success{*}.as_count()",workflowname:travel_booking_http_saga_wf,2025-01-20T02:16:53.000Z,0
"sum:workflow_start_success{*}.as_count()",workflowname:travel_booking_http_saga_wf,2025-01-20T02:16:54.000Z,0
"sum:workflow_start_success{*}.as_count()",workflowname:travel_booking_http_saga_wf,2025-01-20T02:16:55.000Z,0
"sum:workflow_start_success{*}.as_count()",workflowname:travel_booking_http_saga_wf,2025-01-20T02:16:56.000Z,0
"sum:workflow_start_success{*}.as_count()",workflowname:travel_booking_http_saga_wf,2025-01-20T02:16:57.000Z,0
"sum:workflow_start_success{*}.as_count()",workflowname:travel_booking_http_saga_wf,2025-01-20T02:16:58.000Z,0
"sum:workflow_start_success{*}.as_count()",workflowname:travel_booking_http_saga_wf,2025-01-20T02:16:59.000Z,0
"sum:workflow_start_success{*}.as_count()",workflowname:travel_booking_http_saga_wf,2025-01-20T02:17:00.000Z,0
"sum:workflow_start_success{*}.as_count()",workflowname:travel_booking_http_saga_wf,2025-01-20T02:17:01.000Z,0
"sum:workflow_start_success{*}.as_count()",workflowname:travel_booking_http_saga_wf,2025-01-20T02:17:02.000Z,0
"sum:workflow_start_success{*}.as_count()",workflowname:travel_booking_http_saga_wf,2025-01-20T02:17:03.000Z,0
"sum:workflow_start_success{*}.as_count()",workflowname:travel_booking_http_saga_wf,2025-01-20T02:17:04.000Z,0
"sum:workflow_start_success{*}.as_count()",workflowname:travel_booking_http_saga_wf,2025-01-20T02:17:05.000Z,0
"sum:workflow_start_success{*}.as_count()",workflowname:travel_booking_http_saga_wf,2025-01-20T02:17:06.000Z,0
"sum:workflow_start_success{*}.as_count()",workflowname:travel_booking_http_saga_wf,2025-01-20T02:17:07.000Z,0
"sum:workflow_start_success{*}.as_count()",workflowname:travel_booking_http_saga_wf,2025-01-20T02:17:08.000Z,0
"sum:workflow_start_success{*}.as_count()",workflowname:travel_booking_http_saga_wf,2025-01-20T02:17:09.000Z,0
"sum:workflow_start_success{*}.as_count()",workflowname:travel_booking_http_saga_wf,2025-01-20T02:17:10.000Z,0
"sum:workflow_start_success{*}.as_count()",workflowname:travel_booking_http_saga_wf,2025-01-20T02:17:11.000Z,0
"sum:workflow_start_success{*}.as_count()",workflowname:travel_booking_http_saga_wf,2025-01-20T02:17:12.000Z,0
"sum:workflow_start_success{*}.as_count()",workflowname:travel_booking_http_saga_wf,2025-01-20T02:17:13.000Z,0
"sum:workflow_start_success{*}.as_count()",workflowname:travel_booking_http_saga_wf,2025-01-20T02:17:14.000Z,0
"sum:workflow_start_success{*}.as_count()",workflowname:travel_booking_http_saga_wf,2025-01-20T02:17:15.000Z,0
"sum:workflow_start_success{*}.as_count()",workflowname:travel_booking_http_saga_wf,2025-01-20T02:17:16.000Z,0
"sum:workflow_start_success{*}.as_count()",workflowname:travel_booking_http_saga_wf,2025-01-20T02:17:17.000Z,0
"sum:workflow_start_success{*}.as_count()",workflowname:travel_booking_http_saga_wf,2025-01-20T02:17:18.000Z,0
"sum:workflow_start_success{*}.as_count()",workflowname:travel_booking_http_saga_wf,2025-01-20T02:17:19.000Z,0
"sum:workflow_start_success{*}.as_count()",workflowname:travel_booking_http_saga_wf,2025-01-20T02:17:20.000Z,0
"sum:workflow_start_success{*}.as_count()",workflowname:travel_booking_http_saga_wf,2025-01-20T02:17:21.000Z,0
"sum:workflow_start_success{*}.as_count()",workflowname:travel_booking_http_saga_wf,2025-01-20T02:17:22.000Z,0
"sum:workflow_start_success{*}.as_count()",workflowname:travel_booking_http_saga_wf,2025-01-20T02:17:23.000Z,0
"sum:workflow_start_success{*}.as_count()",workflowname:travel_booking_http_saga_wf,2025-01-20T02:17:24.000Z,0
"sum:workflow_start_success{*}.as_count()",workflowname:travel_booking_http_saga_wf,2025-01-20T02:17:25.000Z,0
"sum:workflow_start_success{*}.as_count()",workflowname:travel_booking_http_saga_wf,2025-01-20T02:17:26.000Z,0
"sum:workflow_start_success{*}.as_count()",workflowname:travel_booking_http_saga_wf,2025-01-20T02:17:27.000Z,0
"sum:workflow_start_success{*}.as_count()",workflowname:travel_booking_http_saga_wf,2025-01-20T02:17:28.000Z,0
"sum:workflow_start_success{*}.as_count()",workflowname:travel_booking_http_saga_wf,2025-01-20T02:17:29.000Z,0
"sum:workflow_start_success{*}.as_count()",workflowname:travel_booking_http_saga_wf,2025-01-20T02:17:30.000Z,0
"sum:workflow_start_success{*}.as_count()",workflowname:travel_booking_http_saga_wf,2025-01-20T02:17:31.000Z,0
"sum:workflow_start_success{*}.as_count()",workflowname:travel_booking_http_saga_wf,2025-01-20T02:17:32.000Z,0
"sum:workflow_start_success{*}.as_count()",workflowname:travel_booking_http_saga_wf,2025-01-20T02:17:33.000Z,0
"sum:workflow_start_success{*}.as_count()",workflowname:travel_booking_http_saga_wf,2025-01-20T02:17:34.000Z,0
"sum:workflow_start_success{*}.as_count()",workflowname:travel_booking_http_saga_wf,2025-01-20T02:17:35.000Z,0
"sum:workflow_start_success{*}.as_count()",workflowname:travel_booking_http_saga_wf,2025-01-20T02:17:36.000Z,0
"sum:workflow_start_success{*}.as_count()",workflowname:travel_booking_http_saga_wf,2025-01-20T02:17:37.000Z,0
"sum:workflow_start_success{*}.as_count()",workflowname:travel_booking_http_saga_wf,2025-01-20T02:17:38.000Z,0
"sum:workflow_start_success{*}.as_count()",workflowname:travel_booking_http_saga_wf,2025-01-20T02:17:39.000Z,0
"sum:workflow_start_success{*}.as_count()",workflowname:travel_booking_http_saga_wf,2025-01-20T02:17:40.000Z,0
"sum:workflow_start_success{*}.as_count()",workflowname:travel_booking_http_saga_wf,2025-01-20T02:17:41.000Z,0
"sum:workflow_start_success{*}.as_count()",workflowname:travel_booking_http_saga_wf,2025-01-20T02:17:42.000Z,0
"sum:workflow_start_success{*}.as_count()",workflowname:cancel_flight_booking_sub_wf,2025-01-20T02:14:17.000Z,N/A
"sum:workflow_start_success{*}.as_count()",workflowname:cancel_flight_booking_sub_wf,2025-01-20T02:14:18.000Z,N/A
"sum:workflow_start_success{*}.as_count()",workflowname:cancel_flight_booking_sub_wf,2025-01-20T02:14:19.000Z,N/A
"sum:workflow_start_success{*}.as_count()",workflowname:cancel_flight_booking_sub_wf,2025-01-20T02:14:20.000Z,N/A
"sum:workflow_start_success{*}.as_count()",workflowname:cancel_flight_booking_sub_wf,2025-01-20T02:14:21.000Z,N/A
"sum:workflow_start_success{*}.as_count()",workflowname:cancel_flight_booking_sub_wf,2025-01-20T02:14:22.000Z,N/A
"sum:workflow_start_success{*}.as_count()",workflowname:cancel_flight_booking_sub_wf,2025-01-20T02:14:23.000Z,N/A
"sum:workflow_start_success{*}.as_count()",workflowname:cancel_flight_booking_sub_wf,2025-01-20T02:14:24.000Z,N/A
"sum:workflow_start_success{*}.as_count()",workflowname:cancel_flight_booking_sub_wf,2025-01-20T02:14:25.000Z,N/A
"sum:workflow_start_success{*}.as_count()",workflowname:cancel_flight_booking_sub_wf,2025-01-20T02:14:26.000Z,N/A
"sum:workflow_start_success{*}.as_count()",workflowname:cancel_flight_booking_sub_wf,2025-01-20T02:14:27.000Z,N/A
"sum:workflow_start_success{*}.as_count()",workflowname:cancel_flight_booking_sub_wf,2025-01-20T02:14:28.000Z,N/A
"sum:workflow_start_success{*}.as_count()",workflowname:cancel_flight_booking_sub_wf,2025-01-20T02:14:29.000Z,N/A
"sum:workflow_start_success{*}.as_count()",workflowname:cancel_flight_booking_sub_wf,2025-01-20T02:14:30.000Z,N/A
"sum:workflow_start_success{*}.as_count()",workflowname:cancel_flight_booking_sub_wf,2025-01-20T02:14:31.000Z,N/A
"sum:workflow_start_success{*}.as_count()",workflowname:cancel_flight_booking_sub_wf,2025-01-20T02:14:32.000Z,N/A
"sum:workflow_start_success{*}.as_count()",workflowname:cancel_flight_booking_sub_wf,2025-01-20T02:14:33.000Z,N/A
"sum:workflow_start_success{*}.as_count()",workflowname:cancel_flight_booking_sub_wf,2025-01-20T02:14:34.000Z,N/A
"sum:workflow_start_success{*}.as_count()",workflowname:cancel_flight_booking_sub_wf,2025-01-20T02:14:35.000Z,N/A
"sum:workflow_start_success{*}.as_count()",workflowname:cancel_flight_booking_sub_wf,2025-01-20T02:14:36.000Z,N/A
"sum:workflow_start_success{*}.as_count()",workflowname:cancel_flight_booking_sub_wf,2025-01-20T02:14:37.000Z,N/A
"sum:workflow_start_success{*}.as_count()",workflowname:cancel_flight_booking_sub_wf,2025-01-20T02:14:38.000Z,N/A
"sum:workflow_start_success{*}.as_count()",workflowname:cancel_flight_booking_sub_wf,2025-01-20T02:14:39.000Z,N/A
"sum:workflow_start_success{*}.as_count()",workflowname:cancel_flight_booking_sub_wf,2025-01-20T02:14:40.000Z,N/A
"sum:workflow_start_success{*}.as_count()",workflowname:cancel_flight_booking_sub_wf,2025-01-20T02:14:41.000Z,N/A
"sum:workflow_start_success{*}.as_count()",workflowname:cancel_flight_booking_sub_wf,2025-01-20T02:14:42.000Z,N/A
"sum:workflow_start_success{*}.as_count()",workflowname:cancel_flight_booking_sub_wf,2025-01-20T02:14:43.000Z,N/A
"sum:workflow_start_success{*}.as_count()",workflowname:cancel_flight_booking_sub_wf,2025-01-20T02:14:44.000Z,N/A
"sum:workflow_start_success{*}.as_count()",workflowname:cancel_flight_booking_sub_wf,2025-01-20T02:14:45.000Z,N/A
"sum:workflow_start_success{*}.as_count()",workflowname:cancel_flight_booking_sub_wf,2025-01-20T02:14:46.000Z,N/A
"sum:workflow_start_success{*}.as_count()",workflowname:cancel_flight_booking_sub_wf,2025-01-20T02:14:47.000Z,N/A
"sum:workflow_start_success{*}.as_count()",workflowname:cancel_flight_booking_sub_wf,2025-01-20T02:14:48.000Z,N/A
"sum:workflow_start_success{*}.as_count()",workflowname:cancel_flight_booking_sub_wf,2025-01-20T02:14:49.000Z,N/A
"sum:workflow_start_success{*}.as_count()",workflowname:cancel_flight_booking_sub_wf,2025-01-20T02:14:50.000Z,N/A
"sum:workflow_start_success{*}.as_count()",workflowname:cancel_flight_booking_sub_wf,2025-01-20T02:14:51.000Z,N/A
"sum:workflow_start_success{*}.as_count()",workflowname:cancel_flight_booking_sub_wf,2025-01-20T02:14:52.000Z,N/A
"sum:workflow_start_success{*}.as_count()",workflowname:cancel_flight_booking_sub_wf,2025-01-20T02:14:53.000Z,N/A
"sum:workflow_start_success{*}.as_count()",workflowname:cancel_flight_booking_sub_wf,2025-01-20T02:14:54.000Z,N/A
"sum:workflow_start_success{*}.as_count()",workflowname:cancel_flight_booking_sub_wf,2025-01-20T02:14:55.000Z,N/A
"sum:workflow_start_success{*}.as_count()",workflowname:cancel_flight_booking_sub_wf,2025-01-20T02:14:56.000Z,N/A
"sum:workflow_start_success{*}.as_count()",workflowname:cancel_flight_booking_sub_wf,2025-01-20T02:14:57.000Z,N/A
"sum:workflow_start_success{*}.as_count()",workflowname:cancel_flight_booking_sub_wf,2025-01-20T02:14:58.000Z,N/A
"sum:workflow_start_success{*}.as_count()",workflowname:cancel_flight_booking_sub_wf,2025-01-20T02:14:59.000Z,N/A
"sum:workflow_start_success{*}.as_count()",workflowname:cancel_flight_booking_sub_wf,2025-01-20T02:15:00.000Z,N/A
"sum:workflow_start_success{*}.as_count()",workflowname:cancel_flight_booking_sub_wf,2025-01-20T02:15:01.000Z,N/A
"sum:workflow_start_success{*}.as_count()",workflowname:cancel_flight_booking_sub_wf,2025-01-20T02:15:02.000Z,N/A
"sum:workflow_start_success{*}.as_count()",workflowname:cancel_flight_booking_sub_wf,2025-01-20T02:15:03.000Z,N/A
"sum:workflow_start_success{*}.as_count()",workflowname:cancel_flight_booking_sub_wf,2025-01-20T02:15:04.000Z,N/A
"sum:workflow_start_success{*}.as_count()",workflowname:cancel_flight_booking_sub_wf,2025-01-20T02:15:05.000Z,N/A
"sum:workflow_start_success{*}.as_count()",workflowname:cancel_flight_booking_sub_wf,2025-01-20T02:15:06.000Z,N/A
"sum:workflow_start_success{*}.as_count()",workflowname:cancel_flight_booking_sub_wf,2025-01-20T02:15:07.000Z,N/A
"sum:workflow_start_success{*}.as_count()",workflowname:cancel_flight_booking_sub_wf,2025-01-20T02:15:08.000Z,N/A
"sum:workflow_start_success{*}.as_count()",workflowname:cancel_flight_booking_sub_wf,2025-01-20T02:15:09.000Z,N/A
"sum:workflow_start_success{*}.as_count()",workflowname:cancel_flight_booking_sub_wf,2025-01-20T02:15:10.000Z,N/A
"sum:workflow_start_success{*}.as_count()",workflowname:cancel_flight_booking_sub_wf,2025-01-20T02:15:11.000Z,N/A
"sum:workflow_start_success{*}.as_count()",workflowname:cancel_flight_booking_sub_wf,2025-01-20T02:15:12.000Z,N/A
"sum:workflow_start_success{*}.as_count()",workflowname:cancel_flight_booking_sub_wf,2025-01-20T02:15:13.000Z,N/A
"sum:workflow_start_success{*}.as_count()",workflowname:cancel_flight_booking_sub_wf,2025-01-20T02:15:14.000Z,N/A
"sum:workflow_start_success{*}.as_count()",workflowname:cancel_flight_booking_sub_wf,2025-01-20T02:15:15.000Z,N/A
"sum:workflow_start_success{*}.as_count()",workflowname:cancel_flight_booking_sub_wf,2025-01-20T02:15:16.000Z,N/A
"sum:workflow_start_success{*}.as_count()",workflowname:cancel_flight_booking_sub_wf,2025-01-20T02:15:17.000Z,N/A
"sum:workflow_start_success{*}.as_count()",workflowname:cancel_flight_booking_sub_wf,2025-01-20T02:15:18.000Z,N/A
"sum:workflow_start_success{*}.as_count()",workflowname:cancel_flight_booking_sub_wf,2025-01-20T02:15:19.000Z,N/A
"sum:workflow_start_success{*}.as_count()",workflowname:cancel_flight_booking_sub_wf,2025-01-20T02:15:20.000Z,N/A
"sum:workflow_start_success{*}.as_count()",workflowname:cancel_flight_booking_sub_wf,2025-01-20T02:15:21.000Z,N/A
"sum:workflow_start_success{*}.as_count()",workflowname:cancel_flight_booking_sub_wf,2025-01-20T02:15:22.000Z,N/A
"sum:workflow_start_success{*}.as_count()",workflowname:cancel_flight_booking_sub_wf,2025-01-20T02:15:23.000Z,N/A
"sum:workflow_start_success{*}.as_count()",workflowname:cancel_flight_booking_sub_wf,2025-01-20T02:15:24.000Z,N/A
"sum:workflow_start_success{*}.as_count()",workflowname:cancel_flight_booking_sub_wf,2025-01-20T02:15:25.000Z,N/A
"sum:workflow_start_success{*}.as_count()",workflowname:cancel_flight_booking_sub_wf,2025-01-20T02:15:26.000Z,N/A
"sum:workflow_start_success{*}.as_count()",workflowname:cancel_flight_booking_sub_wf,2025-01-20T02:15:27.000Z,N/A
"sum:workflow_start_success{*}.as_count()",workflowname:cancel_flight_booking_sub_wf,2025-01-20T02:15:28.000Z,N/A
"sum:workflow_start_success{*}.as_count()",workflowname:cancel_flight_booking_sub_wf,2025-01-20T02:15:29.000Z,N/A
"sum:workflow_start_success{*}.as_count()",workflowname:cancel_flight_booking_sub_wf,2025-01-20T02:15:30.000Z,N/A
"sum:workflow_start_success{*}.as_count()",workflowname:cancel_flight_booking_sub_wf,2025-01-20T02:15:31.000Z,N/A
"sum:workflow_start_success{*}.as_count()",workflowname:cancel_flight_booking_sub_wf,2025-01-20T02:15:32.000Z,0
"sum:workflow_start_success{*}.as_count()",workflowname:cancel_flight_booking_sub_wf,2025-01-20T02:15:33.000Z,3
"sum:workflow_start_success{*}.as_count()",workflowname:cancel_flight_booking_sub_wf,2025-01-20T02:15:34.000Z,0
"sum:workflow_start_success{*}.as_count()",workflowname:cancel_flight_booking_sub_wf,2025-01-20T02:15:35.000Z,0
"sum:workflow_start_success{*}.as_count()",workflowname:cancel_flight_booking_sub_wf,2025-01-20T02:15:36.000Z,0
"sum:workflow_start_success{*}.as_count()",workflowname:cancel_flight_booking_sub_wf,2025-01-20T02:15:37.000Z,0
"sum:workflow_start_success{*}.as_count()",workflowname:cancel_flight_booking_sub_wf,2025-01-20T02:15:38.000Z,0
"sum:workflow_start_success{*}.as_count()",workflowname:cancel_flight_booking_sub_wf,2025-01-20T02:15:39.000Z,0
"sum:workflow_start_success{*}.as_count()",workflowname:cancel_flight_booking_sub_wf,2025-01-20T02:15:40.000Z,0
"sum:workflow_start_success{*}.as_count()",workflowname:cancel_flight_booking_sub_wf,2025-01-20T02:15:41.000Z,0
"sum:workflow_start_success{*}.as_count()",workflowname:cancel_flight_booking_sub_wf,2025-01-20T02:15:42.000Z,0
"sum:workflow_start_success{*}.as_count()",workflowname:cancel_flight_booking_sub_wf,2025-01-20T02:15:43.000Z,0
"sum:workflow_start_success{*}.as_count()",workflowname:cancel_flight_booking_sub_wf,2025-01-20T02:15:44.000Z,0
"sum:workflow_start_success{*}.as_count()",workflowname:cancel_flight_booking_sub_wf,2025-01-20T02:15:45.000Z,0
"sum:workflow_start_success{*}.as_count()",workflowname:cancel_flight_booking_sub_wf,2025-01-20T02:15:46.000Z,0
"sum:workflow_start_success{*}.as_count()",workflowname:cancel_flight_booking_sub_wf,2025-01-20T02:15:47.000Z,0
"sum:workflow_start_success{*}.as_count()",workflowname:cancel_flight_booking_sub_wf,2025-01-20T02:15:48.000Z,0
"sum:workflow_start_success{*}.as_count()",workflowname:cancel_flight_booking_sub_wf,2025-01-20T02:15:49.000Z,0
"sum:workflow_start_success{*}.as_count()",workflowname:cancel_flight_booking_sub_wf,2025-01-20T02:15:50.000Z,0
"sum:workflow_start_success{*}.as_count()",workflowname:cancel_flight_booking_sub_wf,2025-01-20T02:15:51.000Z,0
"sum:workflow_start_success{*}.as_count()",workflowname:cancel_flight_booking_sub_wf,2025-01-20T02:15:52.000Z,0
"sum:workflow_start_success{*}.as_count()",workflowname:cancel_flight_booking_sub_wf,2025-01-20T02:15:53.000Z,0
"sum:workflow_start_success{*}.as_count()",workflowname:cancel_flight_booking_sub_wf,2025-01-20T02:15:54.000Z,1
"sum:workflow_start_success{*}.as_count()",workflowname:cancel_flight_booking_sub_wf,2025-01-20T02:15:55.000Z,0
"sum:workflow_start_success{*}.as_count()",workflowname:cancel_flight_booking_sub_wf,2025-01-20T02:15:56.000Z,0
"sum:workflow_start_success{*}.as_count()",workflowname:cancel_flight_booking_sub_wf,2025-01-20T02:15:57.000Z,0
"sum:workflow_start_success{*}.as_count()",workflowname:cancel_flight_booking_sub_wf,2025-01-20T02:15:58.000Z,0
"sum:workflow_start_success{*}.as_count()",workflowname:cancel_flight_booking_sub_wf,2025-01-20T02:15:59.000Z,0
"sum:workflow_start_success{*}.as_count()",workflowname:cancel_flight_booking_sub_wf,2025-01-20T02:16:00.000Z,0
"sum:workflow_start_success{*}.as_count()",workflowname:cancel_flight_booking_sub_wf,2025-01-20T02:16:01.000Z,0
"sum:workflow_start_success{*}.as_count()",workflowname:cancel_flight_booking_sub_wf,2025-01-20T02:16:02.000Z,2
"sum:workflow_start_success{*}.as_count()",workflowname:cancel_flight_booking_sub_wf,2025-01-20T02:16:03.000Z,0
"sum:workflow_start_success{*}.as_count()",workflowname:cancel_flight_booking_sub_wf,2025-01-20T02:16:04.000Z,0
"sum:workflow_start_success{*}.as_count()",workflowname:cancel_flight_booking_sub_wf,2025-01-20T02:16:05.000Z,0
"sum:workflow_start_success{*}.as_count()",workflowname:cancel_flight_booking_sub_wf,2025-01-20T02:16:06.000Z,0
"sum:workflow_start_success{*}.as_count()",workflowname:cancel_flight_booking_sub_wf,2025-01-20T02:16:07.000Z,0
"sum:workflow_start_success{*}.as_count()",workflowname:cancel_flight_booking_sub_wf,2025-01-20T02:16:08.000Z,0
"sum:workflow_start_success{*}.as_count()",workflowname:cancel_flight_booking_sub_wf,2025-01-20T02:16:09.000Z,0
"sum:workflow_start_success{*}.as_count()",workflowname:cancel_flight_booking_sub_wf,2025-01-20T02:16:10.000Z,0
"sum:workflow_start_success{*}.as_count()",workflowname:cancel_flight_booking_sub_wf,2025-01-20T02:16:11.000Z,1
"sum:workflow_start_success{*}.as_count()",workflowname:cancel_flight_booking_sub_wf,2025-01-20T02:16:12.000Z,0
"sum:workflow_start_success{*}.as_count()",workflowname:cancel_flight_booking_sub_wf,2025-01-20T02:16:13.000Z,0
"sum:workflow_start_success{*}.as_count()",workflowname:cancel_flight_booking_sub_wf,2025-01-20T02:16:14.000Z,0
"sum:workflow_start_success{*}.as_count()",workflowname:cancel_flight_booking_sub_wf,2025-01-20T02:16:15.000Z,0
"sum:workflow_start_success{*}.as_count()",workflowname:cancel_flight_booking_sub_wf,2025-01-20T02:16:16.000Z,0
"sum:workflow_start_success{*}.as_count()",workflowname:cancel_flight_booking_sub_wf,2025-01-20T02:16:17.000Z,1
"sum:workflow_start_success{*}.as_count()",workflowname:cancel_flight_booking_sub_wf,2025-01-20T02:16:18.000Z,0
"sum:workflow_start_success{*}.as_count()",workflowname:cancel_flight_booking_sub_wf,2025-01-20T02:16:19.000Z,0
"sum:workflow_start_success{*}.as_count()",workflowname:cancel_flight_booking_sub_wf,2025-01-20T02:16:20.000Z,0
"sum:workflow_start_success{*}.as_count()",workflowname:cancel_flight_booking_sub_wf,2025-01-20T02:16:21.000Z,4
"sum:workflow_start_success{*}.as_count()",workflowname:cancel_flight_booking_sub_wf,2025-01-20T02:16:22.000Z,0
"sum:workflow_start_success{*}.as_count()",workflowname:cancel_flight_booking_sub_wf,2025-01-20T02:16:23.000Z,0
"sum:workflow_start_success{*}.as_count()",workflowname:cancel_flight_booking_sub_wf,2025-01-20T02:16:24.000Z,0
"sum:workflow_start_success{*}.as_count()",workflowname:cancel_flight_booking_sub_wf,2025-01-20T02:16:25.000Z,2
"sum:workflow_start_success{*}.as_count()",workflowname:cancel_flight_booking_sub_wf,2025-01-20T02:16:26.000Z,0
"sum:workflow_start_success{*}.as_count()",workflowname:cancel_flight_booking_sub_wf,2025-01-20T02:16:27.000Z,0
"sum:workflow_start_success{*}.as_count()",workflowname:cancel_flight_booking_sub_wf,2025-01-20T02:16:28.000Z,9
"sum:workflow_start_success{*}.as_count()",workflowname:cancel_flight_booking_sub_wf,2025-01-20T02:16:29.000Z,22
"sum:workflow_start_success{*}.as_count()",workflowname:cancel_flight_booking_sub_wf,2025-01-20T02:16:30.000Z,0
"sum:workflow_start_success{*}.as_count()",workflowname:cancel_flight_booking_sub_wf,2025-01-20T02:16:31.000Z,7
"sum:workflow_start_success{*}.as_count()",workflowname:cancel_flight_booking_sub_wf,2025-01-20T02:16:32.000Z,5
"sum:workflow_start_success{*}.as_count()",workflowname:cancel_flight_booking_sub_wf,2025-01-20T02:16:33.000Z,0
"sum:workflow_start_success{*}.as_count()",workflowname:cancel_flight_booking_sub_wf,2025-01-20T02:16:34.000Z,0
"sum:workflow_start_success{*}.as_count()",workflowname:cancel_flight_booking_sub_wf,2025-01-20T02:16:35.000Z,0
"sum:workflow_start_success{*}.as_count()",workflowname:cancel_flight_booking_sub_wf,2025-01-20T02:16:36.000Z,20
"sum:workflow_start_success{*}.as_count()",workflowname:cancel_flight_booking_sub_wf,2025-01-20T02:16:37.000Z,0
"sum:workflow_start_success{*}.as_count()",workflowname:cancel_flight_booking_sub_wf,2025-01-20T02:16:38.000Z,0
"sum:workflow_start_success{*}.as_count()",workflowname:cancel_flight_booking_sub_wf,2025-01-20T02:16:39.000Z,0
"sum:workflow_start_success{*}.as_count()",workflowname:cancel_flight_booking_sub_wf,2025-01-20T02:16:40.000Z,0
"sum:workflow_start_success{*}.as_count()",workflowname:cancel_flight_booking_sub_wf,2025-01-20T02:16:41.000Z,5
"sum:workflow_start_success{*}.as_count()",workflowname:cancel_flight_booking_sub_wf,2025-01-20T02:16:42.000Z,0
"sum:workflow_start_success{*}.as_count()",workflowname:cancel_flight_booking_sub_wf,2025-01-20T02:16:43.000Z,0
"sum:workflow_start_success{*}.as_count()",workflowname:cancel_flight_booking_sub_wf,2025-01-20T02:16:44.000Z,0
"sum:workflow_start_success{*}.as_count()",workflowname:cancel_flight_booking_sub_wf,2025-01-20T02:16:45.000Z,18
"sum:workflow_start_success{*}.as_count()",workflowname:cancel_flight_booking_sub_wf,2025-01-20T02:16:46.000Z,0
"sum:workflow_start_success{*}.as_count()",workflowname:cancel_flight_booking_sub_wf,2025-01-20T02:16:47.000Z,0
"sum:workflow_start_success{*}.as_count()",workflowname:cancel_flight_booking_sub_wf,2025-01-20T02:16:48.000Z,0
"sum:workflow_start_success{*}.as_count()",workflowname:cancel_flight_booking_sub_wf,2025-01-20T02:16:49.000Z,0
"sum:workflow_start_success{*}.as_count()",workflowname:cancel_flight_booking_sub_wf,2025-01-20T02:16:50.000Z,0
"sum:workflow_start_success{*}.as_count()",workflowname:cancel_flight_booking_sub_wf,2025-01-20T02:16:51.000Z,0
"sum:workflow_start_success{*}.as_count()",workflowname:cancel_flight_booking_sub_wf,2025-01-20T02:16:52.000Z,0
"sum:workflow_start_success{*}.as_count()",workflowname:cancel_flight_booking_sub_wf,2025-01-20T02:16:53.000Z,0
"sum:workflow_start_success{*}.as_count()",workflowname:cancel_flight_booking_sub_wf,2025-01-20T02:16:54.000Z,0
"sum:workflow_start_success{*}.as_count()",workflowname:cancel_flight_booking_sub_wf,2025-01-20T02:16:55.000Z,0
"sum:workflow_start_success{*}.as_count()",workflowname:cancel_flight_booking_sub_wf,2025-01-20T02:16:56.000Z,0
"sum:workflow_start_success{*}.as_count()",workflowname:cancel_flight_booking_sub_wf,2025-01-20T02:16:57.000Z,0
"sum:workflow_start_success{*}.as_count()",workflowname:cancel_flight_booking_sub_wf,2025-01-20T02:16:58.000Z,0
"sum:workflow_start_success{*}.as_count()",workflowname:cancel_flight_booking_sub_wf,2025-01-20T02:16:59.000Z,0
"sum:workflow_start_success{*}.as_count()",workflowname:cancel_flight_booking_sub_wf,2025-01-20T02:17:00.000Z,0
"sum:workflow_start_success{*}.as_count()",workflowname:cancel_flight_booking_sub_wf,2025-01-20T02:17:01.000Z,0
"sum:workflow_start_success{*}.as_count()",workflowname:cancel_flight_booking_sub_wf,2025-01-20T02:17:02.000Z,0
"sum:workflow_start_success{*}.as_count()",workflowname:cancel_flight_booking_sub_wf,2025-01-20T02:17:03.000Z,0
"sum:workflow_start_success{*}.as_count()",workflowname:cancel_flight_booking_sub_wf,2025-01-20T02:17:04.000Z,0
"sum:workflow_start_success{*}.as_count()",workflowname:cancel_flight_booking_sub_wf,2025-01-20T02:17:05.000Z,0
"sum:workflow_start_success{*}.as_count()",workflowname:cancel_flight_booking_sub_wf,2025-01-20T02:17:06.000Z,0
"sum:workflow_start_success{*}.as_count()",workflowname:cancel_flight_booking_sub_wf,2025-01-20T02:17:07.000Z,0
"sum:workflow_start_success{*}.as_count()",workflowname:cancel_flight_booking_sub_wf,2025-01-20T02:17:08.000Z,0
"sum:workflow_start_success{*}.as_count()",workflowname:cancel_flight_booking_sub_wf,2025-01-20T02:17:09.000Z,0
"sum:workflow_start_success{*}.as_count()",workflowname:cancel_flight_booking_sub_wf,2025-01-20T02:17:10.000Z,0
"sum:workflow_start_success{*}.as_count()",workflowname:cancel_flight_booking_sub_wf,2025-01-20T02:17:11.000Z,0
"sum:workflow_start_success{*}.as_count()",workflowname:cancel_flight_booking_sub_wf,2025-01-20T02:17:12.000Z,0
"sum:workflow_start_success{*}.as_count()",workflowname:cancel_flight_booking_sub_wf,2025-01-20T02:17:13.000Z,0
"sum:workflow_start_success{*}.as_count()",workflowname:cancel_flight_booking_sub_wf,2025-01-20T02:17:14.000Z,0
"sum:workflow_start_success{*}.as_count()",workflowname:cancel_flight_booking_sub_wf,2025-01-20T02:17:15.000Z,0
"sum:workflow_start_success{*}.as_count()",workflowname:cancel_flight_booking_sub_wf,2025-01-20T02:17:16.000Z,0
"sum:workflow_start_success{*}.as_count()",workflowname:cancel_flight_booking_sub_wf,2025-01-20T02:17:17.000Z,0
"sum:workflow_start_success{*}.as_count()",workflowname:cancel_flight_booking_sub_wf,2025-01-20T02:17:18.000Z,0
"sum:workflow_start_success{*}.as_count()",workflowname:cancel_flight_booking_sub_wf,2025-01-20T02:17:19.000Z,0
"sum:workflow_start_success{*}.as_count()",workflowname:cancel_flight_booking_sub_wf,2025-01-20T02:17:20.000Z,0
"sum:workflow_start_success{*}.as_count()",workflowname:cancel_flight_booking_sub_wf,2025-01-20T02:17:21.000Z,0
"sum:workflow_start_success{*}.as_count()",workflowname:cancel_flight_booking_sub_wf,2025-01-20T02:17:22.000Z,0
"sum:workflow_start_success{*}.as_count()",workflowname:cancel_flight_booking_sub_wf,2025-01-20T02:17:23.000Z,0
"sum:workflow_start_success{*}.as_count()",workflowname:cancel_flight_booking_sub_wf,2025-01-20T02:17:24.000Z,0
"sum:workflow_start_success{*}.as_count()",workflowname:cancel_flight_booking_sub_wf,2025-01-20T02:17:25.000Z,0
"sum:workflow_start_success{*}.as_count()",workflowname:cancel_flight_booking_sub_wf,2025-01-20T02:17:26.000Z,0
"sum:workflow_start_success{*}.as_count()",workflowname:cancel_flight_booking_sub_wf,2025-01-20T02:17:27.000Z,0
"sum:workflow_start_success{*}.as_count()",workflowname:cancel_flight_booking_sub_wf,2025-01-20T02:17:28.000Z,0
"sum:workflow_start_success{*}.as_count()",workflowname:cancel_flight_booking_sub_wf,2025-01-20T02:17:29.000Z,0
"sum:workflow_start_success{*}.as_count()",workflowname:cancel_flight_booking_sub_wf,2025-01-20T02:17:30.000Z,0
"sum:workflow_start_success{*}.as_count()",workflowname:cancel_flight_booking_sub_wf,2025-01-20T02:17:31.000Z,0
"sum:workflow_start_success{*}.as_count()",workflowname:cancel_flight_booking_sub_wf,2025-01-20T02:17:32.000Z,0
"sum:workflow_start_success{*}.as_count()",workflowname:cancel_flight_booking_sub_wf,2025-01-20T02:17:33.000Z,0
"sum:workflow_start_success{*}.as_count()",workflowname:cancel_flight_booking_sub_wf,2025-01-20T02:17:34.000Z,0
"sum:workflow_start_success{*}.as_count()",workflowname:cancel_flight_booking_sub_wf,2025-01-20T02:17:35.000Z,0
"sum:workflow_start_success{*}.as_count()",workflowname:cancel_flight_booking_sub_wf,2025-01-20T02:17:36.000Z,0
"sum:workflow_start_success{*}.as_count()",workflowname:cancel_flight_booking_sub_wf,2025-01-20T02:17:37.000Z,0
"sum:workflow_start_success{*}.as_count()",workflowname:cancel_flight_booking_sub_wf,2025-01-20T02:17:38.000Z,0
"sum:workflow_start_success{*}.as_count()",workflowname:cancel_flight_booking_sub_wf,2025-01-20T02:17:39.000Z,0
"sum:workflow_start_success{*}.as_count()",workflowname:cancel_flight_booking_sub_wf,2025-01-20T02:17:40.000Z,0
"sum:workflow_start_success{*}.as_count()",workflowname:cancel_flight_booking_sub_wf,2025-01-20T02:17:41.000Z,0
"sum:workflow_start_success{*}.as_count()",workflowname:cancel_flight_booking_sub_wf,2025-01-20T02:17:42.000Z,0
"sum:workflow_start_success{*}.as_count()",workflowname:cancel_hotel_booking_sub_wf,2025-01-20T02:14:17.000Z,N/A
"sum:workflow_start_success{*}.as_count()",workflowname:cancel_hotel_booking_sub_wf,2025-01-20T02:14:18.000Z,N/A
"sum:workflow_start_success{*}.as_count()",workflowname:cancel_hotel_booking_sub_wf,2025-01-20T02:14:19.000Z,N/A
"sum:workflow_start_success{*}.as_count()",workflowname:cancel_hotel_booking_sub_wf,2025-01-20T02:14:20.000Z,N/A
"sum:workflow_start_success{*}.as_count()",workflowname:cancel_hotel_booking_sub_wf,2025-01-20T02:14:21.000Z,N/A
"sum:workflow_start_success{*}.as_count()",workflowname:cancel_hotel_booking_sub_wf,2025-01-20T02:14:22.000Z,N/A
"sum:workflow_start_success{*}.as_count()",workflowname:cancel_hotel_booking_sub_wf,2025-01-20T02:14:23.000Z,N/A
"sum:workflow_start_success{*}.as_count()",workflowname:cancel_hotel_booking_sub_wf,2025-01-20T02:14:24.000Z,N/A
"sum:workflow_start_success{*}.as_count()",workflowname:cancel_hotel_booking_sub_wf,2025-01-20T02:14:25.000Z,N/A
"sum:workflow_start_success{*}.as_count()",workflowname:cancel_hotel_booking_sub_wf,2025-01-20T02:14:26.000Z,N/A
"sum:workflow_start_success{*}.as_count()",workflowname:cancel_hotel_booking_sub_wf,2025-01-20T02:14:27.000Z,N/A
"sum:workflow_start_success{*}.as_count()",workflowname:cancel_hotel_booking_sub_wf,2025-01-20T02:14:28.000Z,N/A
"sum:workflow_start_success{*}.as_count()",workflowname:cancel_hotel_booking_sub_wf,2025-01-20T02:14:29.000Z,N/A
"sum:workflow_start_success{*}.as_count()",workflowname:cancel_hotel_booking_sub_wf,2025-01-20T02:14:30.000Z,N/A
"sum:workflow_start_success{*}.as_count()",workflowname:cancel_hotel_booking_sub_wf,2025-01-20T02:14:31.000Z,2
"sum:workflow_start_success{*}.as_count()",workflowname:cancel_hotel_booking_sub_wf,2025-01-20T02:14:32.000Z,0
"sum:workflow_start_success{*}.as_count()",workflowname:cancel_hotel_booking_sub_wf,2025-01-20T02:14:33.000Z,0
"sum:workflow_start_success{*}.as_count()",workflowname:cancel_hotel_booking_sub_wf,2025-01-20T02:14:34.000Z,0
"sum:workflow_start_success{*}.as_count()",workflowname:cancel_hotel_booking_sub_wf,2025-01-20T02:14:35.000Z,1
"sum:workflow_start_success{*}.as_count()",workflowname:cancel_hotel_booking_sub_wf,2025-01-20T02:14:36.000Z,0
"sum:workflow_start_success{*}.as_count()",workflowname:cancel_hotel_booking_sub_wf,2025-01-20T02:14:37.000Z,0
"sum:workflow_start_success{*}.as_count()",workflowname:cancel_hotel_booking_sub_wf,2025-01-20T02:14:38.000Z,0
"sum:workflow_start_success{*}.as_count()",workflowname:cancel_hotel_booking_sub_wf,2025-01-20T02:14:39.000Z,0
"sum:workflow_start_success{*}.as_count()",workflowname:cancel_hotel_booking_sub_wf,2025-01-20T02:14:40.000Z,0
"sum:workflow_start_success{*}.as_count()",workflowname:cancel_hotel_booking_sub_wf,2025-01-20T02:14:41.000Z,0
"sum:workflow_start_success{*}.as_count()",workflowname:cancel_hotel_booking_sub_wf,2025-01-20T02:14:42.000Z,0
"sum:workflow_start_success{*}.as_count()",workflowname:cancel_hotel_booking_sub_wf,2025-01-20T02:14:43.000Z,0
"sum:workflow_start_success{*}.as_count()",workflowname:cancel_hotel_booking_sub_wf,2025-01-20T02:14:44.000Z,0
"sum:workflow_start_success{*}.as_count()",workflowname:cancel_hotel_booking_sub_wf,2025-01-20T02:14:45.000Z,0
"sum:workflow_start_success{*}.as_count()",workflowname:cancel_hotel_booking_sub_wf,2025-01-20T02:14:46.000Z,0
"sum:workflow_start_success{*}.as_count()",workflowname:cancel_hotel_booking_sub_wf,2025-01-20T02:14:47.000Z,0
"sum:workflow_start_success{*}.as_count()",workflowname:cancel_hotel_booking_sub_wf,2025-01-20T02:14:48.000Z,0
"sum:workflow_start_success{*}.as_count()",workflowname:cancel_hotel_booking_sub_wf,2025-01-20T02:14:49.000Z,0
"sum:workflow_start_success{*}.as_count()",workflowname:cancel_hotel_booking_sub_wf,2025-01-20T02:14:50.000Z,0
"sum:workflow_start_success{*}.as_count()",workflowname:cancel_hotel_booking_sub_wf,2025-01-20T02:14:51.000Z,0
"sum:workflow_start_success{*}.as_count()",workflowname:cancel_hotel_booking_sub_wf,2025-01-20T02:14:52.000Z,0
"sum:workflow_start_success{*}.as_count()",workflowname:cancel_hotel_booking_sub_wf,2025-01-20T02:14:53.000Z,0
"sum:workflow_start_success{*}.as_count()",workflowname:cancel_hotel_booking_sub_wf,2025-01-20T02:14:54.000Z,0
"sum:workflow_start_success{*}.as_count()",workflowname:cancel_hotel_booking_sub_wf,2025-01-20T02:14:55.000Z,0
"sum:workflow_start_success{*}.as_count()",workflowname:cancel_hotel_booking_sub_wf,2025-01-20T02:14:56.000Z,0
"sum:workflow_start_success{*}.as_count()",workflowname:cancel_hotel_booking_sub_wf,2025-01-20T02:14:57.000Z,1
"sum:workflow_start_success{*}.as_count()",workflowname:cancel_hotel_booking_sub_wf,2025-01-20T02:14:58.000Z,0
"sum:workflow_start_success{*}.as_count()",workflowname:cancel_hotel_booking_sub_wf,2025-01-20T02:14:59.000Z,0
"sum:workflow_start_success{*}.as_count()",workflowname:cancel_hotel_booking_sub_wf,2025-01-20T02:15:00.000Z,0
"sum:workflow_start_success{*}.as_count()",workflowname:cancel_hotel_booking_sub_wf,2025-01-20T02:15:01.000Z,0
"sum:workflow_start_success{*}.as_count()",workflowname:cancel_hotel_booking_sub_wf,2025-01-20T02:15:02.000Z,0
"sum:workflow_start_success{*}.as_count()",workflowname:cancel_hotel_booking_sub_wf,2025-01-20T02:15:03.000Z,0
"sum:workflow_start_success{*}.as_count()",workflowname:cancel_hotel_booking_sub_wf,2025-01-20T02:15:04.000Z,0
"sum:workflow_start_success{*}.as_count()",workflowname:cancel_hotel_booking_sub_wf,2025-01-20T02:15:05.000Z,2
"sum:workflow_start_success{*}.as_count()",workflowname:cancel_hotel_booking_sub_wf,2025-01-20T02:15:06.000Z,0
"sum:workflow_start_success{*}.as_count()",workflowname:cancel_hotel_booking_sub_wf,2025-01-20T02:15:07.000Z,0
"sum:workflow_start_success{*}.as_count()",workflowname:cancel_hotel_booking_sub_wf,2025-01-20T02:15:08.000Z,0
"sum:workflow_start_success{*}.as_count()",workflowname:cancel_hotel_booking_sub_wf,2025-01-20T02:15:09.000Z,1
"sum:workflow_start_success{*}.as_count()",workflowname:cancel_hotel_booking_sub_wf,2025-01-20T02:15:10.000Z,0
"sum:workflow_start_success{*}.as_count()",workflowname:cancel_hotel_booking_sub_wf,2025-01-20T02:15:11.000Z,0
"sum:workflow_start_success{*}.as_count()",workflowname:cancel_hotel_booking_sub_wf,2025-01-20T02:15:12.000Z,0
"sum:workflow_start_success{*}.as_count()",workflowname:cancel_hotel_booking_sub_wf,2025-01-20T02:15:13.000Z,0
"sum:workflow_start_success{*}.as_count()",workflowname:cancel_hotel_booking_sub_wf,2025-01-20T02:15:14.000Z,0
"sum:workflow_start_success{*}.as_count()",workflowname:cancel_hotel_booking_sub_wf,2025-01-20T02:15:15.000Z,0
"sum:workflow_start_success{*}.as_count()",workflowname:cancel_hotel_booking_sub_wf,2025-01-20T02:15:16.000Z,0
"sum:workflow_start_success{*}.as_count()",workflowname:cancel_hotel_booking_sub_wf,2025-01-20T02:15:17.000Z,0
"sum:workflow_start_success{*}.as_count()",workflowname:cancel_hotel_booking_sub_wf,2025-01-20T02:15:18.000Z,1
"sum:workflow_start_success{*}.as_count()",workflowname:cancel_hotel_booking_sub_wf,2025-01-20T02:15:19.000Z,4
"sum:workflow_start_success{*}.as_count()",workflowname:cancel_hotel_booking_sub_wf,2025-01-20T02:15:20.000Z,0
"sum:workflow_start_success{*}.as_count()",workflowname:cancel_hotel_booking_sub_wf,2025-01-20T02:15:21.000Z,0
"sum:workflow_start_success{*}.as_count()",workflowname:cancel_hotel_booking_sub_wf,2025-01-20T02:15:22.000Z,0
"sum:workflow_start_success{*}.as_count()",workflowname:cancel_hotel_booking_sub_wf,2025-01-20T02:15:23.000Z,0
"sum:workflow_start_success{*}.as_count()",workflowname:cancel_hotel_booking_sub_wf,2025-01-20T02:15:24.000Z,0
"sum:workflow_start_success{*}.as_count()",workflowname:cancel_hotel_booking_sub_wf,2025-01-20T02:15:25.000Z,1
"sum:workflow_start_success{*}.as_count()",workflowname:cancel_hotel_booking_sub_wf,2025-01-20T02:15:26.000Z,2
"sum:workflow_start_success{*}.as_count()",workflowname:cancel_hotel_booking_sub_wf,2025-01-20T02:15:27.000Z,2
"sum:workflow_start_success{*}.as_count()",workflowname:cancel_hotel_booking_sub_wf,2025-01-20T02:15:28.000Z,0
"sum:workflow_start_success{*}.as_count()",workflowname:cancel_hotel_booking_sub_wf,2025-01-20T02:15:29.000Z,1
"sum:workflow_start_success{*}.as_count()",workflowname:cancel_hotel_booking_sub_wf,2025-01-20T02:15:30.000Z,2
"sum:workflow_start_success{*}.as_count()",workflowname:cancel_hotel_booking_sub_wf,2025-01-20T02:15:31.000Z,4
"sum:workflow_start_success{*}.as_count()",workflowname:cancel_hotel_booking_sub_wf,2025-01-20T02:15:32.000Z,1
"sum:workflow_start_success{*}.as_count()",workflowname:cancel_hotel_booking_sub_wf,2025-01-20T02:15:33.000Z,0
"sum:workflow_start_success{*}.as_count()",workflowname:cancel_hotel_booking_sub_wf,2025-01-20T02:15:34.000Z,0
"sum:workflow_start_success{*}.as_count()",workflowname:cancel_hotel_booking_sub_wf,2025-01-20T02:15:35.000Z,0
"sum:workflow_start_success{*}.as_count()",workflowname:cancel_hotel_booking_sub_wf,2025-01-20T02:15:36.000Z,0
"sum:workflow_start_success{*}.as_count()",workflowname:cancel_hotel_booking_sub_wf,2025-01-20T02:15:37.000Z,4
"sum:workflow_start_success{*}.as_count()",workflowname:cancel_hotel_booking_sub_wf,2025-01-20T02:15:38.000Z,1
"sum:workflow_start_success{*}.as_count()",workflowname:cancel_hotel_booking_sub_wf,2025-01-20T02:15:39.000Z,1
"sum:workflow_start_success{*}.as_count()",workflowname:cancel_hotel_booking_sub_wf,2025-01-20T02:15:40.000Z,3
"sum:workflow_start_success{*}.as_count()",workflowname:cancel_hotel_booking_sub_wf,2025-01-20T02:15:41.000Z,2
"sum:workflow_start_success{*}.as_count()",workflowname:cancel_hotel_booking_sub_wf,2025-01-20T02:15:42.000Z,0
"sum:workflow_start_success{*}.as_count()",workflowname:cancel_hotel_booking_sub_wf,2025-01-20T02:15:43.000Z,1
"sum:workflow_start_success{*}.as_count()",workflowname:cancel_hotel_booking_sub_wf,2025-01-20T02:15:44.000Z,2
"sum:workflow_start_success{*}.as_count()",workflowname:cancel_hotel_booking_sub_wf,2025-01-20T02:15:45.000Z,1
"sum:workflow_start_success{*}.as_count()",workflowname:cancel_hotel_booking_sub_wf,2025-01-20T02:15:46.000Z,3
"sum:workflow_start_success{*}.as_count()",workflowname:cancel_hotel_booking_sub_wf,2025-01-20T02:15:47.000Z,2
"sum:workflow_start_success{*}.as_count()",workflowname:cancel_hotel_booking_sub_wf,2025-01-20T02:15:48.000Z,0
"sum:workflow_start_success{*}.as_count()",workflowname:cancel_hotel_booking_sub_wf,2025-01-20T02:15:49.000Z,1
"sum:workflow_start_success{*}.as_count()",workflowname:cancel_hotel_booking_sub_wf,2025-01-20T02:15:50.000Z,0
"sum:workflow_start_success{*}.as_count()",workflowname:cancel_hotel_booking_sub_wf,2025-01-20T02:15:51.000Z,0
"sum:workflow_start_success{*}.as_count()",workflowname:cancel_hotel_booking_sub_wf,2025-01-20T02:15:52.000Z,4
"sum:workflow_start_success{*}.as_count()",workflowname:cancel_hotel_booking_sub_wf,2025-01-20T02:15:53.000Z,0
"sum:workflow_start_success{*}.as_count()",workflowname:cancel_hotel_booking_sub_wf,2025-01-20T02:15:54.000Z,1
"sum:workflow_start_success{*}.as_count()",workflowname:cancel_hotel_booking_sub_wf,2025-01-20T02:15:55.000Z,3
"sum:workflow_start_success{*}.as_count()",workflowname:cancel_hotel_booking_sub_wf,2025-01-20T02:15:56.000Z,1
"sum:workflow_start_success{*}.as_count()",workflowname:cancel_hotel_booking_sub_wf,2025-01-20T02:15:57.000Z,1
"sum:workflow_start_success{*}.as_count()",workflowname:cancel_hotel_booking_sub_wf,2025-01-20T02:15:58.000Z,0
"sum:workflow_start_success{*}.as_count()",workflowname:cancel_hotel_booking_sub_wf,2025-01-20T02:15:59.000Z,3
"sum:workflow_start_success{*}.as_count()",workflowname:cancel_hotel_booking_sub_wf,2025-01-20T02:16:00.000Z,1
"sum:workflow_start_success{*}.as_count()",workflowname:cancel_hotel_booking_sub_wf,2025-01-20T02:16:01.000Z,3
"sum:workflow_start_success{*}.as_count()",workflowname:cancel_hotel_booking_sub_wf,2025-01-20T02:16:02.000Z,2
"sum:workflow_start_success{*}.as_count()",workflowname:cancel_hotel_booking_sub_wf,2025-01-20T02:16:03.000Z,1
"sum:workflow_start_success{*}.as_count()",workflowname:cancel_hotel_booking_sub_wf,2025-01-20T02:16:04.000Z,1
"sum:workflow_start_success{*}.as_count()",workflowname:cancel_hotel_booking_sub_wf,2025-01-20T02:16:05.000Z,0
"sum:workflow_start_success{*}.as_count()",workflowname:cancel_hotel_booking_sub_wf,2025-01-20T02:16:06.000Z,0
"sum:workflow_start_success{*}.as_count()",workflowname:cancel_hotel_booking_sub_wf,2025-01-20T02:16:07.000Z,6
"sum:workflow_start_success{*}.as_count()",workflowname:cancel_hotel_booking_sub_wf,2025-01-20T02:16:08.000Z,0
"sum:workflow_start_success{*}.as_count()",workflowname:cancel_hotel_booking_sub_wf,2025-01-20T02:16:09.000Z,0
"sum:workflow_start_success{*}.as_count()",workflowname:cancel_hotel_booking_sub_wf,2025-01-20T02:16:10.000Z,0
"sum:workflow_start_success{*}.as_count()",workflowname:cancel_hotel_booking_sub_wf,2025-01-20T02:16:11.000Z,3
"sum:workflow_start_success{*}.as_count()",workflowname:cancel_hotel_booking_sub_wf,2025-01-20T02:16:12.000Z,0
"sum:workflow_start_success{*}.as_count()",workflowname:cancel_hotel_booking_sub_wf,2025-01-20T02:16:13.000Z,0
"sum:workflow_start_success{*}.as_count()",workflowname:cancel_hotel_booking_sub_wf,2025-01-20T02:16:14.000Z,2
"sum:workflow_start_success{*}.as_count()",workflowname:cancel_hotel_booking_sub_wf,2025-01-20T02:16:15.000Z,1
"sum:workflow_start_success{*}.as_count()",workflowname:cancel_hotel_booking_sub_wf,2025-01-20T02:16:16.000Z,1
"sum:workflow_start_success{*}.as_count()",workflowname:cancel_hotel_booking_sub_wf,2025-01-20T02:16:17.000Z,1
"sum:workflow_start_success{*}.as_count()",workflowname:cancel_hotel_booking_sub_wf,2025-01-20T02:16:18.000Z,4
"sum:workflow_start_success{*}.as_count()",workflowname:cancel_hotel_booking_sub_wf,2025-01-20T02:16:19.000Z,0
"sum:workflow_start_success{*}.as_count()",workflowname:cancel_hotel_booking_sub_wf,2025-01-20T02:16:20.000Z,3
"sum:workflow_start_success{*}.as_count()",workflowname:cancel_hotel_booking_sub_wf,2025-01-20T02:16:21.000Z,1
"sum:workflow_start_success{*}.as_count()",workflowname:cancel_hotel_booking_sub_wf,2025-01-20T02:16:22.000Z,6
"sum:workflow_start_success{*}.as_count()",workflowname:cancel_hotel_booking_sub_wf,2025-01-20T02:16:23.000Z,2
"sum:workflow_start_success{*}.as_count()",workflowname:cancel_hotel_booking_sub_wf,2025-01-20T02:16:24.000Z,2
"sum:workflow_start_success{*}.as_count()",workflowname:cancel_hotel_booking_sub_wf,2025-01-20T02:16:25.000Z,1
"sum:workflow_start_success{*}.as_count()",workflowname:cancel_hotel_booking_sub_wf,2025-01-20T02:16:26.000Z,0
"sum:workflow_start_success{*}.as_count()",workflowname:cancel_hotel_booking_sub_wf,2025-01-20T02:16:27.000Z,0
"sum:workflow_start_success{*}.as_count()",workflowname:cancel_hotel_booking_sub_wf,2025-01-20T02:16:28.000Z,0
"sum:workflow_start_success{*}.as_count()",workflowname:cancel_hotel_booking_sub_wf,2025-01-20T02:16:29.000Z,0
"sum:workflow_start_success{*}.as_count()",workflowname:cancel_hotel_booking_sub_wf,2025-01-20T02:16:30.000Z,0
"sum:workflow_start_success{*}.as_count()",workflowname:cancel_hotel_booking_sub_wf,2025-01-20T02:16:31.000Z,0
"sum:workflow_start_success{*}.as_count()",workflowname:cancel_hotel_booking_sub_wf,2025-01-20T02:16:32.000Z,0
"sum:workflow_start_success{*}.as_count()",workflowname:cancel_hotel_booking_sub_wf,2025-01-20T02:16:33.000Z,0
"sum:workflow_start_success{*}.as_count()",workflowname:cancel_hotel_booking_sub_wf,2025-01-20T02:16:34.000Z,0
"sum:workflow_start_success{*}.as_count()",workflowname:cancel_hotel_booking_sub_wf,2025-01-20T02:16:35.000Z,0
"sum:workflow_start_success{*}.as_count()",workflowname:cancel_hotel_booking_sub_wf,2025-01-20T02:16:36.000Z,0
"sum:workflow_start_success{*}.as_count()",workflowname:cancel_hotel_booking_sub_wf,2025-01-20T02:16:37.000Z,0
"sum:workflow_start_success{*}.as_count()",workflowname:cancel_hotel_booking_sub_wf,2025-01-20T02:16:38.000Z,0
"sum:workflow_start_success{*}.as_count()",workflowname:cancel_hotel_booking_sub_wf,2025-01-20T02:16:39.000Z,0
"sum:workflow_start_success{*}.as_count()",workflowname:cancel_hotel_booking_sub_wf,2025-01-20T02:16:40.000Z,0
"sum:workflow_start_success{*}.as_count()",workflowname:cancel_hotel_booking_sub_wf,2025-01-20T02:16:41.000Z,0
"sum:workflow_start_success{*}.as_count()",workflowname:cancel_hotel_booking_sub_wf,2025-01-20T02:16:42.000Z,0
"sum:workflow_start_success{*}.as_count()",workflowname:cancel_hotel_booking_sub_wf,2025-01-20T02:16:43.000Z,0
"sum:workflow_start_success{*}.as_count()",workflowname:cancel_hotel_booking_sub_wf,2025-01-20T02:16:44.000Z,0
"sum:workflow_start_success{*}.as_count()",workflowname:cancel_hotel_booking_sub_wf,2025-01-20T02:16:45.000Z,0
"sum:workflow_start_success{*}.as_count()",workflowname:cancel_hotel_booking_sub_wf,2025-01-20T02:16:46.000Z,0
"sum:workflow_start_success{*}.as_count()",workflowname:cancel_hotel_booking_sub_wf,2025-01-20T02:16:47.000Z,0
"sum:workflow_start_success{*}.as_count()",workflowname:cancel_hotel_booking_sub_wf,2025-01-20T02:16:48.000Z,0
"sum:workflow_start_success{*}.as_count()",workflowname:cancel_hotel_booking_sub_wf,2025-01-20T02:16:49.000Z,0
"sum:workflow_start_success{*}.as_count()",workflowname:cancel_hotel_booking_sub_wf,2025-01-20T02:16:50.000Z,0
"sum:workflow_start_success{*}.as_count()",workflowname:cancel_hotel_booking_sub_wf,2025-01-20T02:16:51.000Z,0
"sum:workflow_start_success{*}.as_count()",workflowname:cancel_hotel_booking_sub_wf,2025-01-20T02:16:52.000Z,0
"sum:workflow_start_success{*}.as_count()",workflowname:cancel_hotel_booking_sub_wf,2025-01-20T02:16:53.000Z,0
"sum:workflow_start_success{*}.as_count()",workflowname:cancel_hotel_booking_sub_wf,2025-01-20T02:16:54.000Z,0
"sum:workflow_start_success{*}.as_count()",workflowname:cancel_hotel_booking_sub_wf,2025-01-20T02:16:55.000Z,0
"sum:workflow_start_success{*}.as_count()",workflowname:cancel_hotel_booking_sub_wf,2025-01-20T02:16:56.000Z,0
"sum:workflow_start_success{*}.as_count()",workflowname:cancel_hotel_booking_sub_wf,2025-01-20T02:16:57.000Z,0
"sum:workflow_start_success{*}.as_count()",workflowname:cancel_hotel_booking_sub_wf,2025-01-20T02:16:58.000Z,0
"sum:workflow_start_success{*}.as_count()",workflowname:cancel_hotel_booking_sub_wf,2025-01-20T02:16:59.000Z,0
"sum:workflow_start_success{*}.as_count()",workflowname:cancel_hotel_booking_sub_wf,2025-01-20T02:17:00.000Z,0
"sum:workflow_start_success{*}.as_count()",workflowname:cancel_hotel_booking_sub_wf,2025-01-20T02:17:01.000Z,0
"sum:workflow_start_success{*}.as_count()",workflowname:cancel_hotel_booking_sub_wf,2025-01-20T02:17:02.000Z,0
"sum:workflow_start_success{*}.as_count()",workflowname:cancel_hotel_booking_sub_wf,2025-01-20T02:17:03.000Z,0
"sum:workflow_start_success{*}.as_count()",workflowname:cancel_hotel_booking_sub_wf,2025-01-20T02:17:04.000Z,0
"sum:workflow_start_success{*}.as_count()",workflowname:cancel_hotel_booking_sub_wf,2025-01-20T02:17:05.000Z,0
"sum:workflow_start_success{*}.as_count()",workflowname:cancel_hotel_booking_sub_wf,2025-01-20T02:17:06.000Z,0
"sum:workflow_start_success{*}.as_count()",workflowname:cancel_hotel_booking_sub_wf,2025-01-20T02:17:07.000Z,0
"sum:workflow_start_success{*}.as_count()",workflowname:cancel_hotel_booking_sub_wf,2025-01-20T02:17:08.000Z,0
"sum:workflow_start_success{*}.as_count()",workflowname:cancel_hotel_booking_sub_wf,2025-01-20T02:17:09.000Z,0
"sum:workflow_start_success{*}.as_count()",workflowname:cancel_hotel_booking_sub_wf,2025-01-20T02:17:10.000Z,0
"sum:workflow_start_success{*}.as_count()",workflowname:cancel_hotel_booking_sub_wf,2025-01-20T02:17:11.000Z,0
"sum:workflow_start_success{*}.as_count()",workflowname:cancel_hotel_booking_sub_wf,2025-01-20T02:17:12.000Z,0
"sum:workflow_start_success{*}.as_count()",workflowname:cancel_hotel_booking_sub_wf,2025-01-20T02:17:13.000Z,0
"sum:workflow_start_success{*}.as_count()",workflowname:cancel_hotel_booking_sub_wf,2025-01-20T02:17:14.000Z,0
"sum:workflow_start_success{*}.as_count()",workflowname:cancel_hotel_booking_sub_wf,2025-01-20T02:17:15.000Z,0
"sum:workflow_start_success{*}.as_count()",workflowname:cancel_hotel_booking_sub_wf,2025-01-20T02:17:16.000Z,0
"sum:workflow_start_success{*}.as_count()",workflowname:cancel_hotel_booking_sub_wf,2025-01-20T02:17:17.000Z,0
"sum:workflow_start_success{*}.as_count()",workflowname:cancel_hotel_booking_sub_wf,2025-01-20T02:17:18.000Z,0
"sum:workflow_start_success{*}.as_count()",workflowname:cancel_hotel_booking_sub_wf,2025-01-20T02:17:19.000Z,0
"sum:workflow_start_success{*}.as_count()",workflowname:cancel_hotel_booking_sub_wf,2025-01-20T02:17:20.000Z,0
"sum:workflow_start_success{*}.as_count()",workflowname:cancel_hotel_booking_sub_wf,2025-01-20T02:17:21.000Z,0
"sum:workflow_start_success{*}.as_count()",workflowname:cancel_hotel_booking_sub_wf,2025-01-20T02:17:22.000Z,0
"sum:workflow_start_success{*}.as_count()",workflowname:cancel_hotel_booking_sub_wf,2025-01-20T02:17:23.000Z,0
"sum:workflow_start_success{*}.as_count()",workflowname:cancel_hotel_booking_sub_wf,2025-01-20T02:17:24.000Z,0
"sum:workflow_start_success{*}.as_count()",workflowname:cancel_hotel_booking_sub_wf,2025-01-20T02:17:25.000Z,0
"sum:workflow_start_success{*}.as_count()",workflowname:cancel_hotel_booking_sub_wf,2025-01-20T02:17:26.000Z,0
"sum:workflow_start_success{*}.as_count()",workflowname:cancel_hotel_booking_sub_wf,2025-01-20T02:17:27.000Z,0
"sum:workflow_start_success{*}.as_count()",workflowname:cancel_hotel_booking_sub_wf,2025-01-20T02:17:28.000Z,0
"sum:workflow_start_success{*}.as_count()",workflowname:cancel_hotel_booking_sub_wf,2025-01-20T02:17:29.000Z,0
"sum:workflow_start_success{*}.as_count()",workflowname:cancel_hotel_booking_sub_wf,2025-01-20T02:17:30.000Z,0
"sum:workflow_start_success{*}.as_count()",workflowname:cancel_hotel_booking_sub_wf,2025-01-20T02:17:31.000Z,0
"sum:workflow_start_success{*}.as_count()",workflowname:cancel_hotel_booking_sub_wf,2025-01-20T02:17:32.000Z,0
"sum:workflow_start_success{*}.as_count()",workflowname:cancel_hotel_booking_sub_wf,2025-01-20T02:17:33.000Z,0
"sum:workflow_start_success{*}.as_count()",workflowname:cancel_hotel_booking_sub_wf,2025-01-20T02:17:34.000Z,0
"sum:workflow_start_success{*}.as_count()",workflowname:cancel_hotel_booking_sub_wf,2025-01-20T02:17:35.000Z,0
"sum:workflow_start_success{*}.as_count()",workflowname:cancel_hotel_booking_sub_wf,2025-01-20T02:17:36.000Z,0
"sum:workflow_start_success{*}.as_count()",workflowname:cancel_hotel_booking_sub_wf,2025-01-20T02:17:37.000Z,0
"sum:workflow_start_success{*}.as_count()",workflowname:cancel_hotel_booking_sub_wf,2025-01-20T02:17:38.000Z,0
"sum:workflow_start_success{*}.as_count()",workflowname:cancel_hotel_booking_sub_wf,2025-01-20T02:17:39.000Z,0
"sum:workflow_start_success{*}.as_count()",workflowname:cancel_hotel_booking_sub_wf,2025-01-20T02:17:40.000Z,0
"sum:workflow_start_success{*}.as_count()",workflowname:cancel_hotel_booking_sub_wf,2025-01-20T02:17:41.000Z,0
"sum:workflow_start_success{*}.as_count()",workflowname:cancel_hotel_booking_sub_wf,2025-01-20T02:17:42.000Z,0
