query,group,time,value
"avg:container.cpu.usage{container_name:server-hotel OR container_name:server-flight OR container_name:conductor-server}",container_name:conductor-server,2025-01-21T01:49:30.000Z,68626854.209426
"avg:container.cpu.usage{container_name:server-hotel OR container_name:server-flight OR container_name:conductor-server}",container_name:conductor-server,2025-01-21T01:49:40.000Z,51068231.913552
"avg:container.cpu.usage{container_name:server-hotel OR container_name:server-flight OR container_name:conductor-server}",container_name:conductor-server,2025-01-21T01:50:00.000Z,48964999.072548
"avg:container.cpu.usage{container_name:server-hotel OR container_name:server-flight OR container_name:conductor-server}",container_name:conductor-server,2025-01-21T01:50:10.000Z,53470615.447348
"avg:container.cpu.usage{container_name:server-hotel OR container_name:server-flight OR container_name:conductor-server}",container_name:conductor-server,2025-01-21T01:50:30.000Z,42192862.979429
"avg:container.cpu.usage{container_name:server-hotel OR container_name:server-flight OR container_name:conductor-server}",container_name:conductor-server,2025-01-21T01:50:40.000Z,47169460.081485
"avg:container.cpu.usage{container_name:server-hotel OR container_name:server-flight OR container_name:conductor-server}",container_name:conductor-server,2025-01-21T01:51:00.000Z,59077961.713782
"avg:container.cpu.usage{container_name:server-hotel OR container_name:server-flight OR container_name:conductor-server}",container_name:conductor-server,2025-01-21T01:51:10.000Z,54532642.18428
"avg:container.cpu.usage{container_name:server-hotel OR container_name:server-flight OR container_name:conductor-server}",container_name:conductor-server,2025-01-21T01:51:30.000Z,1746404663.165954
"avg:container.cpu.usage{container_name:server-hotel OR container_name:server-flight OR container_name:conductor-server}",container_name:conductor-server,2025-01-21T01:51:40.000Z,1037555897.597844
"avg:container.cpu.usage{container_name:server-hotel OR container_name:server-flight OR container_name:conductor-server}",container_name:conductor-server,2025-01-21T01:52:00.000Z,164075431.368951
"avg:container.cpu.usage{container_name:server-hotel OR container_name:server-flight OR container_name:conductor-server}",container_name:conductor-server,2025-01-21T01:52:10.000Z,341821675.806595
"avg:container.cpu.usage{container_name:server-hotel OR container_name:server-flight OR container_name:conductor-server}",container_name:conductor-server,2025-01-21T01:52:30.000Z,261962890.404579
"avg:container.cpu.usage{container_name:server-hotel OR container_name:server-flight OR container_name:conductor-server}",container_name:conductor-server,2025-01-21T01:52:40.000Z,268126290.682433
"avg:container.cpu.usage{container_name:server-hotel OR container_name:server-flight OR container_name:conductor-server}",container_name:conductor-server,2025-01-21T01:53:00.000Z,273129550.754512
"avg:container.cpu.usage{container_name:server-hotel OR container_name:server-flight OR container_name:conductor-server}",container_name:conductor-server,2025-01-21T01:53:10.000Z,251588388.355923
"avg:container.cpu.usage{container_name:server-hotel OR container_name:server-flight OR container_name:conductor-server}",container_name:conductor-server,2025-01-21T01:53:30.000Z,252579069.188023
"avg:container.cpu.usage{container_name:server-hotel OR container_name:server-flight OR container_name:conductor-server}",container_name:conductor-server,2025-01-21T01:53:40.000Z,286308192.207238
"avg:container.cpu.usage{container_name:server-hotel OR container_name:server-flight OR container_name:conductor-server}",container_name:conductor-server,2025-01-21T01:54:00.000Z,261473538.147092
"avg:container.cpu.usage{container_name:server-hotel OR container_name:server-flight OR container_name:conductor-server}",container_name:conductor-server,2025-01-21T01:54:10.000Z,293864422.506418
"avg:container.cpu.usage{container_name:server-hotel OR container_name:server-flight OR container_name:conductor-server}",container_name:conductor-server,2025-01-21T01:54:30.000Z,261718193.112187
"avg:container.cpu.usage{container_name:server-hotel OR container_name:server-flight OR container_name:conductor-server}",container_name:conductor-server,2025-01-21T01:54:40.000Z,268638033.646948
"avg:container.cpu.usage{container_name:server-hotel OR container_name:server-flight OR container_name:conductor-server}",container_name:conductor-server,2025-01-21T01:55:00.000Z,236133464.102679
"avg:container.cpu.usage{container_name:server-hotel OR container_name:server-flight OR container_name:conductor-server}",container_name:conductor-server,2025-01-21T01:55:10.000Z,257085740.290926
"avg:container.cpu.usage{container_name:server-hotel OR container_name:server-flight OR container_name:conductor-server}",container_name:conductor-server,2025-01-21T01:55:30.000Z,163711107.219478
"avg:container.cpu.usage{container_name:server-hotel OR container_name:server-flight OR container_name:conductor-server}",container_name:conductor-server,2025-01-21T01:55:40.000Z,194504953.106213
"avg:container.cpu.usage{container_name:server-hotel OR container_name:server-flight OR container_name:conductor-server}",container_name:conductor-server,2025-01-21T01:56:00.000Z,240367926.897401
"avg:container.cpu.usage{container_name:server-hotel OR container_name:server-flight OR container_name:conductor-server}",container_name:conductor-server,2025-01-21T01:56:10.000Z,229859263.347137
"avg:container.cpu.usage{container_name:server-hotel OR container_name:server-flight OR container_name:conductor-server}",container_name:conductor-server,2025-01-21T01:56:30.000Z,256128458.50092
"avg:container.cpu.usage{container_name:server-hotel OR container_name:server-flight OR container_name:conductor-server}",container_name:conductor-server,2025-01-21T01:56:40.000Z,311705394.510372
"avg:container.cpu.usage{container_name:server-hotel OR container_name:server-flight OR container_name:conductor-server}",container_name:conductor-server,2025-01-21T01:57:00.000Z,256660590.099185
"avg:container.cpu.usage{container_name:server-hotel OR container_name:server-flight OR container_name:conductor-server}",container_name:conductor-server,2025-01-21T01:57:10.000Z,308136594.377562
"avg:container.cpu.usage{container_name:server-hotel OR container_name:server-flight OR container_name:conductor-server}",container_name:conductor-server,2025-01-21T01:57:30.000Z,277490419.737827
"avg:container.cpu.usage{container_name:server-hotel OR container_name:server-flight OR container_name:conductor-server}",container_name:conductor-server,2025-01-21T01:57:40.000Z,289314102.97616
"avg:container.cpu.usage{container_name:server-hotel OR container_name:server-flight OR container_name:conductor-server}",container_name:conductor-server,2025-01-21T01:58:00.000Z,292637703.222115
"avg:container.cpu.usage{container_name:server-hotel OR container_name:server-flight OR container_name:conductor-server}",container_name:conductor-server,2025-01-21T01:58:10.000Z,310573438.426583
"avg:container.cpu.usage{container_name:server-hotel OR container_name:server-flight OR container_name:conductor-server}",container_name:conductor-server,2025-01-21T01:58:30.000Z,262978049.805163
"avg:container.cpu.usage{container_name:server-hotel OR container_name:server-flight OR container_name:conductor-server}",container_name:conductor-server,2025-01-21T01:58:40.000Z,295188966.154851
"avg:container.cpu.usage{container_name:server-hotel OR container_name:server-flight OR container_name:conductor-server}",container_name:conductor-server,2025-01-21T01:59:00.000Z,268577687.650682
"avg:container.cpu.usage{container_name:server-hotel OR container_name:server-flight OR container_name:conductor-server}",container_name:conductor-server,2025-01-21T01:59:10.000Z,295848101.506982
"avg:container.cpu.usage{container_name:server-hotel OR container_name:server-flight OR container_name:conductor-server}",container_name:conductor-server,2025-01-21T01:59:30.000Z,294511872.337357
"avg:container.cpu.usage{container_name:server-hotel OR container_name:server-flight OR container_name:conductor-server}",container_name:conductor-server,2025-01-21T01:59:40.000Z,266210997.9567
"avg:container.cpu.usage{container_name:server-hotel OR container_name:server-flight OR container_name:conductor-server}",container_name:conductor-server,2025-01-21T02:00:00.000Z,266889383.567556
"avg:container.cpu.usage{container_name:server-hotel OR container_name:server-flight OR container_name:conductor-server}",container_name:conductor-server,2025-01-21T02:00:10.000Z,277648209.715061
"avg:container.cpu.usage{container_name:server-hotel OR container_name:server-flight OR container_name:conductor-server}",container_name:conductor-server,2025-01-21T02:00:30.000Z,236415249.140622
"avg:container.cpu.usage{container_name:server-hotel OR container_name:server-flight OR container_name:conductor-server}",container_name:conductor-server,2025-01-21T02:00:40.000Z,229986258.133849
"avg:container.cpu.usage{container_name:server-hotel OR container_name:server-flight OR container_name:conductor-server}",container_name:conductor-server,2025-01-21T02:01:00.000Z,268274215.174
"avg:container.cpu.usage{container_name:server-hotel OR container_name:server-flight OR container_name:conductor-server}",container_name:conductor-server,2025-01-21T02:01:10.000Z,280735333.989349
"avg:container.cpu.usage{container_name:server-hotel OR container_name:server-flight OR container_name:conductor-server}",container_name:conductor-server,2025-01-21T02:01:30.000Z,282342833.014294
"avg:container.cpu.usage{container_name:server-hotel OR container_name:server-flight OR container_name:conductor-server}",container_name:conductor-server,2025-01-21T02:01:40.000Z,208313364.242993
"avg:container.cpu.usage{container_name:server-hotel OR container_name:server-flight OR container_name:conductor-server}",container_name:conductor-server,2025-01-21T02:02:00.000Z,190821821.662506
"avg:container.cpu.usage{container_name:server-hotel OR container_name:server-flight OR container_name:conductor-server}",container_name:conductor-server,2025-01-21T02:02:10.000Z,171211081.792043
"avg:container.cpu.usage{container_name:server-hotel OR container_name:server-flight OR container_name:conductor-server}",container_name:conductor-server,2025-01-21T02:02:30.000Z,215194802.981787
"avg:container.cpu.usage{container_name:server-hotel OR container_name:server-flight OR container_name:conductor-server}",container_name:conductor-server,2025-01-21T02:02:40.000Z,208464958.265952
"avg:container.cpu.usage{container_name:server-hotel OR container_name:server-flight OR container_name:conductor-server}",container_name:conductor-server,2025-01-21T02:03:00.000Z,216293362.597409
"avg:container.cpu.usage{container_name:server-hotel OR container_name:server-flight OR container_name:conductor-server}",container_name:conductor-server,2025-01-21T02:03:10.000Z,287351160.864382
"avg:container.cpu.usage{container_name:server-hotel OR container_name:server-flight OR container_name:conductor-server}",container_name:conductor-server,2025-01-21T02:03:30.000Z,294833734.98514
"avg:container.cpu.usage{container_name:server-hotel OR container_name:server-flight OR container_name:conductor-server}",container_name:conductor-server,2025-01-21T02:03:40.000Z,289789062.634836
"avg:container.cpu.usage{container_name:server-hotel OR container_name:server-flight OR container_name:conductor-server}",container_name:conductor-server,2025-01-21T02:04:00.000Z,283142296.206733
"avg:container.cpu.usage{container_name:server-hotel OR container_name:server-flight OR container_name:conductor-server}",container_name:conductor-server,2025-01-21T02:04:10.000Z,289250498.440619
"avg:container.cpu.usage{container_name:server-hotel OR container_name:server-flight OR container_name:conductor-server}",container_name:conductor-server,2025-01-21T02:04:30.000Z,295563792.125598
"avg:container.cpu.usage{container_name:server-hotel OR container_name:server-flight OR container_name:conductor-server}",container_name:conductor-server,2025-01-21T02:04:40.000Z,250204928.893568
"avg:container.cpu.usage{container_name:server-hotel OR container_name:server-flight OR container_name:conductor-server}",container_name:conductor-server,2025-01-21T02:05:00.000Z,250119197.473028
"avg:container.cpu.usage{container_name:server-hotel OR container_name:server-flight OR container_name:conductor-server}",container_name:conductor-server,2025-01-21T02:05:10.000Z,259546841.920252
"avg:container.cpu.usage{container_name:server-hotel OR container_name:server-flight OR container_name:conductor-server}",container_name:conductor-server,2025-01-21T02:05:30.000Z,260502515.839991
"avg:container.cpu.usage{container_name:server-hotel OR container_name:server-flight OR container_name:conductor-server}",container_name:conductor-server,2025-01-21T02:05:40.000Z,189287845.886438
"avg:container.cpu.usage{container_name:server-hotel OR container_name:server-flight OR container_name:conductor-server}",container_name:conductor-server,2025-01-21T02:06:00.000Z,269855226.230352
"avg:container.cpu.usage{container_name:server-hotel OR container_name:server-flight OR container_name:conductor-server}",container_name:conductor-server,2025-01-21T02:06:10.000Z,236187878.637543
"avg:container.cpu.usage{container_name:server-hotel OR container_name:server-flight OR container_name:conductor-server}",container_name:conductor-server,2025-01-21T02:06:30.000Z,268294799.304956
"avg:container.cpu.usage{container_name:server-hotel OR container_name:server-flight OR container_name:conductor-server}",container_name:conductor-server,2025-01-21T02:06:40.000Z,267264655.867526
"avg:container.cpu.usage{container_name:server-hotel OR container_name:server-flight OR container_name:conductor-server}",container_name:conductor-server,2025-01-21T02:07:00.000Z,273820275.687026
"avg:container.cpu.usage{container_name:server-hotel OR container_name:server-flight OR container_name:conductor-server}",container_name:conductor-server,2025-01-21T02:07:10.000Z,298740889.030896
"avg:container.cpu.usage{container_name:server-hotel OR container_name:server-flight OR container_name:conductor-server}",container_name:conductor-server,2025-01-21T02:07:30.000Z,272209730.782896
"avg:container.cpu.usage{container_name:server-hotel OR container_name:server-flight OR container_name:conductor-server}",container_name:conductor-server,2025-01-21T02:07:40.000Z,244797882.197217
"avg:container.cpu.usage{container_name:server-hotel OR container_name:server-flight OR container_name:conductor-server}",container_name:conductor-server,2025-01-21T02:08:00.000Z,220490931.106836
"avg:container.cpu.usage{container_name:server-hotel OR container_name:server-flight OR container_name:conductor-server}",container_name:conductor-server,2025-01-21T02:08:10.000Z,296259967.230942
"avg:container.cpu.usage{container_name:server-hotel OR container_name:server-flight OR container_name:conductor-server}",container_name:conductor-server,2025-01-21T02:08:30.000Z,274286828.197352
"avg:container.cpu.usage{container_name:server-hotel OR container_name:server-flight OR container_name:conductor-server}",container_name:conductor-server,2025-01-21T02:08:40.000Z,265674229.032382
"avg:container.cpu.usage{container_name:server-hotel OR container_name:server-flight OR container_name:conductor-server}",container_name:conductor-server,2025-01-21T02:09:00.000Z,270836805.019296
"avg:container.cpu.usage{container_name:server-hotel OR container_name:server-flight OR container_name:conductor-server}",container_name:conductor-server,2025-01-21T02:09:10.000Z,204759191.097693
"avg:container.cpu.usage{container_name:server-hotel OR container_name:server-flight OR container_name:conductor-server}",container_name:conductor-server,2025-01-21T02:09:30.000Z,135556461.913188
"avg:container.cpu.usage{container_name:server-hotel OR container_name:server-flight OR container_name:conductor-server}",container_name:conductor-server,2025-01-21T02:09:40.000Z,141959407.507018
"avg:container.cpu.usage{container_name:server-hotel OR container_name:server-flight OR container_name:conductor-server}",container_name:conductor-server,2025-01-21T02:10:00.000Z,162749795.037712
"avg:container.cpu.usage{container_name:server-hotel OR container_name:server-flight OR container_name:conductor-server}",container_name:conductor-server,2025-01-21T02:10:10.000Z,256509558.694622
"avg:container.cpu.usage{container_name:server-hotel OR container_name:server-flight OR container_name:conductor-server}",container_name:conductor-server,2025-01-21T02:10:30.000Z,178215451.534958
"avg:container.cpu.usage{container_name:server-hotel OR container_name:server-flight OR container_name:conductor-server}",container_name:conductor-server,2025-01-21T02:10:40.000Z,377743863.687302
"avg:container.cpu.usage{container_name:server-hotel OR container_name:server-flight OR container_name:conductor-server}",container_name:conductor-server,2025-01-21T02:11:00.000Z,248160881.654698
"avg:container.cpu.usage{container_name:server-hotel OR container_name:server-flight OR container_name:conductor-server}",container_name:conductor-server,2025-01-21T02:11:10.000Z,251420884.528491
"avg:container.cpu.usage{container_name:server-hotel OR container_name:server-flight OR container_name:conductor-server}",container_name:conductor-server,2025-01-21T02:11:30.000Z,255711055.915199
"avg:container.cpu.usage{container_name:server-hotel OR container_name:server-flight OR container_name:conductor-server}",container_name:conductor-server,2025-01-21T02:11:40.000Z,236196639.190767
"avg:container.cpu.usage{container_name:server-hotel OR container_name:server-flight OR container_name:conductor-server}",container_name:conductor-server,2025-01-21T02:12:00.000Z,269225625.678571
"avg:container.cpu.usage{container_name:server-hotel OR container_name:server-flight OR container_name:conductor-server}",container_name:conductor-server,2025-01-21T02:12:10.000Z,266015847.535641
"avg:container.cpu.usage{container_name:server-hotel OR container_name:server-flight OR container_name:conductor-server}",container_name:conductor-server,2025-01-21T02:12:30.000Z,301891615.66665
"avg:container.cpu.usage{container_name:server-hotel OR container_name:server-flight OR container_name:conductor-server}",container_name:conductor-server,2025-01-21T02:12:40.000Z,237616736.214222
"avg:container.cpu.usage{container_name:server-hotel OR container_name:server-flight OR container_name:conductor-server}",container_name:conductor-server,2025-01-21T02:13:00.000Z,305409246.822692
"avg:container.cpu.usage{container_name:server-hotel OR container_name:server-flight OR container_name:conductor-server}",container_name:conductor-server,2025-01-21T02:13:10.000Z,265343989.658373
"avg:container.cpu.usage{container_name:server-hotel OR container_name:server-flight OR container_name:conductor-server}",container_name:conductor-server,2025-01-21T02:13:30.000Z,259914554.908312
"avg:container.cpu.usage{container_name:server-hotel OR container_name:server-flight OR container_name:conductor-server}",container_name:conductor-server,2025-01-21T02:13:40.000Z,251955776.391014
"avg:container.cpu.usage{container_name:server-hotel OR container_name:server-flight OR container_name:conductor-server}",container_name:conductor-server,2025-01-21T02:14:00.000Z,199812094.140456
"avg:container.cpu.usage{container_name:server-hotel OR container_name:server-flight OR container_name:conductor-server}",container_name:conductor-server,2025-01-21T02:14:10.000Z,171679962.529884
"avg:container.cpu.usage{container_name:server-hotel OR container_name:server-flight OR container_name:conductor-server}",container_name:conductor-server,2025-01-21T02:14:30.000Z,158635022.011731
"avg:container.cpu.usage{container_name:server-hotel OR container_name:server-flight OR container_name:conductor-server}",container_name:conductor-server,2025-01-21T02:14:40.000Z,206193104.436948
"avg:container.cpu.usage{container_name:server-hotel OR container_name:server-flight OR container_name:conductor-server}",container_name:conductor-server,2025-01-21T02:15:00.000Z,187417858.640867
"avg:container.cpu.usage{container_name:server-hotel OR container_name:server-flight OR container_name:conductor-server}",container_name:conductor-server,2025-01-21T02:15:10.000Z,185321516.63465
"avg:container.cpu.usage{container_name:server-hotel OR container_name:server-flight OR container_name:conductor-server}",container_name:conductor-server,2025-01-21T02:15:30.000Z,181813947.24237
"avg:container.cpu.usage{container_name:server-hotel OR container_name:server-flight OR container_name:conductor-server}",container_name:conductor-server,2025-01-21T02:15:40.000Z,166294028.068206
"avg:container.cpu.usage{container_name:server-hotel OR container_name:server-flight OR container_name:conductor-server}",container_name:conductor-server,2025-01-21T02:16:00.000Z,164087966.0516
"avg:container.cpu.usage{container_name:server-hotel OR container_name:server-flight OR container_name:conductor-server}",container_name:conductor-server,2025-01-21T02:16:10.000Z,205329837.667865
"avg:container.cpu.usage{container_name:server-hotel OR container_name:server-flight OR container_name:conductor-server}",container_name:conductor-server,2025-01-21T02:16:30.000Z,195318902.035153
"avg:container.cpu.usage{container_name:server-hotel OR container_name:server-flight OR container_name:conductor-server}",container_name:conductor-server,2025-01-21T02:16:40.000Z,176207551.516733
"avg:container.cpu.usage{container_name:server-hotel OR container_name:server-flight OR container_name:conductor-server}",container_name:conductor-server,2025-01-21T02:17:00.000Z,133788820.576269
"avg:container.cpu.usage{container_name:server-hotel OR container_name:server-flight OR container_name:conductor-server}",container_name:conductor-server,2025-01-21T02:17:10.000Z,150204516.348945
"avg:container.cpu.usage{container_name:server-hotel OR container_name:server-flight OR container_name:conductor-server}",container_name:conductor-server,2025-01-21T02:17:30.000Z,220899075.063317
"avg:container.cpu.usage{container_name:server-hotel OR container_name:server-flight OR container_name:conductor-server}",container_name:conductor-server,2025-01-21T02:17:40.000Z,144681087.600634
"avg:container.cpu.usage{container_name:server-hotel OR container_name:server-flight OR container_name:conductor-server}",container_name:conductor-server,2025-01-21T02:18:00.000Z,178016459.502965
"avg:container.cpu.usage{container_name:server-hotel OR container_name:server-flight OR container_name:conductor-server}",container_name:conductor-server,2025-01-21T02:18:10.000Z,161121004.111709
"avg:container.cpu.usage{container_name:server-hotel OR container_name:server-flight OR container_name:conductor-server}",container_name:conductor-server,2025-01-21T02:18:30.000Z,141291153.350827
"avg:container.cpu.usage{container_name:server-hotel OR container_name:server-flight OR container_name:conductor-server}",container_name:conductor-server,2025-01-21T02:18:40.000Z,152349688.085727
"avg:container.cpu.usage{container_name:server-hotel OR container_name:server-flight OR container_name:conductor-server}",container_name:conductor-server,2025-01-21T02:19:00.000Z,156735843.996666
"avg:container.cpu.usage{container_name:server-hotel OR container_name:server-flight OR container_name:conductor-server}",container_name:conductor-server,2025-01-21T02:19:10.000Z,134097219.871567
"avg:container.cpu.usage{container_name:server-hotel OR container_name:server-flight OR container_name:conductor-server}",container_name:conductor-server,2025-01-21T02:19:30.000Z,134433643.511471
"avg:container.cpu.usage{container_name:server-hotel OR container_name:server-flight OR container_name:conductor-server}",container_name:conductor-server,2025-01-21T02:19:40.000Z,134315854.79813
"avg:container.cpu.usage{container_name:server-hotel OR container_name:server-flight OR container_name:conductor-server}",container_name:conductor-server,2025-01-21T02:20:00.000Z,118423434.959546
"avg:container.cpu.usage{container_name:server-hotel OR container_name:server-flight OR container_name:conductor-server}",container_name:conductor-server,2025-01-21T02:20:10.000Z,90923836.959722
"avg:container.cpu.usage{container_name:server-hotel OR container_name:server-flight OR container_name:conductor-server}",container_name:conductor-server,2025-01-21T02:20:30.000Z,106820251.348223
"avg:container.cpu.usage{container_name:server-hotel OR container_name:server-flight OR container_name:conductor-server}",container_name:conductor-server,2025-01-21T02:20:40.000Z,95456731.418665
"avg:container.cpu.usage{container_name:server-hotel OR container_name:server-flight OR container_name:conductor-server}",container_name:conductor-server,2025-01-21T02:21:00.000Z,63360850.904364
"avg:container.cpu.usage{container_name:server-hotel OR container_name:server-flight OR container_name:conductor-server}",container_name:conductor-server,2025-01-21T02:21:10.000Z,64905747.115658
"avg:container.cpu.usage{container_name:server-hotel OR container_name:server-flight OR container_name:conductor-server}",container_name:conductor-server,2025-01-21T02:21:30.000Z,36023209.133787
"avg:container.cpu.usage{container_name:server-hotel OR container_name:server-flight OR container_name:conductor-server}",container_name:conductor-server,2025-01-21T02:21:40.000Z,52315669.493582
"avg:container.cpu.usage{container_name:server-hotel OR container_name:server-flight OR container_name:conductor-server}",container_name:server-flight,2025-01-21T01:49:30.000Z,22998559.997103
"avg:container.cpu.usage{container_name:server-hotel OR container_name:server-flight OR container_name:conductor-server}",container_name:server-flight,2025-01-21T01:49:40.000Z,15976419.487609
"avg:container.cpu.usage{container_name:server-hotel OR container_name:server-flight OR container_name:conductor-server}",container_name:server-flight,2025-01-21T01:50:00.000Z,16435863.041537
"avg:container.cpu.usage{container_name:server-hotel OR container_name:server-flight OR container_name:conductor-server}",container_name:server-flight,2025-01-21T01:50:10.000Z,18047720.773836
"avg:container.cpu.usage{container_name:server-hotel OR container_name:server-flight OR container_name:conductor-server}",container_name:server-flight,2025-01-21T01:50:30.000Z,13850643.195519
"avg:container.cpu.usage{container_name:server-hotel OR container_name:server-flight OR container_name:conductor-server}",container_name:server-flight,2025-01-21T01:50:40.000Z,14498369.186526
"avg:container.cpu.usage{container_name:server-hotel OR container_name:server-flight OR container_name:conductor-server}",container_name:server-flight,2025-01-21T01:51:00.000Z,48018455.230959
"avg:container.cpu.usage{container_name:server-hotel OR container_name:server-flight OR container_name:conductor-server}",container_name:server-flight,2025-01-21T01:51:10.000Z,29121207.126026
"avg:container.cpu.usage{container_name:server-hotel OR container_name:server-flight OR container_name:conductor-server}",container_name:server-flight,2025-01-21T01:51:30.000Z,28095068.067892
"avg:container.cpu.usage{container_name:server-hotel OR container_name:server-flight OR container_name:conductor-server}",container_name:server-flight,2025-01-21T01:51:40.000Z,34617422.274525
"avg:container.cpu.usage{container_name:server-hotel OR container_name:server-flight OR container_name:conductor-server}",container_name:server-flight,2025-01-21T01:52:00.000Z,31510585.623605
"avg:container.cpu.usage{container_name:server-hotel OR container_name:server-flight OR container_name:conductor-server}",container_name:server-flight,2025-01-21T01:52:10.000Z,43988050.413797
"avg:container.cpu.usage{container_name:server-hotel OR container_name:server-flight OR container_name:conductor-server}",container_name:server-flight,2025-01-21T01:52:30.000Z,37715870.480399
"avg:container.cpu.usage{container_name:server-hotel OR container_name:server-flight OR container_name:conductor-server}",container_name:server-flight,2025-01-21T01:52:40.000Z,36320577.456409
"avg:container.cpu.usage{container_name:server-hotel OR container_name:server-flight OR container_name:conductor-server}",container_name:server-flight,2025-01-21T01:53:00.000Z,36827994.017889
"avg:container.cpu.usage{container_name:server-hotel OR container_name:server-flight OR container_name:conductor-server}",container_name:server-flight,2025-01-21T01:53:10.000Z,39614620.52608
"avg:container.cpu.usage{container_name:server-hotel OR container_name:server-flight OR container_name:conductor-server}",container_name:server-flight,2025-01-21T01:53:30.000Z,36589455.225673
"avg:container.cpu.usage{container_name:server-hotel OR container_name:server-flight OR container_name:conductor-server}",container_name:server-flight,2025-01-21T01:53:40.000Z,39631119.973749
"avg:container.cpu.usage{container_name:server-hotel OR container_name:server-flight OR container_name:conductor-server}",container_name:server-flight,2025-01-21T01:54:00.000Z,38466325.271401
"avg:container.cpu.usage{container_name:server-hotel OR container_name:server-flight OR container_name:conductor-server}",container_name:server-flight,2025-01-21T01:54:10.000Z,43243073.647339
"avg:container.cpu.usage{container_name:server-hotel OR container_name:server-flight OR container_name:conductor-server}",container_name:server-flight,2025-01-21T01:54:30.000Z,39145170.722387
"avg:container.cpu.usage{container_name:server-hotel OR container_name:server-flight OR container_name:conductor-server}",container_name:server-flight,2025-01-21T01:54:40.000Z,37435517.842739
"avg:container.cpu.usage{container_name:server-hotel OR container_name:server-flight OR container_name:conductor-server}",container_name:server-flight,2025-01-21T01:55:00.000Z,37148235.761904
"avg:container.cpu.usage{container_name:server-hotel OR container_name:server-flight OR container_name:conductor-server}",container_name:server-flight,2025-01-21T01:55:10.000Z,38354098.675019
"avg:container.cpu.usage{container_name:server-hotel OR container_name:server-flight OR container_name:conductor-server}",container_name:server-flight,2025-01-21T01:55:30.000Z,24300886.577397
"avg:container.cpu.usage{container_name:server-hotel OR container_name:server-flight OR container_name:conductor-server}",container_name:server-flight,2025-01-21T01:55:40.000Z,29649103.396947
"avg:container.cpu.usage{container_name:server-hotel OR container_name:server-flight OR container_name:conductor-server}",container_name:server-flight,2025-01-21T01:56:00.000Z,35711238.686365
"avg:container.cpu.usage{container_name:server-hotel OR container_name:server-flight OR container_name:conductor-server}",container_name:server-flight,2025-01-21T01:56:10.000Z,35578006.249558
"avg:container.cpu.usage{container_name:server-hotel OR container_name:server-flight OR container_name:conductor-server}",container_name:server-flight,2025-01-21T01:56:30.000Z,35447979.771065
"avg:container.cpu.usage{container_name:server-hotel OR container_name:server-flight OR container_name:conductor-server}",container_name:server-flight,2025-01-21T01:56:40.000Z,42539099.352673
"avg:container.cpu.usage{container_name:server-hotel OR container_name:server-flight OR container_name:conductor-server}",container_name:server-flight,2025-01-21T01:57:00.000Z,37185205.216354
"avg:container.cpu.usage{container_name:server-hotel OR container_name:server-flight OR container_name:conductor-server}",container_name:server-flight,2025-01-21T01:57:10.000Z,42994462.86658
"avg:container.cpu.usage{container_name:server-hotel OR container_name:server-flight OR container_name:conductor-server}",container_name:server-flight,2025-01-21T01:57:30.000Z,39769493.396763
"avg:container.cpu.usage{container_name:server-hotel OR container_name:server-flight OR container_name:conductor-server}",container_name:server-flight,2025-01-21T01:57:40.000Z,40444206.557127
"avg:container.cpu.usage{container_name:server-hotel OR container_name:server-flight OR container_name:conductor-server}",container_name:server-flight,2025-01-21T01:58:00.000Z,41428365.661073
"avg:container.cpu.usage{container_name:server-hotel OR container_name:server-flight OR container_name:conductor-server}",container_name:server-flight,2025-01-21T01:58:10.000Z,46427239.112726
"avg:container.cpu.usage{container_name:server-hotel OR container_name:server-flight OR container_name:conductor-server}",container_name:server-flight,2025-01-21T01:58:30.000Z,39223874.558995
"avg:container.cpu.usage{container_name:server-hotel OR container_name:server-flight OR container_name:conductor-server}",container_name:server-flight,2025-01-21T01:58:40.000Z,39526971.865212
"avg:container.cpu.usage{container_name:server-hotel OR container_name:server-flight OR container_name:conductor-server}",container_name:server-flight,2025-01-21T01:59:00.000Z,41821283.258502
"avg:container.cpu.usage{container_name:server-hotel OR container_name:server-flight OR container_name:conductor-server}",container_name:server-flight,2025-01-21T01:59:10.000Z,42705466.891189
"avg:container.cpu.usage{container_name:server-hotel OR container_name:server-flight OR container_name:conductor-server}",container_name:server-flight,2025-01-21T01:59:30.000Z,44816633.070173
"avg:container.cpu.usage{container_name:server-hotel OR container_name:server-flight OR container_name:conductor-server}",container_name:server-flight,2025-01-21T01:59:40.000Z,34523496.72188
"avg:container.cpu.usage{container_name:server-hotel OR container_name:server-flight OR container_name:conductor-server}",container_name:server-flight,2025-01-21T02:00:00.000Z,37089218.962451
"avg:container.cpu.usage{container_name:server-hotel OR container_name:server-flight OR container_name:conductor-server}",container_name:server-flight,2025-01-21T02:00:10.000Z,39327853.166987
"avg:container.cpu.usage{container_name:server-hotel OR container_name:server-flight OR container_name:conductor-server}",container_name:server-flight,2025-01-21T02:00:30.000Z,36011476.182983
"avg:container.cpu.usage{container_name:server-hotel OR container_name:server-flight OR container_name:conductor-server}",container_name:server-flight,2025-01-21T02:00:40.000Z,32442817.027495
"avg:container.cpu.usage{container_name:server-hotel OR container_name:server-flight OR container_name:conductor-server}",container_name:server-flight,2025-01-21T02:01:00.000Z,37483203.012786
"avg:container.cpu.usage{container_name:server-hotel OR container_name:server-flight OR container_name:conductor-server}",container_name:server-flight,2025-01-21T02:01:10.000Z,42255187.387909
"avg:container.cpu.usage{container_name:server-hotel OR container_name:server-flight OR container_name:conductor-server}",container_name:server-flight,2025-01-21T02:01:30.000Z,37546336.326924
"avg:container.cpu.usage{container_name:server-hotel OR container_name:server-flight OR container_name:conductor-server}",container_name:server-flight,2025-01-21T02:01:40.000Z,25365660.430709
"avg:container.cpu.usage{container_name:server-hotel OR container_name:server-flight OR container_name:conductor-server}",container_name:server-flight,2025-01-21T02:02:00.000Z,23065132.988334
"avg:container.cpu.usage{container_name:server-hotel OR container_name:server-flight OR container_name:conductor-server}",container_name:server-flight,2025-01-21T02:02:10.000Z,23270404.08572
"avg:container.cpu.usage{container_name:server-hotel OR container_name:server-flight OR container_name:conductor-server}",container_name:server-flight,2025-01-21T02:02:30.000Z,26340608.239837
"avg:container.cpu.usage{container_name:server-hotel OR container_name:server-flight OR container_name:conductor-server}",container_name:server-flight,2025-01-21T02:02:40.000Z,28505592.213153
"avg:container.cpu.usage{container_name:server-hotel OR container_name:server-flight OR container_name:conductor-server}",container_name:server-flight,2025-01-21T02:03:00.000Z,33668039.691528
"avg:container.cpu.usage{container_name:server-hotel OR container_name:server-flight OR container_name:conductor-server}",container_name:server-flight,2025-01-21T02:03:10.000Z,44565393.050995
"avg:container.cpu.usage{container_name:server-hotel OR container_name:server-flight OR container_name:conductor-server}",container_name:server-flight,2025-01-21T02:03:30.000Z,41788089.318233
"avg:container.cpu.usage{container_name:server-hotel OR container_name:server-flight OR container_name:conductor-server}",container_name:server-flight,2025-01-21T02:03:40.000Z,44569584.569685
"avg:container.cpu.usage{container_name:server-hotel OR container_name:server-flight OR container_name:conductor-server}",container_name:server-flight,2025-01-21T02:04:00.000Z,38689183.838053
"avg:container.cpu.usage{container_name:server-hotel OR container_name:server-flight OR container_name:conductor-server}",container_name:server-flight,2025-01-21T02:04:10.000Z,45559131.725518
"avg:container.cpu.usage{container_name:server-hotel OR container_name:server-flight OR container_name:conductor-server}",container_name:server-flight,2025-01-21T02:04:30.000Z,44395191.134253
"avg:container.cpu.usage{container_name:server-hotel OR container_name:server-flight OR container_name:conductor-server}",container_name:server-flight,2025-01-21T02:04:40.000Z,31289877.918973
"avg:container.cpu.usage{container_name:server-hotel OR container_name:server-flight OR container_name:conductor-server}",container_name:server-flight,2025-01-21T02:05:00.000Z,38308935.346672
"avg:container.cpu.usage{container_name:server-hotel OR container_name:server-flight OR container_name:conductor-server}",container_name:server-flight,2025-01-21T02:05:10.000Z,33543769.858677
"avg:container.cpu.usage{container_name:server-hotel OR container_name:server-flight OR container_name:conductor-server}",container_name:server-flight,2025-01-21T02:05:30.000Z,37693981.59993
"avg:container.cpu.usage{container_name:server-hotel OR container_name:server-flight OR container_name:conductor-server}",container_name:server-flight,2025-01-21T02:05:40.000Z,24223467.375495
"avg:container.cpu.usage{container_name:server-hotel OR container_name:server-flight OR container_name:conductor-server}",container_name:server-flight,2025-01-21T02:06:00.000Z,36811651.02347
"avg:container.cpu.usage{container_name:server-hotel OR container_name:server-flight OR container_name:conductor-server}",container_name:server-flight,2025-01-21T02:06:10.000Z,37478106.78184
"avg:container.cpu.usage{container_name:server-hotel OR container_name:server-flight OR container_name:conductor-server}",container_name:server-flight,2025-01-21T02:06:30.000Z,36635315.000671
"avg:container.cpu.usage{container_name:server-hotel OR container_name:server-flight OR container_name:conductor-server}",container_name:server-flight,2025-01-21T02:06:40.000Z,41029511.933103
"avg:container.cpu.usage{container_name:server-hotel OR container_name:server-flight OR container_name:conductor-server}",container_name:server-flight,2025-01-21T02:07:00.000Z,42419264.340974
"avg:container.cpu.usage{container_name:server-hotel OR container_name:server-flight OR container_name:conductor-server}",container_name:server-flight,2025-01-21T02:07:10.000Z,39411186.366107
"avg:container.cpu.usage{container_name:server-hotel OR container_name:server-flight OR container_name:conductor-server}",container_name:server-flight,2025-01-21T02:07:30.000Z,39803156.834903
"avg:container.cpu.usage{container_name:server-hotel OR container_name:server-flight OR container_name:conductor-server}",container_name:server-flight,2025-01-21T02:07:40.000Z,37758062.755005
"avg:container.cpu.usage{container_name:server-hotel OR container_name:server-flight OR container_name:conductor-server}",container_name:server-flight,2025-01-21T02:08:00.000Z,31708629.856973
"avg:container.cpu.usage{container_name:server-hotel OR container_name:server-flight OR container_name:conductor-server}",container_name:server-flight,2025-01-21T02:08:10.000Z,42862560.670088
"avg:container.cpu.usage{container_name:server-hotel OR container_name:server-flight OR container_name:conductor-server}",container_name:server-flight,2025-01-21T02:08:30.000Z,42184701.083595
"avg:container.cpu.usage{container_name:server-hotel OR container_name:server-flight OR container_name:conductor-server}",container_name:server-flight,2025-01-21T02:08:40.000Z,41178333.418733
"avg:container.cpu.usage{container_name:server-hotel OR container_name:server-flight OR container_name:conductor-server}",container_name:server-flight,2025-01-21T02:09:00.000Z,41848432.653942
"avg:container.cpu.usage{container_name:server-hotel OR container_name:server-flight OR container_name:conductor-server}",container_name:server-flight,2025-01-21T02:09:10.000Z,32165925.117471
"avg:container.cpu.usage{container_name:server-hotel OR container_name:server-flight OR container_name:conductor-server}",container_name:server-flight,2025-01-21T02:09:30.000Z,21307013.054032
"avg:container.cpu.usage{container_name:server-hotel OR container_name:server-flight OR container_name:conductor-server}",container_name:server-flight,2025-01-21T02:09:40.000Z,22924184.726087
"avg:container.cpu.usage{container_name:server-hotel OR container_name:server-flight OR container_name:conductor-server}",container_name:server-flight,2025-01-21T02:10:00.000Z,25615132.441616
"avg:container.cpu.usage{container_name:server-hotel OR container_name:server-flight OR container_name:conductor-server}",container_name:server-flight,2025-01-21T02:10:10.000Z,40115104.584075
"avg:container.cpu.usage{container_name:server-hotel OR container_name:server-flight OR container_name:conductor-server}",container_name:server-flight,2025-01-21T02:10:30.000Z,30428465.247938
"avg:container.cpu.usage{container_name:server-hotel OR container_name:server-flight OR container_name:conductor-server}",container_name:server-flight,2025-01-21T02:10:40.000Z,31968377.277036
"avg:container.cpu.usage{container_name:server-hotel OR container_name:server-flight OR container_name:conductor-server}",container_name:server-flight,2025-01-21T02:11:00.000Z,35886600.492248
"avg:container.cpu.usage{container_name:server-hotel OR container_name:server-flight OR container_name:conductor-server}",container_name:server-flight,2025-01-21T02:11:10.000Z,37255220.205076
"avg:container.cpu.usage{container_name:server-hotel OR container_name:server-flight OR container_name:conductor-server}",container_name:server-flight,2025-01-21T02:11:30.000Z,37508498.486684
"avg:container.cpu.usage{container_name:server-hotel OR container_name:server-flight OR container_name:conductor-server}",container_name:server-flight,2025-01-21T02:11:40.000Z,34020014.35621
"avg:container.cpu.usage{container_name:server-hotel OR container_name:server-flight OR container_name:conductor-server}",container_name:server-flight,2025-01-21T02:12:00.000Z,38930770.439673
"avg:container.cpu.usage{container_name:server-hotel OR container_name:server-flight OR container_name:conductor-server}",container_name:server-flight,2025-01-21T02:12:10.000Z,41306699.397953
"avg:container.cpu.usage{container_name:server-hotel OR container_name:server-flight OR container_name:conductor-server}",container_name:server-flight,2025-01-21T02:12:30.000Z,41572573.466735
"avg:container.cpu.usage{container_name:server-hotel OR container_name:server-flight OR container_name:conductor-server}",container_name:server-flight,2025-01-21T02:12:40.000Z,36547014.271551
"avg:container.cpu.usage{container_name:server-hotel OR container_name:server-flight OR container_name:conductor-server}",container_name:server-flight,2025-01-21T02:13:00.000Z,37191648.167218
"avg:container.cpu.usage{container_name:server-hotel OR container_name:server-flight OR container_name:conductor-server}",container_name:server-flight,2025-01-21T02:13:10.000Z,45514836.273108
"avg:container.cpu.usage{container_name:server-hotel OR container_name:server-flight OR container_name:conductor-server}",container_name:server-flight,2025-01-21T02:13:30.000Z,40119329.357072
"avg:container.cpu.usage{container_name:server-hotel OR container_name:server-flight OR container_name:conductor-server}",container_name:server-flight,2025-01-21T02:13:40.000Z,41929814.627809
"avg:container.cpu.usage{container_name:server-hotel OR container_name:server-flight OR container_name:conductor-server}",container_name:server-flight,2025-01-21T02:14:00.000Z,25243076.990118
"avg:container.cpu.usage{container_name:server-hotel OR container_name:server-flight OR container_name:conductor-server}",container_name:server-flight,2025-01-21T02:14:10.000Z,26428670.849473
"avg:container.cpu.usage{container_name:server-hotel OR container_name:server-flight OR container_name:conductor-server}",container_name:server-flight,2025-01-21T02:14:30.000Z,21093914.642146
"avg:container.cpu.usage{container_name:server-hotel OR container_name:server-flight OR container_name:conductor-server}",container_name:server-flight,2025-01-21T02:14:40.000Z,29494492.762984
"avg:container.cpu.usage{container_name:server-hotel OR container_name:server-flight OR container_name:conductor-server}",container_name:server-flight,2025-01-21T02:15:00.000Z,30807670.715224
"avg:container.cpu.usage{container_name:server-hotel OR container_name:server-flight OR container_name:conductor-server}",container_name:server-flight,2025-01-21T02:15:10.000Z,32170040.192929
"avg:container.cpu.usage{container_name:server-hotel OR container_name:server-flight OR container_name:conductor-server}",container_name:server-flight,2025-01-21T02:15:30.000Z,34007218.899421
"avg:container.cpu.usage{container_name:server-hotel OR container_name:server-flight OR container_name:conductor-server}",container_name:server-flight,2025-01-21T02:15:40.000Z,26345802.176961
"avg:container.cpu.usage{container_name:server-hotel OR container_name:server-flight OR container_name:conductor-server}",container_name:server-flight,2025-01-21T02:16:00.000Z,31903947.136134
"avg:container.cpu.usage{container_name:server-hotel OR container_name:server-flight OR container_name:conductor-server}",container_name:server-flight,2025-01-21T02:16:10.000Z,40902518.45014
"avg:container.cpu.usage{container_name:server-hotel OR container_name:server-flight OR container_name:conductor-server}",container_name:server-flight,2025-01-21T02:16:30.000Z,38032137.090221
"avg:container.cpu.usage{container_name:server-hotel OR container_name:server-flight OR container_name:conductor-server}",container_name:server-flight,2025-01-21T02:16:40.000Z,33452935.64339
"avg:container.cpu.usage{container_name:server-hotel OR container_name:server-flight OR container_name:conductor-server}",container_name:server-flight,2025-01-21T02:17:00.000Z,36290034.583748
"avg:container.cpu.usage{container_name:server-hotel OR container_name:server-flight OR container_name:conductor-server}",container_name:server-flight,2025-01-21T02:17:10.000Z,30523040.545702
"avg:container.cpu.usage{container_name:server-hotel OR container_name:server-flight OR container_name:conductor-server}",container_name:server-flight,2025-01-21T02:17:30.000Z,41509174.725657
"avg:container.cpu.usage{container_name:server-hotel OR container_name:server-flight OR container_name:conductor-server}",container_name:server-flight,2025-01-21T02:17:40.000Z,31444243.099207
"avg:container.cpu.usage{container_name:server-hotel OR container_name:server-flight OR container_name:conductor-server}",container_name:server-flight,2025-01-21T02:18:00.000Z,40644079.856596
"avg:container.cpu.usage{container_name:server-hotel OR container_name:server-flight OR container_name:conductor-server}",container_name:server-flight,2025-01-21T02:18:10.000Z,39623740.455848
"avg:container.cpu.usage{container_name:server-hotel OR container_name:server-flight OR container_name:conductor-server}",container_name:server-flight,2025-01-21T02:18:30.000Z,37311977.496168
"avg:container.cpu.usage{container_name:server-hotel OR container_name:server-flight OR container_name:conductor-server}",container_name:server-flight,2025-01-21T02:18:40.000Z,40642116.596969
"avg:container.cpu.usage{container_name:server-hotel OR container_name:server-flight OR container_name:conductor-server}",container_name:server-flight,2025-01-21T02:19:00.000Z,39633373.076016
"avg:container.cpu.usage{container_name:server-hotel OR container_name:server-flight OR container_name:conductor-server}",container_name:server-flight,2025-01-21T02:19:10.000Z,39292728.661436
"avg:container.cpu.usage{container_name:server-hotel OR container_name:server-flight OR container_name:conductor-server}",container_name:server-flight,2025-01-21T02:19:30.000Z,38104456.388438
"avg:container.cpu.usage{container_name:server-hotel OR container_name:server-flight OR container_name:conductor-server}",container_name:server-flight,2025-01-21T02:19:40.000Z,38364958.617766
"avg:container.cpu.usage{container_name:server-hotel OR container_name:server-flight OR container_name:conductor-server}",container_name:server-flight,2025-01-21T02:20:00.000Z,33495179.514439
"avg:container.cpu.usage{container_name:server-hotel OR container_name:server-flight OR container_name:conductor-server}",container_name:server-flight,2025-01-21T02:20:10.000Z,34064520.361812
"avg:container.cpu.usage{container_name:server-hotel OR container_name:server-flight OR container_name:conductor-server}",container_name:server-flight,2025-01-21T02:20:30.000Z,30171644.787749
"avg:container.cpu.usage{container_name:server-hotel OR container_name:server-flight OR container_name:conductor-server}",container_name:server-flight,2025-01-21T02:20:40.000Z,28684472.358368
"avg:container.cpu.usage{container_name:server-hotel OR container_name:server-flight OR container_name:conductor-server}",container_name:server-flight,2025-01-21T02:21:00.000Z,17228799.238359
"avg:container.cpu.usage{container_name:server-hotel OR container_name:server-flight OR container_name:conductor-server}",container_name:server-flight,2025-01-21T02:21:10.000Z,21147530.645084
"avg:container.cpu.usage{container_name:server-hotel OR container_name:server-flight OR container_name:conductor-server}",container_name:server-flight,2025-01-21T02:21:30.000Z,10619731.593397
"avg:container.cpu.usage{container_name:server-hotel OR container_name:server-flight OR container_name:conductor-server}",container_name:server-flight,2025-01-21T02:21:40.000Z,14123092.106877
"avg:container.cpu.usage{container_name:server-hotel OR container_name:server-flight OR container_name:conductor-server}",container_name:server-hotel,2025-01-21T01:49:30.000Z,19234933.136803
"avg:container.cpu.usage{container_name:server-hotel OR container_name:server-flight OR container_name:conductor-server}",container_name:server-hotel,2025-01-21T01:49:40.000Z,14117556.071368
"avg:container.cpu.usage{container_name:server-hotel OR container_name:server-flight OR container_name:conductor-server}",container_name:server-hotel,2025-01-21T01:50:00.000Z,13676352.896474
"avg:container.cpu.usage{container_name:server-hotel OR container_name:server-flight OR container_name:conductor-server}",container_name:server-hotel,2025-01-21T01:50:10.000Z,15404995.038066
"avg:container.cpu.usage{container_name:server-hotel OR container_name:server-flight OR container_name:conductor-server}",container_name:server-hotel,2025-01-21T01:50:30.000Z,12379293.122175
"avg:container.cpu.usage{container_name:server-hotel OR container_name:server-flight OR container_name:conductor-server}",container_name:server-hotel,2025-01-21T01:50:40.000Z,11790356.810754
"avg:container.cpu.usage{container_name:server-hotel OR container_name:server-flight OR container_name:conductor-server}",container_name:server-hotel,2025-01-21T01:51:00.000Z,135484051.827766
"avg:container.cpu.usage{container_name:server-hotel OR container_name:server-flight OR container_name:conductor-server}",container_name:server-hotel,2025-01-21T01:51:10.000Z,21945215.196723
"avg:container.cpu.usage{container_name:server-hotel OR container_name:server-flight OR container_name:conductor-server}",container_name:server-hotel,2025-01-21T01:51:30.000Z,22673995.861362
"avg:container.cpu.usage{container_name:server-hotel OR container_name:server-flight OR container_name:conductor-server}",container_name:server-hotel,2025-01-21T01:51:40.000Z,33144664.894272
"avg:container.cpu.usage{container_name:server-hotel OR container_name:server-flight OR container_name:conductor-server}",container_name:server-hotel,2025-01-21T01:52:00.000Z,30933097.85599
"avg:container.cpu.usage{container_name:server-hotel OR container_name:server-flight OR container_name:conductor-server}",container_name:server-hotel,2025-01-21T01:52:10.000Z,41161475.286301
"avg:container.cpu.usage{container_name:server-hotel OR container_name:server-flight OR container_name:conductor-server}",container_name:server-hotel,2025-01-21T01:52:30.000Z,40071747.648586
"avg:container.cpu.usage{container_name:server-hotel OR container_name:server-flight OR container_name:conductor-server}",container_name:server-hotel,2025-01-21T01:52:40.000Z,35983252.180912
"avg:container.cpu.usage{container_name:server-hotel OR container_name:server-flight OR container_name:conductor-server}",container_name:server-hotel,2025-01-21T01:53:00.000Z,35681856.81285
"avg:container.cpu.usage{container_name:server-hotel OR container_name:server-flight OR container_name:conductor-server}",container_name:server-hotel,2025-01-21T01:53:10.000Z,40710052.834854
"avg:container.cpu.usage{container_name:server-hotel OR container_name:server-flight OR container_name:conductor-server}",container_name:server-hotel,2025-01-21T01:53:30.000Z,38008422.705523
"avg:container.cpu.usage{container_name:server-hotel OR container_name:server-flight OR container_name:conductor-server}",container_name:server-hotel,2025-01-21T01:53:40.000Z,36276059.311832
"avg:container.cpu.usage{container_name:server-hotel OR container_name:server-flight OR container_name:conductor-server}",container_name:server-hotel,2025-01-21T01:54:00.000Z,35971358.418894
"avg:container.cpu.usage{container_name:server-hotel OR container_name:server-flight OR container_name:conductor-server}",container_name:server-hotel,2025-01-21T01:54:10.000Z,38870373.071624
"avg:container.cpu.usage{container_name:server-hotel OR container_name:server-flight OR container_name:conductor-server}",container_name:server-hotel,2025-01-21T01:54:30.000Z,36743423.621129
"avg:container.cpu.usage{container_name:server-hotel OR container_name:server-flight OR container_name:conductor-server}",container_name:server-hotel,2025-01-21T01:54:40.000Z,38052636.926521
"avg:container.cpu.usage{container_name:server-hotel OR container_name:server-flight OR container_name:conductor-server}",container_name:server-hotel,2025-01-21T01:55:00.000Z,34449344.900662
"avg:container.cpu.usage{container_name:server-hotel OR container_name:server-flight OR container_name:conductor-server}",container_name:server-hotel,2025-01-21T01:55:10.000Z,38496509.976469
"avg:container.cpu.usage{container_name:server-hotel OR container_name:server-flight OR container_name:conductor-server}",container_name:server-hotel,2025-01-21T01:55:30.000Z,26137818.597273
"avg:container.cpu.usage{container_name:server-hotel OR container_name:server-flight OR container_name:conductor-server}",container_name:server-hotel,2025-01-21T01:55:40.000Z,28466524.068562
"avg:container.cpu.usage{container_name:server-hotel OR container_name:server-flight OR container_name:conductor-server}",container_name:server-hotel,2025-01-21T01:56:00.000Z,35082670.052071
"avg:container.cpu.usage{container_name:server-hotel OR container_name:server-flight OR container_name:conductor-server}",container_name:server-hotel,2025-01-21T01:56:10.000Z,34960546.011644
"avg:container.cpu.usage{container_name:server-hotel OR container_name:server-flight OR container_name:conductor-server}",container_name:server-hotel,2025-01-21T01:56:30.000Z,35277952.628037
"avg:container.cpu.usage{container_name:server-hotel OR container_name:server-flight OR container_name:conductor-server}",container_name:server-hotel,2025-01-21T01:56:40.000Z,40216119.868117
"avg:container.cpu.usage{container_name:server-hotel OR container_name:server-flight OR container_name:conductor-server}",container_name:server-hotel,2025-01-21T01:57:00.000Z,34239836.595906
"avg:container.cpu.usage{container_name:server-hotel OR container_name:server-flight OR container_name:conductor-server}",container_name:server-hotel,2025-01-21T01:57:10.000Z,36392982.709362
"avg:container.cpu.usage{container_name:server-hotel OR container_name:server-flight OR container_name:conductor-server}",container_name:server-hotel,2025-01-21T01:57:30.000Z,36522002.258105
"avg:container.cpu.usage{container_name:server-hotel OR container_name:server-flight OR container_name:conductor-server}",container_name:server-hotel,2025-01-21T01:57:40.000Z,41092851.046348
"avg:container.cpu.usage{container_name:server-hotel OR container_name:server-flight OR container_name:conductor-server}",container_name:server-hotel,2025-01-21T01:58:00.000Z,42094877.415808
"avg:container.cpu.usage{container_name:server-hotel OR container_name:server-flight OR container_name:conductor-server}",container_name:server-hotel,2025-01-21T01:58:10.000Z,47639150.480734
"avg:container.cpu.usage{container_name:server-hotel OR container_name:server-flight OR container_name:conductor-server}",container_name:server-hotel,2025-01-21T01:58:30.000Z,39919226.842155
"avg:container.cpu.usage{container_name:server-hotel OR container_name:server-flight OR container_name:conductor-server}",container_name:server-hotel,2025-01-21T01:58:40.000Z,39801446.70239
"avg:container.cpu.usage{container_name:server-hotel OR container_name:server-flight OR container_name:conductor-server}",container_name:server-hotel,2025-01-21T01:59:00.000Z,38816645.419617
"avg:container.cpu.usage{container_name:server-hotel OR container_name:server-flight OR container_name:conductor-server}",container_name:server-hotel,2025-01-21T01:59:10.000Z,41523992.88537
"avg:container.cpu.usage{container_name:server-hotel OR container_name:server-flight OR container_name:conductor-server}",container_name:server-hotel,2025-01-21T01:59:30.000Z,42541373.457872
"avg:container.cpu.usage{container_name:server-hotel OR container_name:server-flight OR container_name:conductor-server}",container_name:server-hotel,2025-01-21T01:59:40.000Z,32609617.744935
"avg:container.cpu.usage{container_name:server-hotel OR container_name:server-flight OR container_name:conductor-server}",container_name:server-hotel,2025-01-21T02:00:00.000Z,33844700.310906
"avg:container.cpu.usage{container_name:server-hotel OR container_name:server-flight OR container_name:conductor-server}",container_name:server-hotel,2025-01-21T02:00:10.000Z,40421729.999457
"avg:container.cpu.usage{container_name:server-hotel OR container_name:server-flight OR container_name:conductor-server}",container_name:server-hotel,2025-01-21T02:00:30.000Z,36111792.996216
"avg:container.cpu.usage{container_name:server-hotel OR container_name:server-flight OR container_name:conductor-server}",container_name:server-hotel,2025-01-21T02:00:40.000Z,30452881.359454
"avg:container.cpu.usage{container_name:server-hotel OR container_name:server-flight OR container_name:conductor-server}",container_name:server-hotel,2025-01-21T02:01:00.000Z,37067140.928944
"avg:container.cpu.usage{container_name:server-hotel OR container_name:server-flight OR container_name:conductor-server}",container_name:server-hotel,2025-01-21T02:01:10.000Z,40804254.993318
"avg:container.cpu.usage{container_name:server-hotel OR container_name:server-flight OR container_name:conductor-server}",container_name:server-hotel,2025-01-21T02:01:30.000Z,38623445.119792
"avg:container.cpu.usage{container_name:server-hotel OR container_name:server-flight OR container_name:conductor-server}",container_name:server-hotel,2025-01-21T02:01:40.000Z,22785791.139304
"avg:container.cpu.usage{container_name:server-hotel OR container_name:server-flight OR container_name:conductor-server}",container_name:server-hotel,2025-01-21T02:02:00.000Z,21242135.121654
"avg:container.cpu.usage{container_name:server-hotel OR container_name:server-flight OR container_name:conductor-server}",container_name:server-hotel,2025-01-21T02:02:10.000Z,20321703.448307
"avg:container.cpu.usage{container_name:server-hotel OR container_name:server-flight OR container_name:conductor-server}",container_name:server-hotel,2025-01-21T02:02:30.000Z,24636740.285694
"avg:container.cpu.usage{container_name:server-hotel OR container_name:server-flight OR container_name:conductor-server}",container_name:server-hotel,2025-01-21T02:02:40.000Z,27614565.386929
"avg:container.cpu.usage{container_name:server-hotel OR container_name:server-flight OR container_name:conductor-server}",container_name:server-hotel,2025-01-21T02:03:00.000Z,33202086.580921
"avg:container.cpu.usage{container_name:server-hotel OR container_name:server-flight OR container_name:conductor-server}",container_name:server-hotel,2025-01-21T02:03:10.000Z,43539077.24304
"avg:container.cpu.usage{container_name:server-hotel OR container_name:server-flight OR container_name:conductor-server}",container_name:server-hotel,2025-01-21T02:03:30.000Z,41442229.352457
"avg:container.cpu.usage{container_name:server-hotel OR container_name:server-flight OR container_name:conductor-server}",container_name:server-hotel,2025-01-21T02:03:40.000Z,41855221.517436
"avg:container.cpu.usage{container_name:server-hotel OR container_name:server-flight OR container_name:conductor-server}",container_name:server-hotel,2025-01-21T02:04:00.000Z,41448003.418489
"avg:container.cpu.usage{container_name:server-hotel OR container_name:server-flight OR container_name:conductor-server}",container_name:server-hotel,2025-01-21T02:04:10.000Z,43602430.299429
"avg:container.cpu.usage{container_name:server-hotel OR container_name:server-flight OR container_name:conductor-server}",container_name:server-hotel,2025-01-21T02:04:30.000Z,41888197.31941
"avg:container.cpu.usage{container_name:server-hotel OR container_name:server-flight OR container_name:conductor-server}",container_name:server-hotel,2025-01-21T02:04:40.000Z,30844236.990776
"avg:container.cpu.usage{container_name:server-hotel OR container_name:server-flight OR container_name:conductor-server}",container_name:server-hotel,2025-01-21T02:05:00.000Z,34937753.507667
"avg:container.cpu.usage{container_name:server-hotel OR container_name:server-flight OR container_name:conductor-server}",container_name:server-hotel,2025-01-21T02:05:10.000Z,32444170.844112
"avg:container.cpu.usage{container_name:server-hotel OR container_name:server-flight OR container_name:conductor-server}",container_name:server-hotel,2025-01-21T02:05:30.000Z,35312417.21325
"avg:container.cpu.usage{container_name:server-hotel OR container_name:server-flight OR container_name:conductor-server}",container_name:server-hotel,2025-01-21T02:05:40.000Z,23794394.489639
"avg:container.cpu.usage{container_name:server-hotel OR container_name:server-flight OR container_name:conductor-server}",container_name:server-hotel,2025-01-21T02:06:00.000Z,37638296.123628
"avg:container.cpu.usage{container_name:server-hotel OR container_name:server-flight OR container_name:conductor-server}",container_name:server-hotel,2025-01-21T02:06:10.000Z,36375004.518418
"avg:container.cpu.usage{container_name:server-hotel OR container_name:server-flight OR container_name:conductor-server}",container_name:server-hotel,2025-01-21T02:06:30.000Z,38915810.383689
"avg:container.cpu.usage{container_name:server-hotel OR container_name:server-flight OR container_name:conductor-server}",container_name:server-hotel,2025-01-21T02:06:40.000Z,40197276.069147
"avg:container.cpu.usage{container_name:server-hotel OR container_name:server-flight OR container_name:conductor-server}",container_name:server-hotel,2025-01-21T02:07:00.000Z,42020374.694382
"avg:container.cpu.usage{container_name:server-hotel OR container_name:server-flight OR container_name:conductor-server}",container_name:server-hotel,2025-01-21T02:07:10.000Z,38604120.992058
"avg:container.cpu.usage{container_name:server-hotel OR container_name:server-flight OR container_name:conductor-server}",container_name:server-hotel,2025-01-21T02:07:30.000Z,38550009.912114
"avg:container.cpu.usage{container_name:server-hotel OR container_name:server-flight OR container_name:conductor-server}",container_name:server-hotel,2025-01-21T02:07:40.000Z,35514779.920522
"avg:container.cpu.usage{container_name:server-hotel OR container_name:server-flight OR container_name:conductor-server}",container_name:server-hotel,2025-01-21T02:08:00.000Z,27559797.185637
"avg:container.cpu.usage{container_name:server-hotel OR container_name:server-flight OR container_name:conductor-server}",container_name:server-hotel,2025-01-21T02:08:10.000Z,34723821.36059
"avg:container.cpu.usage{container_name:server-hotel OR container_name:server-flight OR container_name:conductor-server}",container_name:server-hotel,2025-01-21T02:08:30.000Z,40972447.265229
"avg:container.cpu.usage{container_name:server-hotel OR container_name:server-flight OR container_name:conductor-server}",container_name:server-hotel,2025-01-21T02:08:40.000Z,38063276.408462
"avg:container.cpu.usage{container_name:server-hotel OR container_name:server-flight OR container_name:conductor-server}",container_name:server-hotel,2025-01-21T02:09:00.000Z,40528611.520157
"avg:container.cpu.usage{container_name:server-hotel OR container_name:server-flight OR container_name:conductor-server}",container_name:server-hotel,2025-01-21T02:09:10.000Z,31480577.400634
"avg:container.cpu.usage{container_name:server-hotel OR container_name:server-flight OR container_name:conductor-server}",container_name:server-hotel,2025-01-21T02:09:30.000Z,20197609.305855
"avg:container.cpu.usage{container_name:server-hotel OR container_name:server-flight OR container_name:conductor-server}",container_name:server-hotel,2025-01-21T02:09:40.000Z,21921177.523115
"avg:container.cpu.usage{container_name:server-hotel OR container_name:server-flight OR container_name:conductor-server}",container_name:server-hotel,2025-01-21T02:10:00.000Z,25115279.891953
"avg:container.cpu.usage{container_name:server-hotel OR container_name:server-flight OR container_name:conductor-server}",container_name:server-hotel,2025-01-21T02:10:10.000Z,39694224.509096
"avg:container.cpu.usage{container_name:server-hotel OR container_name:server-flight OR container_name:conductor-server}",container_name:server-hotel,2025-01-21T02:10:30.000Z,29789005.926501
"avg:container.cpu.usage{container_name:server-hotel OR container_name:server-flight OR container_name:conductor-server}",container_name:server-hotel,2025-01-21T02:10:40.000Z,32806806.111321
"avg:container.cpu.usage{container_name:server-hotel OR container_name:server-flight OR container_name:conductor-server}",container_name:server-hotel,2025-01-21T02:11:00.000Z,34182941.331717
"avg:container.cpu.usage{container_name:server-hotel OR container_name:server-flight OR container_name:conductor-server}",container_name:server-hotel,2025-01-21T02:11:10.000Z,35450312.799547
"avg:container.cpu.usage{container_name:server-hotel OR container_name:server-flight OR container_name:conductor-server}",container_name:server-hotel,2025-01-21T02:11:30.000Z,34933956.927548
"avg:container.cpu.usage{container_name:server-hotel OR container_name:server-flight OR container_name:conductor-server}",container_name:server-hotel,2025-01-21T02:11:40.000Z,29926974.066559
"avg:container.cpu.usage{container_name:server-hotel OR container_name:server-flight OR container_name:conductor-server}",container_name:server-hotel,2025-01-21T02:12:00.000Z,36345497.35179
"avg:container.cpu.usage{container_name:server-hotel OR container_name:server-flight OR container_name:conductor-server}",container_name:server-hotel,2025-01-21T02:12:10.000Z,37977117.687233
"avg:container.cpu.usage{container_name:server-hotel OR container_name:server-flight OR container_name:conductor-server}",container_name:server-hotel,2025-01-21T02:12:30.000Z,41026053.259353
"avg:container.cpu.usage{container_name:server-hotel OR container_name:server-flight OR container_name:conductor-server}",container_name:server-hotel,2025-01-21T02:12:40.000Z,37721283.156833
"avg:container.cpu.usage{container_name:server-hotel OR container_name:server-flight OR container_name:conductor-server}",container_name:server-hotel,2025-01-21T02:13:00.000Z,39038909.821819
"avg:container.cpu.usage{container_name:server-hotel OR container_name:server-flight OR container_name:conductor-server}",container_name:server-hotel,2025-01-21T02:13:10.000Z,43155769.128724
"avg:container.cpu.usage{container_name:server-hotel OR container_name:server-flight OR container_name:conductor-server}",container_name:server-hotel,2025-01-21T02:13:30.000Z,39272282.058847
"avg:container.cpu.usage{container_name:server-hotel OR container_name:server-flight OR container_name:conductor-server}",container_name:server-hotel,2025-01-21T02:13:40.000Z,40011716.83609
"avg:container.cpu.usage{container_name:server-hotel OR container_name:server-flight OR container_name:conductor-server}",container_name:server-hotel,2025-01-21T02:14:00.000Z,23533024.480126
"avg:container.cpu.usage{container_name:server-hotel OR container_name:server-flight OR container_name:conductor-server}",container_name:server-hotel,2025-01-21T02:14:10.000Z,23093516.917847
"avg:container.cpu.usage{container_name:server-hotel OR container_name:server-flight OR container_name:conductor-server}",container_name:server-hotel,2025-01-21T02:14:30.000Z,18468338.913474
"avg:container.cpu.usage{container_name:server-hotel OR container_name:server-flight OR container_name:conductor-server}",container_name:server-hotel,2025-01-21T02:14:40.000Z,27765005.99203
"avg:container.cpu.usage{container_name:server-hotel OR container_name:server-flight OR container_name:conductor-server}",container_name:server-hotel,2025-01-21T02:15:00.000Z,31546946.631296
"avg:container.cpu.usage{container_name:server-hotel OR container_name:server-flight OR container_name:conductor-server}",container_name:server-hotel,2025-01-21T02:15:10.000Z,32699005.347217
"avg:container.cpu.usage{container_name:server-hotel OR container_name:server-flight OR container_name:conductor-server}",container_name:server-hotel,2025-01-21T02:15:30.000Z,34330283.153518
"avg:container.cpu.usage{container_name:server-hotel OR container_name:server-flight OR container_name:conductor-server}",container_name:server-hotel,2025-01-21T02:15:40.000Z,29461129.671691
"avg:container.cpu.usage{container_name:server-hotel OR container_name:server-flight OR container_name:conductor-server}",container_name:server-hotel,2025-01-21T02:16:00.000Z,29913722.622175
"avg:container.cpu.usage{container_name:server-hotel OR container_name:server-flight OR container_name:conductor-server}",container_name:server-hotel,2025-01-21T02:16:10.000Z,40873404.150411
"avg:container.cpu.usage{container_name:server-hotel OR container_name:server-flight OR container_name:conductor-server}",container_name:server-hotel,2025-01-21T02:16:30.000Z,38684501.010858
"avg:container.cpu.usage{container_name:server-hotel OR container_name:server-flight OR container_name:conductor-server}",container_name:server-hotel,2025-01-21T02:16:40.000Z,33928736.078137
"avg:container.cpu.usage{container_name:server-hotel OR container_name:server-flight OR container_name:conductor-server}",container_name:server-hotel,2025-01-21T02:17:00.000Z,31825309.679915
"avg:container.cpu.usage{container_name:server-hotel OR container_name:server-flight OR container_name:conductor-server}",container_name:server-hotel,2025-01-21T02:17:10.000Z,27893163.760822
"avg:container.cpu.usage{container_name:server-hotel OR container_name:server-flight OR container_name:conductor-server}",container_name:server-hotel,2025-01-21T02:17:30.000Z,36940336.340035
"avg:container.cpu.usage{container_name:server-hotel OR container_name:server-flight OR container_name:conductor-server}",container_name:server-hotel,2025-01-21T02:17:40.000Z,30350535.410826
"avg:container.cpu.usage{container_name:server-hotel OR container_name:server-flight OR container_name:conductor-server}",container_name:server-hotel,2025-01-21T02:18:00.000Z,41490864.830523
"avg:container.cpu.usage{container_name:server-hotel OR container_name:server-flight OR container_name:conductor-server}",container_name:server-hotel,2025-01-21T02:18:10.000Z,38721803.884973
"avg:container.cpu.usage{container_name:server-hotel OR container_name:server-flight OR container_name:conductor-server}",container_name:server-hotel,2025-01-21T02:18:30.000Z,37474060.885731
"avg:container.cpu.usage{container_name:server-hotel OR container_name:server-flight OR container_name:conductor-server}",container_name:server-hotel,2025-01-21T02:18:40.000Z,37463993.193509
"avg:container.cpu.usage{container_name:server-hotel OR container_name:server-flight OR container_name:conductor-server}",container_name:server-hotel,2025-01-21T02:19:00.000Z,38645931.029763
"avg:container.cpu.usage{container_name:server-hotel OR container_name:server-flight OR container_name:conductor-server}",container_name:server-hotel,2025-01-21T02:19:10.000Z,39822614.93626
"avg:container.cpu.usage{container_name:server-hotel OR container_name:server-flight OR container_name:conductor-server}",container_name:server-hotel,2025-01-21T02:19:30.000Z,38133944.20733
"avg:container.cpu.usage{container_name:server-hotel OR container_name:server-flight OR container_name:conductor-server}",container_name:server-hotel,2025-01-21T02:19:40.000Z,35502792.112904
"avg:container.cpu.usage{container_name:server-hotel OR container_name:server-flight OR container_name:conductor-server}",container_name:server-hotel,2025-01-21T02:20:00.000Z,32204895.19982
"avg:container.cpu.usage{container_name:server-hotel OR container_name:server-flight OR container_name:conductor-server}",container_name:server-hotel,2025-01-21T02:20:10.000Z,26748882.677306
"avg:container.cpu.usage{container_name:server-hotel OR container_name:server-flight OR container_name:conductor-server}",container_name:server-hotel,2025-01-21T02:20:30.000Z,29747692.58755
"avg:container.cpu.usage{container_name:server-hotel OR container_name:server-flight OR container_name:conductor-server}",container_name:server-hotel,2025-01-21T02:20:40.000Z,27092670.08908
"avg:container.cpu.usage{container_name:server-hotel OR container_name:server-flight OR container_name:conductor-server}",container_name:server-hotel,2025-01-21T02:21:00.000Z,17692166.760902
"avg:container.cpu.usage{container_name:server-hotel OR container_name:server-flight OR container_name:conductor-server}",container_name:server-hotel,2025-01-21T02:21:10.000Z,21068212.040805
"avg:container.cpu.usage{container_name:server-hotel OR container_name:server-flight OR container_name:conductor-server}",container_name:server-hotel,2025-01-21T02:21:30.000Z,11092683.183573
"avg:container.cpu.usage{container_name:server-hotel OR container_name:server-flight OR container_name:conductor-server}",container_name:server-hotel,2025-01-21T02:21:40.000Z,14856546.993566
