query,group,time,value
"avg:container.memory.usage{container_name:server-hotel OR container_name:server-flight OR container_name:conductor-server}",container_name:server-flight,2025-01-21T01:49:30.000Z,63557632
"avg:container.memory.usage{container_name:server-hotel OR container_name:server-flight OR container_name:conductor-server}",container_name:server-flight,2025-01-21T01:49:40.000Z,63295488
"avg:container.memory.usage{container_name:server-hotel OR container_name:server-flight OR container_name:conductor-server}",container_name:server-flight,2025-01-21T01:50:00.000Z,63295488
"avg:container.memory.usage{container_name:server-hotel OR container_name:server-flight OR container_name:conductor-server}",container_name:server-flight,2025-01-21T01:50:10.000Z,63299584
"avg:container.memory.usage{container_name:server-hotel OR container_name:server-flight OR container_name:conductor-server}",container_name:server-flight,2025-01-21T01:50:30.000Z,63295488
"avg:container.memory.usage{container_name:server-hotel OR container_name:server-flight OR container_name:conductor-server}",container_name:server-flight,2025-01-21T01:50:40.000Z,63295488
"avg:container.memory.usage{container_name:server-hotel OR container_name:server-flight OR container_name:conductor-server}",container_name:server-flight,2025-01-21T01:51:00.000Z,63569920
"avg:container.memory.usage{container_name:server-hotel OR container_name:server-flight OR container_name:conductor-server}",container_name:server-flight,2025-01-21T01:51:10.000Z,63332352
"avg:container.memory.usage{container_name:server-hotel OR container_name:server-flight OR container_name:conductor-server}",container_name:server-flight,2025-01-21T01:51:30.000Z,63332352
"avg:container.memory.usage{container_name:server-hotel OR container_name:server-flight OR container_name:conductor-server}",container_name:server-flight,2025-01-21T01:51:40.000Z,63463424
"avg:container.memory.usage{container_name:server-hotel OR container_name:server-flight OR container_name:conductor-server}",container_name:server-flight,2025-01-21T01:52:00.000Z,63463424
"avg:container.memory.usage{container_name:server-hotel OR container_name:server-flight OR container_name:conductor-server}",container_name:server-flight,2025-01-21T01:52:10.000Z,63496192
"avg:container.memory.usage{container_name:server-hotel OR container_name:server-flight OR container_name:conductor-server}",container_name:server-flight,2025-01-21T01:52:30.000Z,63504384
"avg:container.memory.usage{container_name:server-hotel OR container_name:server-flight OR container_name:conductor-server}",container_name:server-flight,2025-01-21T01:52:40.000Z,63893504
"avg:container.memory.usage{container_name:server-hotel OR container_name:server-flight OR container_name:conductor-server}",container_name:server-flight,2025-01-21T01:53:00.000Z,63643648
"avg:container.memory.usage{container_name:server-hotel OR container_name:server-flight OR container_name:conductor-server}",container_name:server-flight,2025-01-21T01:53:10.000Z,63692800
"avg:container.memory.usage{container_name:server-hotel OR container_name:server-flight OR container_name:conductor-server}",container_name:server-flight,2025-01-21T01:53:30.000Z,63733760
"avg:container.memory.usage{container_name:server-hotel OR container_name:server-flight OR container_name:conductor-server}",container_name:server-flight,2025-01-21T01:53:40.000Z,63737856
"avg:container.memory.usage{container_name:server-hotel OR container_name:server-flight OR container_name:conductor-server}",container_name:server-flight,2025-01-21T01:54:00.000Z,63762432
"avg:container.memory.usage{container_name:server-hotel OR container_name:server-flight OR container_name:conductor-server}",container_name:server-flight,2025-01-21T01:54:10.000Z,64040960
"avg:container.memory.usage{container_name:server-hotel OR container_name:server-flight OR container_name:conductor-server}",container_name:server-flight,2025-01-21T01:54:30.000Z,63942656
"avg:container.memory.usage{container_name:server-hotel OR container_name:server-flight OR container_name:conductor-server}",container_name:server-flight,2025-01-21T01:54:40.000Z,63815680
"avg:container.memory.usage{container_name:server-hotel OR container_name:server-flight OR container_name:conductor-server}",container_name:server-flight,2025-01-21T01:55:00.000Z,63729664
"avg:container.memory.usage{container_name:server-hotel OR container_name:server-flight OR container_name:conductor-server}",container_name:server-flight,2025-01-21T01:55:10.000Z,63733760
"avg:container.memory.usage{container_name:server-hotel OR container_name:server-flight OR container_name:conductor-server}",container_name:server-flight,2025-01-21T01:55:30.000Z,63733760
"avg:container.memory.usage{container_name:server-hotel OR container_name:server-flight OR container_name:conductor-server}",container_name:server-flight,2025-01-21T01:55:40.000Z,64253952
"avg:container.memory.usage{container_name:server-hotel OR container_name:server-flight OR container_name:conductor-server}",container_name:server-flight,2025-01-21T01:56:00.000Z,64000000
"avg:container.memory.usage{container_name:server-hotel OR container_name:server-flight OR container_name:conductor-server}",container_name:server-flight,2025-01-21T01:56:10.000Z,64024576
"avg:container.memory.usage{container_name:server-hotel OR container_name:server-flight OR container_name:conductor-server}",container_name:server-flight,2025-01-21T01:56:30.000Z,64028672
"avg:container.memory.usage{container_name:server-hotel OR container_name:server-flight OR container_name:conductor-server}",container_name:server-flight,2025-01-21T01:56:40.000Z,64032768
"avg:container.memory.usage{container_name:server-hotel OR container_name:server-flight OR container_name:conductor-server}",container_name:server-flight,2025-01-21T01:57:00.000Z,64032768
"avg:container.memory.usage{container_name:server-hotel OR container_name:server-flight OR container_name:conductor-server}",container_name:server-flight,2025-01-21T01:57:10.000Z,64032768
"avg:container.memory.usage{container_name:server-hotel OR container_name:server-flight OR container_name:conductor-server}",container_name:server-flight,2025-01-21T01:57:30.000Z,64167936
"avg:container.memory.usage{container_name:server-hotel OR container_name:server-flight OR container_name:conductor-server}",container_name:server-flight,2025-01-21T01:57:40.000Z,64172032
"avg:container.memory.usage{container_name:server-hotel OR container_name:server-flight OR container_name:conductor-server}",container_name:server-flight,2025-01-21T01:58:00.000Z,64045056
"avg:container.memory.usage{container_name:server-hotel OR container_name:server-flight OR container_name:conductor-server}",container_name:server-flight,2025-01-21T01:58:10.000Z,64045056
"avg:container.memory.usage{container_name:server-hotel OR container_name:server-flight OR container_name:conductor-server}",container_name:server-flight,2025-01-21T01:58:30.000Z,64057344
"avg:container.memory.usage{container_name:server-hotel OR container_name:server-flight OR container_name:conductor-server}",container_name:server-flight,2025-01-21T01:58:40.000Z,64180224
"avg:container.memory.usage{container_name:server-hotel OR container_name:server-flight OR container_name:conductor-server}",container_name:server-flight,2025-01-21T01:59:00.000Z,64311296
"avg:container.memory.usage{container_name:server-hotel OR container_name:server-flight OR container_name:conductor-server}",container_name:server-flight,2025-01-21T01:59:10.000Z,64184320
"avg:container.memory.usage{container_name:server-hotel OR container_name:server-flight OR container_name:conductor-server}",container_name:server-flight,2025-01-21T01:59:30.000Z,64225280
"avg:container.memory.usage{container_name:server-hotel OR container_name:server-flight OR container_name:conductor-server}",container_name:server-flight,2025-01-21T01:59:40.000Z,64106496
"avg:container.memory.usage{container_name:server-hotel OR container_name:server-flight OR container_name:conductor-server}",container_name:server-flight,2025-01-21T02:00:00.000Z,64110592
"avg:container.memory.usage{container_name:server-hotel OR container_name:server-flight OR container_name:conductor-server}",container_name:server-flight,2025-01-21T02:00:10.000Z,64106496
"avg:container.memory.usage{container_name:server-hotel OR container_name:server-flight OR container_name:conductor-server}",container_name:server-flight,2025-01-21T02:00:30.000Z,64368640
"avg:container.memory.usage{container_name:server-hotel OR container_name:server-flight OR container_name:conductor-server}",container_name:server-flight,2025-01-21T02:00:40.000Z,64368640
"avg:container.memory.usage{container_name:server-hotel OR container_name:server-flight OR container_name:conductor-server}",container_name:server-flight,2025-01-21T02:01:00.000Z,64110592
"avg:container.memory.usage{container_name:server-hotel OR container_name:server-flight OR container_name:conductor-server}",container_name:server-flight,2025-01-21T02:01:10.000Z,64237568
"avg:container.memory.usage{container_name:server-hotel OR container_name:server-flight OR container_name:conductor-server}",container_name:server-flight,2025-01-21T02:01:30.000Z,64241664
"avg:container.memory.usage{container_name:server-hotel OR container_name:server-flight OR container_name:conductor-server}",container_name:server-flight,2025-01-21T02:01:40.000Z,64372736
"avg:container.memory.usage{container_name:server-hotel OR container_name:server-flight OR container_name:conductor-server}",container_name:server-flight,2025-01-21T02:02:00.000Z,64110592
"avg:container.memory.usage{container_name:server-hotel OR container_name:server-flight OR container_name:conductor-server}",container_name:server-flight,2025-01-21T02:02:10.000Z,64245760
"avg:container.memory.usage{container_name:server-hotel OR container_name:server-flight OR container_name:conductor-server}",container_name:server-flight,2025-01-21T02:02:30.000Z,64110592
"avg:container.memory.usage{container_name:server-hotel OR container_name:server-flight OR container_name:conductor-server}",container_name:server-flight,2025-01-21T02:02:40.000Z,63922176
"avg:container.memory.usage{container_name:server-hotel OR container_name:server-flight OR container_name:conductor-server}",container_name:server-flight,2025-01-21T02:03:00.000Z,63922176
"avg:container.memory.usage{container_name:server-hotel OR container_name:server-flight OR container_name:conductor-server}",container_name:server-flight,2025-01-21T02:03:10.000Z,64065536
"avg:container.memory.usage{container_name:server-hotel OR container_name:server-flight OR container_name:conductor-server}",container_name:server-flight,2025-01-21T02:03:30.000Z,63975424
"avg:container.memory.usage{container_name:server-hotel OR container_name:server-flight OR container_name:conductor-server}",container_name:server-flight,2025-01-21T02:03:40.000Z,64094208
"avg:container.memory.usage{container_name:server-hotel OR container_name:server-flight OR container_name:conductor-server}",container_name:server-flight,2025-01-21T02:04:00.000Z,63963136
"avg:container.memory.usage{container_name:server-hotel OR container_name:server-flight OR container_name:conductor-server}",container_name:server-flight,2025-01-21T02:04:10.000Z,63963136
"avg:container.memory.usage{container_name:server-hotel OR container_name:server-flight OR container_name:conductor-server}",container_name:server-flight,2025-01-21T02:04:30.000Z,63963136
"avg:container.memory.usage{container_name:server-hotel OR container_name:server-flight OR container_name:conductor-server}",container_name:server-flight,2025-01-21T02:04:40.000Z,64094208
"avg:container.memory.usage{container_name:server-hotel OR container_name:server-flight OR container_name:conductor-server}",container_name:server-flight,2025-01-21T02:05:00.000Z,63967232
"avg:container.memory.usage{container_name:server-hotel OR container_name:server-flight OR container_name:conductor-server}",container_name:server-flight,2025-01-21T02:05:10.000Z,63963136
"avg:container.memory.usage{container_name:server-hotel OR container_name:server-flight OR container_name:conductor-server}",container_name:server-flight,2025-01-21T02:05:30.000Z,63963136
"avg:container.memory.usage{container_name:server-hotel OR container_name:server-flight OR container_name:conductor-server}",container_name:server-flight,2025-01-21T02:05:40.000Z,64225280
"avg:container.memory.usage{container_name:server-hotel OR container_name:server-flight OR container_name:conductor-server}",container_name:server-flight,2025-01-21T02:06:00.000Z,63963136
"avg:container.memory.usage{container_name:server-hotel OR container_name:server-flight OR container_name:conductor-server}",container_name:server-flight,2025-01-21T02:06:10.000Z,63963136
"avg:container.memory.usage{container_name:server-hotel OR container_name:server-flight OR container_name:conductor-server}",container_name:server-flight,2025-01-21T02:06:30.000Z,64356352
"avg:container.memory.usage{container_name:server-hotel OR container_name:server-flight OR container_name:conductor-server}",container_name:server-flight,2025-01-21T02:06:40.000Z,64094208
"avg:container.memory.usage{container_name:server-hotel OR container_name:server-flight OR container_name:conductor-server}",container_name:server-flight,2025-01-21T02:07:00.000Z,63963136
"avg:container.memory.usage{container_name:server-hotel OR container_name:server-flight OR container_name:conductor-server}",container_name:server-flight,2025-01-21T02:07:10.000Z,63963136
"avg:container.memory.usage{container_name:server-hotel OR container_name:server-flight OR container_name:conductor-server}",container_name:server-flight,2025-01-21T02:07:30.000Z,63963136
"avg:container.memory.usage{container_name:server-hotel OR container_name:server-flight OR container_name:conductor-server}",container_name:server-flight,2025-01-21T02:07:40.000Z,63967232
"avg:container.memory.usage{container_name:server-hotel OR container_name:server-flight OR container_name:conductor-server}",container_name:server-flight,2025-01-21T02:08:00.000Z,63967232
"avg:container.memory.usage{container_name:server-hotel OR container_name:server-flight OR container_name:conductor-server}",container_name:server-flight,2025-01-21T02:08:10.000Z,64102400
"avg:container.memory.usage{container_name:server-hotel OR container_name:server-flight OR container_name:conductor-server}",container_name:server-flight,2025-01-21T02:08:30.000Z,63975424
"avg:container.memory.usage{container_name:server-hotel OR container_name:server-flight OR container_name:conductor-server}",container_name:server-flight,2025-01-21T02:08:40.000Z,64532480
"avg:container.memory.usage{container_name:server-hotel OR container_name:server-flight OR container_name:conductor-server}",container_name:server-flight,2025-01-21T02:09:00.000Z,64266240
"avg:container.memory.usage{container_name:server-hotel OR container_name:server-flight OR container_name:conductor-server}",container_name:server-flight,2025-01-21T02:09:10.000Z,64266240
"avg:container.memory.usage{container_name:server-hotel OR container_name:server-flight OR container_name:conductor-server}",container_name:server-flight,2025-01-21T02:09:30.000Z,64090112
"avg:container.memory.usage{container_name:server-hotel OR container_name:server-flight OR container_name:conductor-server}",container_name:server-flight,2025-01-21T02:09:40.000Z,63959040
"avg:container.memory.usage{container_name:server-hotel OR container_name:server-flight OR container_name:conductor-server}",container_name:server-flight,2025-01-21T02:10:00.000Z,64090112
"avg:container.memory.usage{container_name:server-hotel OR container_name:server-flight OR container_name:conductor-server}",container_name:server-flight,2025-01-21T02:10:10.000Z,63959040
"avg:container.memory.usage{container_name:server-hotel OR container_name:server-flight OR container_name:conductor-server}",container_name:server-flight,2025-01-21T02:10:30.000Z,63959040
"avg:container.memory.usage{container_name:server-hotel OR container_name:server-flight OR container_name:conductor-server}",container_name:server-flight,2025-01-21T02:10:40.000Z,63959040
"avg:container.memory.usage{container_name:server-hotel OR container_name:server-flight OR container_name:conductor-server}",container_name:server-flight,2025-01-21T02:11:00.000Z,63893504
"avg:container.memory.usage{container_name:server-hotel OR container_name:server-flight OR container_name:conductor-server}",container_name:server-flight,2025-01-21T02:11:10.000Z,64024576
"avg:container.memory.usage{container_name:server-hotel OR container_name:server-flight OR container_name:conductor-server}",container_name:server-flight,2025-01-21T02:11:30.000Z,63311872
"avg:container.memory.usage{container_name:server-hotel OR container_name:server-flight OR container_name:conductor-server}",container_name:server-flight,2025-01-21T02:11:40.000Z,63447040
"avg:container.memory.usage{container_name:server-hotel OR container_name:server-flight OR container_name:conductor-server}",container_name:server-flight,2025-01-21T02:12:00.000Z,63311872
"avg:container.memory.usage{container_name:server-hotel OR container_name:server-flight OR container_name:conductor-server}",container_name:server-flight,2025-01-21T02:12:10.000Z,63442944
"avg:container.memory.usage{container_name:server-hotel OR container_name:server-flight OR container_name:conductor-server}",container_name:server-flight,2025-01-21T02:12:30.000Z,63442944
"avg:container.memory.usage{container_name:server-hotel OR container_name:server-flight OR container_name:conductor-server}",container_name:server-flight,2025-01-21T02:12:40.000Z,63574016
"avg:container.memory.usage{container_name:server-hotel OR container_name:server-flight OR container_name:conductor-server}",container_name:server-flight,2025-01-21T02:13:00.000Z,63447040
"avg:container.memory.usage{container_name:server-hotel OR container_name:server-flight OR container_name:conductor-server}",container_name:server-flight,2025-01-21T02:13:10.000Z,63582208
"avg:container.memory.usage{container_name:server-hotel OR container_name:server-flight OR container_name:conductor-server}",container_name:server-flight,2025-01-21T02:13:30.000Z,63451136
"avg:container.memory.usage{container_name:server-hotel OR container_name:server-flight OR container_name:conductor-server}",container_name:server-flight,2025-01-21T02:13:40.000Z,63315968
"avg:container.memory.usage{container_name:server-hotel OR container_name:server-flight OR container_name:conductor-server}",container_name:server-flight,2025-01-21T02:14:00.000Z,63311872
"avg:container.memory.usage{container_name:server-hotel OR container_name:server-flight OR container_name:conductor-server}",container_name:server-flight,2025-01-21T02:14:10.000Z,63315968
"avg:container.memory.usage{container_name:server-hotel OR container_name:server-flight OR container_name:conductor-server}",container_name:server-flight,2025-01-21T02:14:30.000Z,63315968
"avg:container.memory.usage{container_name:server-hotel OR container_name:server-flight OR container_name:conductor-server}",container_name:server-flight,2025-01-21T02:14:40.000Z,63315968
"avg:container.memory.usage{container_name:server-hotel OR container_name:server-flight OR container_name:conductor-server}",container_name:server-flight,2025-01-21T02:15:00.000Z,63320064
"avg:container.memory.usage{container_name:server-hotel OR container_name:server-flight OR container_name:conductor-server}",container_name:server-flight,2025-01-21T02:15:10.000Z,63320064
"avg:container.memory.usage{container_name:server-hotel OR container_name:server-flight OR container_name:conductor-server}",container_name:server-flight,2025-01-21T02:15:30.000Z,63709184
"avg:container.memory.usage{container_name:server-hotel OR container_name:server-flight OR container_name:conductor-server}",container_name:server-flight,2025-01-21T02:15:40.000Z,63451136
"avg:container.memory.usage{container_name:server-hotel OR container_name:server-flight OR container_name:conductor-server}",container_name:server-flight,2025-01-21T02:16:00.000Z,63320064
"avg:container.memory.usage{container_name:server-hotel OR container_name:server-flight OR container_name:conductor-server}",container_name:server-flight,2025-01-21T02:16:10.000Z,63320064
"avg:container.memory.usage{container_name:server-hotel OR container_name:server-flight OR container_name:conductor-server}",container_name:server-flight,2025-01-21T02:16:30.000Z,63455232
"avg:container.memory.usage{container_name:server-hotel OR container_name:server-flight OR container_name:conductor-server}",container_name:server-flight,2025-01-21T02:16:40.000Z,63324160
"avg:container.memory.usage{container_name:server-hotel OR container_name:server-flight OR container_name:conductor-server}",container_name:server-flight,2025-01-21T02:17:00.000Z,63455232
"avg:container.memory.usage{container_name:server-hotel OR container_name:server-flight OR container_name:conductor-server}",container_name:server-flight,2025-01-21T02:17:10.000Z,63328256
"avg:container.memory.usage{container_name:server-hotel OR container_name:server-flight OR container_name:conductor-server}",container_name:server-flight,2025-01-21T02:17:30.000Z,63455232
"avg:container.memory.usage{container_name:server-hotel OR container_name:server-flight OR container_name:conductor-server}",container_name:server-flight,2025-01-21T02:17:40.000Z,63369216
"avg:container.memory.usage{container_name:server-hotel OR container_name:server-flight OR container_name:conductor-server}",container_name:server-flight,2025-01-21T02:18:00.000Z,63377408
"avg:container.memory.usage{container_name:server-hotel OR container_name:server-flight OR container_name:conductor-server}",container_name:server-flight,2025-01-21T02:18:10.000Z,63385600
"avg:container.memory.usage{container_name:server-hotel OR container_name:server-flight OR container_name:conductor-server}",container_name:server-flight,2025-01-21T02:18:30.000Z,63381504
"avg:container.memory.usage{container_name:server-hotel OR container_name:server-flight OR container_name:conductor-server}",container_name:server-flight,2025-01-21T02:18:40.000Z,63639552
"avg:container.memory.usage{container_name:server-hotel OR container_name:server-flight OR container_name:conductor-server}",container_name:server-flight,2025-01-21T02:19:00.000Z,63655936
"avg:container.memory.usage{container_name:server-hotel OR container_name:server-flight OR container_name:conductor-server}",container_name:server-flight,2025-01-21T02:19:10.000Z,63651840
"avg:container.memory.usage{container_name:server-hotel OR container_name:server-flight OR container_name:conductor-server}",container_name:server-flight,2025-01-21T02:19:30.000Z,63651840
"avg:container.memory.usage{container_name:server-hotel OR container_name:server-flight OR container_name:conductor-server}",container_name:server-flight,2025-01-21T02:19:40.000Z,63717376
"avg:container.memory.usage{container_name:server-hotel OR container_name:server-flight OR container_name:conductor-server}",container_name:server-flight,2025-01-21T02:20:00.000Z,63848448
"avg:container.memory.usage{container_name:server-hotel OR container_name:server-flight OR container_name:conductor-server}",container_name:server-flight,2025-01-21T02:20:10.000Z,63852544
"avg:container.memory.usage{container_name:server-hotel OR container_name:server-flight OR container_name:conductor-server}",container_name:server-flight,2025-01-21T02:20:30.000Z,63852544
"avg:container.memory.usage{container_name:server-hotel OR container_name:server-flight OR container_name:conductor-server}",container_name:server-flight,2025-01-21T02:20:40.000Z,63852544
"avg:container.memory.usage{container_name:server-hotel OR container_name:server-flight OR container_name:conductor-server}",container_name:server-flight,2025-01-21T02:21:00.000Z,63983616
"avg:container.memory.usage{container_name:server-hotel OR container_name:server-flight OR container_name:conductor-server}",container_name:server-flight,2025-01-21T02:21:10.000Z,63721472
"avg:container.memory.usage{container_name:server-hotel OR container_name:server-flight OR container_name:conductor-server}",container_name:server-flight,2025-01-21T02:21:30.000Z,63725568
"avg:container.memory.usage{container_name:server-hotel OR container_name:server-flight OR container_name:conductor-server}",container_name:server-flight,2025-01-21T02:21:40.000Z,63852544
"avg:container.memory.usage{container_name:server-hotel OR container_name:server-flight OR container_name:conductor-server}",container_name:server-hotel,2025-01-21T01:49:30.000Z,62816256
"avg:container.memory.usage{container_name:server-hotel OR container_name:server-flight OR container_name:conductor-server}",container_name:server-hotel,2025-01-21T01:49:40.000Z,62951424
"avg:container.memory.usage{container_name:server-hotel OR container_name:server-flight OR container_name:conductor-server}",container_name:server-hotel,2025-01-21T01:50:00.000Z,62816256
"avg:container.memory.usage{container_name:server-hotel OR container_name:server-flight OR container_name:conductor-server}",container_name:server-hotel,2025-01-21T01:50:10.000Z,62685184
"avg:container.memory.usage{container_name:server-hotel OR container_name:server-flight OR container_name:conductor-server}",container_name:server-hotel,2025-01-21T01:50:30.000Z,62685184
"avg:container.memory.usage{container_name:server-hotel OR container_name:server-flight OR container_name:conductor-server}",container_name:server-hotel,2025-01-21T01:50:40.000Z,62685184
"avg:container.memory.usage{container_name:server-hotel OR container_name:server-flight OR container_name:conductor-server}",container_name:server-hotel,2025-01-21T01:51:00.000Z,64430080
"avg:container.memory.usage{container_name:server-hotel OR container_name:server-flight OR container_name:conductor-server}",container_name:server-hotel,2025-01-21T01:51:10.000Z,64425984
"avg:container.memory.usage{container_name:server-hotel OR container_name:server-flight OR container_name:conductor-server}",container_name:server-hotel,2025-01-21T01:51:30.000Z,64425984
"avg:container.memory.usage{container_name:server-hotel OR container_name:server-flight OR container_name:conductor-server}",container_name:server-hotel,2025-01-21T01:51:40.000Z,63508480
"avg:container.memory.usage{container_name:server-hotel OR container_name:server-flight OR container_name:conductor-server}",container_name:server-hotel,2025-01-21T01:52:00.000Z,63533056
"avg:container.memory.usage{container_name:server-hotel OR container_name:server-flight OR container_name:conductor-server}",container_name:server-hotel,2025-01-21T01:52:10.000Z,63279104
"avg:container.memory.usage{container_name:server-hotel OR container_name:server-flight OR container_name:conductor-server}",container_name:server-hotel,2025-01-21T01:52:30.000Z,63406080
"avg:container.memory.usage{container_name:server-hotel OR container_name:server-flight OR container_name:conductor-server}",container_name:server-hotel,2025-01-21T01:52:40.000Z,63438848
"avg:container.memory.usage{container_name:server-hotel OR container_name:server-flight OR container_name:conductor-server}",container_name:server-hotel,2025-01-21T01:53:00.000Z,63598592
"avg:container.memory.usage{container_name:server-hotel OR container_name:server-flight OR container_name:conductor-server}",container_name:server-hotel,2025-01-21T01:53:10.000Z,63729664
"avg:container.memory.usage{container_name:server-hotel OR container_name:server-flight OR container_name:conductor-server}",container_name:server-hotel,2025-01-21T01:53:30.000Z,63340544
"avg:container.memory.usage{container_name:server-hotel OR container_name:server-flight OR container_name:conductor-server}",container_name:server-hotel,2025-01-21T01:53:40.000Z,63463424
"avg:container.memory.usage{container_name:server-hotel OR container_name:server-flight OR container_name:conductor-server}",container_name:server-hotel,2025-01-21T01:54:00.000Z,63332352
"avg:container.memory.usage{container_name:server-hotel OR container_name:server-flight OR container_name:conductor-server}",container_name:server-hotel,2025-01-21T01:54:10.000Z,63340544
"avg:container.memory.usage{container_name:server-hotel OR container_name:server-flight OR container_name:conductor-server}",container_name:server-hotel,2025-01-21T01:54:30.000Z,63467520
"avg:container.memory.usage{container_name:server-hotel OR container_name:server-flight OR container_name:conductor-server}",container_name:server-hotel,2025-01-21T01:54:40.000Z,63340544
"avg:container.memory.usage{container_name:server-hotel OR container_name:server-flight OR container_name:conductor-server}",container_name:server-hotel,2025-01-21T01:55:00.000Z,63340544
"avg:container.memory.usage{container_name:server-hotel OR container_name:server-flight OR container_name:conductor-server}",container_name:server-hotel,2025-01-21T01:55:10.000Z,63397888
"avg:container.memory.usage{container_name:server-hotel OR container_name:server-flight OR container_name:conductor-server}",container_name:server-hotel,2025-01-21T01:55:30.000Z,63758336
"avg:container.memory.usage{container_name:server-hotel OR container_name:server-flight OR container_name:conductor-server}",container_name:server-hotel,2025-01-21T01:55:40.000Z,63627264
"avg:container.memory.usage{container_name:server-hotel OR container_name:server-flight OR container_name:conductor-server}",container_name:server-hotel,2025-01-21T01:56:00.000Z,63504384
"avg:container.memory.usage{container_name:server-hotel OR container_name:server-flight OR container_name:conductor-server}",container_name:server-hotel,2025-01-21T01:56:10.000Z,63512576
"avg:container.memory.usage{container_name:server-hotel OR container_name:server-flight OR container_name:conductor-server}",container_name:server-hotel,2025-01-21T01:56:30.000Z,63508480
"avg:container.memory.usage{container_name:server-hotel OR container_name:server-flight OR container_name:conductor-server}",container_name:server-hotel,2025-01-21T01:56:40.000Z,63295488
"avg:container.memory.usage{container_name:server-hotel OR container_name:server-flight OR container_name:conductor-server}",container_name:server-hotel,2025-01-21T01:57:00.000Z,63295488
"avg:container.memory.usage{container_name:server-hotel OR container_name:server-flight OR container_name:conductor-server}",container_name:server-hotel,2025-01-21T01:57:10.000Z,63426560
"avg:container.memory.usage{container_name:server-hotel OR container_name:server-flight OR container_name:conductor-server}",container_name:server-hotel,2025-01-21T01:57:30.000Z,63295488
"avg:container.memory.usage{container_name:server-hotel OR container_name:server-flight OR container_name:conductor-server}",container_name:server-hotel,2025-01-21T01:57:40.000Z,63426560
"avg:container.memory.usage{container_name:server-hotel OR container_name:server-flight OR container_name:conductor-server}",container_name:server-hotel,2025-01-21T01:58:00.000Z,63430656
"avg:container.memory.usage{container_name:server-hotel OR container_name:server-flight OR container_name:conductor-server}",container_name:server-hotel,2025-01-21T01:58:10.000Z,63442944
"avg:container.memory.usage{container_name:server-hotel OR container_name:server-flight OR container_name:conductor-server}",container_name:server-hotel,2025-01-21T01:58:30.000Z,63442944
"avg:container.memory.usage{container_name:server-hotel OR container_name:server-flight OR container_name:conductor-server}",container_name:server-hotel,2025-01-21T01:58:40.000Z,63434752
"avg:container.memory.usage{container_name:server-hotel OR container_name:server-flight OR container_name:conductor-server}",container_name:server-hotel,2025-01-21T01:59:00.000Z,63307776
"avg:container.memory.usage{container_name:server-hotel OR container_name:server-flight OR container_name:conductor-server}",container_name:server-hotel,2025-01-21T01:59:10.000Z,63307776
"avg:container.memory.usage{container_name:server-hotel OR container_name:server-flight OR container_name:conductor-server}",container_name:server-hotel,2025-01-21T01:59:30.000Z,63700992
"avg:container.memory.usage{container_name:server-hotel OR container_name:server-flight OR container_name:conductor-server}",container_name:server-hotel,2025-01-21T01:59:40.000Z,63557632
"avg:container.memory.usage{container_name:server-hotel OR container_name:server-flight OR container_name:conductor-server}",container_name:server-hotel,2025-01-21T02:00:00.000Z,63389696
"avg:container.memory.usage{container_name:server-hotel OR container_name:server-flight OR container_name:conductor-server}",container_name:server-hotel,2025-01-21T02:00:10.000Z,63389696
"avg:container.memory.usage{container_name:server-hotel OR container_name:server-flight OR container_name:conductor-server}",container_name:server-hotel,2025-01-21T02:00:30.000Z,63385600
"avg:container.memory.usage{container_name:server-hotel OR container_name:server-flight OR container_name:conductor-server}",container_name:server-hotel,2025-01-21T02:00:40.000Z,63205376
"avg:container.memory.usage{container_name:server-hotel OR container_name:server-flight OR container_name:conductor-server}",container_name:server-hotel,2025-01-21T02:01:00.000Z,63201280
"avg:container.memory.usage{container_name:server-hotel OR container_name:server-flight OR container_name:conductor-server}",container_name:server-hotel,2025-01-21T02:01:10.000Z,63332352
"avg:container.memory.usage{container_name:server-hotel OR container_name:server-flight OR container_name:conductor-server}",container_name:server-hotel,2025-01-21T02:01:30.000Z,63127552
"avg:container.memory.usage{container_name:server-hotel OR container_name:server-flight OR container_name:conductor-server}",container_name:server-hotel,2025-01-21T02:01:40.000Z,63127552
"avg:container.memory.usage{container_name:server-hotel OR container_name:server-flight OR container_name:conductor-server}",container_name:server-hotel,2025-01-21T02:02:00.000Z,63131648
"avg:container.memory.usage{container_name:server-hotel OR container_name:server-flight OR container_name:conductor-server}",container_name:server-hotel,2025-01-21T02:02:10.000Z,63275008
"avg:container.memory.usage{container_name:server-hotel OR container_name:server-flight OR container_name:conductor-server}",container_name:server-hotel,2025-01-21T02:02:30.000Z,63172608
"avg:container.memory.usage{container_name:server-hotel OR container_name:server-flight OR container_name:conductor-server}",container_name:server-hotel,2025-01-21T02:02:40.000Z,63176704
"avg:container.memory.usage{container_name:server-hotel OR container_name:server-flight OR container_name:conductor-server}",container_name:server-hotel,2025-01-21T02:03:00.000Z,63180800
"avg:container.memory.usage{container_name:server-hotel OR container_name:server-flight OR container_name:conductor-server}",container_name:server-hotel,2025-01-21T02:03:10.000Z,63287296
"avg:container.memory.usage{container_name:server-hotel OR container_name:server-flight OR container_name:conductor-server}",container_name:server-hotel,2025-01-21T02:03:30.000Z,63438848
"avg:container.memory.usage{container_name:server-hotel OR container_name:server-flight OR container_name:conductor-server}",container_name:server-hotel,2025-01-21T02:03:40.000Z,63508480
"avg:container.memory.usage{container_name:server-hotel OR container_name:server-flight OR container_name:conductor-server}",container_name:server-hotel,2025-01-21T02:04:00.000Z,63512576
"avg:container.memory.usage{container_name:server-hotel OR container_name:server-flight OR container_name:conductor-server}",container_name:server-hotel,2025-01-21T02:04:10.000Z,63508480
"avg:container.memory.usage{container_name:server-hotel OR container_name:server-flight OR container_name:conductor-server}",container_name:server-hotel,2025-01-21T02:04:30.000Z,63508480
"avg:container.memory.usage{container_name:server-hotel OR container_name:server-flight OR container_name:conductor-server}",container_name:server-hotel,2025-01-21T02:04:40.000Z,63508480
"avg:container.memory.usage{container_name:server-hotel OR container_name:server-flight OR container_name:conductor-server}",container_name:server-hotel,2025-01-21T02:05:00.000Z,63508480
"avg:container.memory.usage{container_name:server-hotel OR container_name:server-flight OR container_name:conductor-server}",container_name:server-hotel,2025-01-21T02:05:10.000Z,64040960
"avg:container.memory.usage{container_name:server-hotel OR container_name:server-flight OR container_name:conductor-server}",container_name:server-hotel,2025-01-21T02:05:30.000Z,63520768
"avg:container.memory.usage{container_name:server-hotel OR container_name:server-flight OR container_name:conductor-server}",container_name:server-hotel,2025-01-21T02:05:40.000Z,63647744
"avg:container.memory.usage{container_name:server-hotel OR container_name:server-flight OR container_name:conductor-server}",container_name:server-hotel,2025-01-21T02:06:00.000Z,63516672
"avg:container.memory.usage{container_name:server-hotel OR container_name:server-flight OR container_name:conductor-server}",container_name:server-hotel,2025-01-21T02:06:10.000Z,63520768
"avg:container.memory.usage{container_name:server-hotel OR container_name:server-flight OR container_name:conductor-server}",container_name:server-hotel,2025-01-21T02:06:30.000Z,63520768
"avg:container.memory.usage{container_name:server-hotel OR container_name:server-flight OR container_name:conductor-server}",container_name:server-hotel,2025-01-21T02:06:40.000Z,63520768
"avg:container.memory.usage{container_name:server-hotel OR container_name:server-flight OR container_name:conductor-server}",container_name:server-hotel,2025-01-21T02:07:00.000Z,63524864
"avg:container.memory.usage{container_name:server-hotel OR container_name:server-flight OR container_name:conductor-server}",container_name:server-hotel,2025-01-21T02:07:10.000Z,63651840
"avg:container.memory.usage{container_name:server-hotel OR container_name:server-flight OR container_name:conductor-server}",container_name:server-hotel,2025-01-21T02:07:30.000Z,63520768
"avg:container.memory.usage{container_name:server-hotel OR container_name:server-flight OR container_name:conductor-server}",container_name:server-hotel,2025-01-21T02:07:40.000Z,63524864
"avg:container.memory.usage{container_name:server-hotel OR container_name:server-flight OR container_name:conductor-server}",container_name:server-hotel,2025-01-21T02:08:00.000Z,63520768
"avg:container.memory.usage{container_name:server-hotel OR container_name:server-flight OR container_name:conductor-server}",container_name:server-hotel,2025-01-21T02:08:10.000Z,63660032
"avg:container.memory.usage{container_name:server-hotel OR container_name:server-flight OR container_name:conductor-server}",container_name:server-hotel,2025-01-21T02:08:30.000Z,63684608
"avg:container.memory.usage{container_name:server-hotel OR container_name:server-flight OR container_name:conductor-server}",container_name:server-hotel,2025-01-21T02:08:40.000Z,64081920
"avg:container.memory.usage{container_name:server-hotel OR container_name:server-flight OR container_name:conductor-server}",container_name:server-hotel,2025-01-21T02:09:00.000Z,63815680
"avg:container.memory.usage{container_name:server-hotel OR container_name:server-flight OR container_name:conductor-server}",container_name:server-hotel,2025-01-21T02:09:10.000Z,63692800
"avg:container.memory.usage{container_name:server-hotel OR container_name:server-flight OR container_name:conductor-server}",container_name:server-hotel,2025-01-21T02:09:30.000Z,63549440
"avg:container.memory.usage{container_name:server-hotel OR container_name:server-flight OR container_name:conductor-server}",container_name:server-hotel,2025-01-21T02:09:40.000Z,63549440
"avg:container.memory.usage{container_name:server-hotel OR container_name:server-flight OR container_name:conductor-server}",container_name:server-hotel,2025-01-21T02:10:00.000Z,63418368
"avg:container.memory.usage{container_name:server-hotel OR container_name:server-flight OR container_name:conductor-server}",container_name:server-hotel,2025-01-21T02:10:10.000Z,63287296
"avg:container.memory.usage{container_name:server-hotel OR container_name:server-flight OR container_name:conductor-server}",container_name:server-hotel,2025-01-21T02:10:30.000Z,63156224
"avg:container.memory.usage{container_name:server-hotel OR container_name:server-flight OR container_name:conductor-server}",container_name:server-hotel,2025-01-21T02:10:40.000Z,63160320
"avg:container.memory.usage{container_name:server-hotel OR container_name:server-flight OR container_name:conductor-server}",container_name:server-hotel,2025-01-21T02:11:00.000Z,63557632
"avg:container.memory.usage{container_name:server-hotel OR container_name:server-flight OR container_name:conductor-server}",container_name:server-hotel,2025-01-21T02:11:10.000Z,63156224
"avg:container.memory.usage{container_name:server-hotel OR container_name:server-flight OR container_name:conductor-server}",container_name:server-hotel,2025-01-21T02:11:30.000Z,63311872
"avg:container.memory.usage{container_name:server-hotel OR container_name:server-flight OR container_name:conductor-server}",container_name:server-hotel,2025-01-21T02:11:40.000Z,63180800
"avg:container.memory.usage{container_name:server-hotel OR container_name:server-flight OR container_name:conductor-server}",container_name:server-hotel,2025-01-21T02:12:00.000Z,63180800
"avg:container.memory.usage{container_name:server-hotel OR container_name:server-flight OR container_name:conductor-server}",container_name:server-hotel,2025-01-21T02:12:10.000Z,63184896
"avg:container.memory.usage{container_name:server-hotel OR container_name:server-flight OR container_name:conductor-server}",container_name:server-hotel,2025-01-21T02:12:30.000Z,63565824
"avg:container.memory.usage{container_name:server-hotel OR container_name:server-flight OR container_name:conductor-server}",container_name:server-hotel,2025-01-21T02:12:40.000Z,62529536
"avg:container.memory.usage{container_name:server-hotel OR container_name:server-flight OR container_name:conductor-server}",container_name:server-hotel,2025-01-21T02:13:00.000Z,62398464
"avg:container.memory.usage{container_name:server-hotel OR container_name:server-flight OR container_name:conductor-server}",container_name:server-hotel,2025-01-21T02:13:10.000Z,62537728
"avg:container.memory.usage{container_name:server-hotel OR container_name:server-flight OR container_name:conductor-server}",container_name:server-hotel,2025-01-21T02:13:30.000Z,62672896
"avg:container.memory.usage{container_name:server-hotel OR container_name:server-flight OR container_name:conductor-server}",container_name:server-hotel,2025-01-21T02:13:40.000Z,62406656
"avg:container.memory.usage{container_name:server-hotel OR container_name:server-flight OR container_name:conductor-server}",container_name:server-hotel,2025-01-21T02:14:00.000Z,62402560
"avg:container.memory.usage{container_name:server-hotel OR container_name:server-flight OR container_name:conductor-server}",container_name:server-hotel,2025-01-21T02:14:10.000Z,62533632
"avg:container.memory.usage{container_name:server-hotel OR container_name:server-flight OR container_name:conductor-server}",container_name:server-hotel,2025-01-21T02:14:30.000Z,62402560
"avg:container.memory.usage{container_name:server-hotel OR container_name:server-flight OR container_name:conductor-server}",container_name:server-hotel,2025-01-21T02:14:40.000Z,62402560
"avg:container.memory.usage{container_name:server-hotel OR container_name:server-flight OR container_name:conductor-server}",container_name:server-hotel,2025-01-21T02:15:00.000Z,62402560
"avg:container.memory.usage{container_name:server-hotel OR container_name:server-flight OR container_name:conductor-server}",container_name:server-hotel,2025-01-21T02:15:10.000Z,62406656
"avg:container.memory.usage{container_name:server-hotel OR container_name:server-flight OR container_name:conductor-server}",container_name:server-hotel,2025-01-21T02:15:30.000Z,62406656
"avg:container.memory.usage{container_name:server-hotel OR container_name:server-flight OR container_name:conductor-server}",container_name:server-hotel,2025-01-21T02:15:40.000Z,62406656
"avg:container.memory.usage{container_name:server-hotel OR container_name:server-flight OR container_name:conductor-server}",container_name:server-hotel,2025-01-21T02:16:00.000Z,62406656
"avg:container.memory.usage{container_name:server-hotel OR container_name:server-flight OR container_name:conductor-server}",container_name:server-hotel,2025-01-21T02:16:10.000Z,62406656
"avg:container.memory.usage{container_name:server-hotel OR container_name:server-flight OR container_name:conductor-server}",container_name:server-hotel,2025-01-21T02:16:30.000Z,62668800
"avg:container.memory.usage{container_name:server-hotel OR container_name:server-flight OR container_name:conductor-server}",container_name:server-hotel,2025-01-21T02:16:40.000Z,62406656
"avg:container.memory.usage{container_name:server-hotel OR container_name:server-flight OR container_name:conductor-server}",container_name:server-hotel,2025-01-21T02:17:00.000Z,62406656
"avg:container.memory.usage{container_name:server-hotel OR container_name:server-flight OR container_name:conductor-server}",container_name:server-hotel,2025-01-21T02:17:10.000Z,62410752
"avg:container.memory.usage{container_name:server-hotel OR container_name:server-flight OR container_name:conductor-server}",container_name:server-hotel,2025-01-21T02:17:30.000Z,62541824
"avg:container.memory.usage{container_name:server-hotel OR container_name:server-flight OR container_name:conductor-server}",container_name:server-hotel,2025-01-21T02:17:40.000Z,62410752
"avg:container.memory.usage{container_name:server-hotel OR container_name:server-flight OR container_name:conductor-server}",container_name:server-hotel,2025-01-21T02:18:00.000Z,62541824
"avg:container.memory.usage{container_name:server-hotel OR container_name:server-flight OR container_name:conductor-server}",container_name:server-hotel,2025-01-21T02:18:10.000Z,62554112
"avg:container.memory.usage{container_name:server-hotel OR container_name:server-flight OR container_name:conductor-server}",container_name:server-hotel,2025-01-21T02:18:30.000Z,62550016
"avg:container.memory.usage{container_name:server-hotel OR container_name:server-flight OR container_name:conductor-server}",container_name:server-hotel,2025-01-21T02:18:40.000Z,62545920
"avg:container.memory.usage{container_name:server-hotel OR container_name:server-flight OR container_name:conductor-server}",container_name:server-hotel,2025-01-21T02:19:00.000Z,62414848
"avg:container.memory.usage{container_name:server-hotel OR container_name:server-flight OR container_name:conductor-server}",container_name:server-hotel,2025-01-21T02:19:10.000Z,62676992
"avg:container.memory.usage{container_name:server-hotel OR container_name:server-flight OR container_name:conductor-server}",container_name:server-hotel,2025-01-21T02:19:30.000Z,62554112
"avg:container.memory.usage{container_name:server-hotel OR container_name:server-flight OR container_name:conductor-server}",container_name:server-hotel,2025-01-21T02:19:40.000Z,62418944
"avg:container.memory.usage{container_name:server-hotel OR container_name:server-flight OR container_name:conductor-server}",container_name:server-hotel,2025-01-21T02:20:00.000Z,62418944
"avg:container.memory.usage{container_name:server-hotel OR container_name:server-flight OR container_name:conductor-server}",container_name:server-hotel,2025-01-21T02:20:10.000Z,62545920
"avg:container.memory.usage{container_name:server-hotel OR container_name:server-flight OR container_name:conductor-server}",container_name:server-hotel,2025-01-21T02:20:30.000Z,62418944
"avg:container.memory.usage{container_name:server-hotel OR container_name:server-flight OR container_name:conductor-server}",container_name:server-hotel,2025-01-21T02:20:40.000Z,62550016
"avg:container.memory.usage{container_name:server-hotel OR container_name:server-flight OR container_name:conductor-server}",container_name:server-hotel,2025-01-21T02:21:00.000Z,62418944
"avg:container.memory.usage{container_name:server-hotel OR container_name:server-flight OR container_name:conductor-server}",container_name:server-hotel,2025-01-21T02:21:10.000Z,62685184
"avg:container.memory.usage{container_name:server-hotel OR container_name:server-flight OR container_name:conductor-server}",container_name:server-hotel,2025-01-21T02:21:30.000Z,62681088
"avg:container.memory.usage{container_name:server-hotel OR container_name:server-flight OR container_name:conductor-server}",container_name:server-hotel,2025-01-21T02:21:40.000Z,62586880
"avg:container.memory.usage{container_name:server-hotel OR container_name:server-flight OR container_name:conductor-server}",container_name:conductor-server,2025-01-21T01:49:30.000Z,1090662400
"avg:container.memory.usage{container_name:server-hotel OR container_name:server-flight OR container_name:conductor-server}",container_name:conductor-server,2025-01-21T01:49:40.000Z,1090400256
"avg:container.memory.usage{container_name:server-hotel OR container_name:server-flight OR container_name:conductor-server}",container_name:conductor-server,2025-01-21T01:50:00.000Z,1090527232
"avg:container.memory.usage{container_name:server-hotel OR container_name:server-flight OR container_name:conductor-server}",container_name:conductor-server,2025-01-21T01:50:10.000Z,1090392064
"avg:container.memory.usage{container_name:server-hotel OR container_name:server-flight OR container_name:conductor-server}",container_name:conductor-server,2025-01-21T01:50:30.000Z,1090519040
"avg:container.memory.usage{container_name:server-hotel OR container_name:server-flight OR container_name:conductor-server}",container_name:conductor-server,2025-01-21T01:50:40.000Z,1090392064
"avg:container.memory.usage{container_name:server-hotel OR container_name:server-flight OR container_name:conductor-server}",container_name:conductor-server,2025-01-21T01:51:00.000Z,1090674688
"avg:container.memory.usage{container_name:server-hotel OR container_name:server-flight OR container_name:conductor-server}",container_name:conductor-server,2025-01-21T01:51:10.000Z,1090703360
"avg:container.memory.usage{container_name:server-hotel OR container_name:server-flight OR container_name:conductor-server}",container_name:conductor-server,2025-01-21T01:51:30.000Z,1094672384
"avg:container.memory.usage{container_name:server-hotel OR container_name:server-flight OR container_name:conductor-server}",container_name:conductor-server,2025-01-21T01:51:40.000Z,1095495680
"avg:container.memory.usage{container_name:server-hotel OR container_name:server-flight OR container_name:conductor-server}",container_name:conductor-server,2025-01-21T01:52:00.000Z,1096007680
"avg:container.memory.usage{container_name:server-hotel OR container_name:server-flight OR container_name:conductor-server}",container_name:conductor-server,2025-01-21T01:52:10.000Z,1097740288
"avg:container.memory.usage{container_name:server-hotel OR container_name:server-flight OR container_name:conductor-server}",container_name:conductor-server,2025-01-21T01:52:30.000Z,1092333568
"avg:container.memory.usage{container_name:server-hotel OR container_name:server-flight OR container_name:conductor-server}",container_name:conductor-server,2025-01-21T01:52:40.000Z,1091952640
"avg:container.memory.usage{container_name:server-hotel OR container_name:server-flight OR container_name:conductor-server}",container_name:conductor-server,2025-01-21T01:53:00.000Z,1093103616
"avg:container.memory.usage{container_name:server-hotel OR container_name:server-flight OR container_name:conductor-server}",container_name:conductor-server,2025-01-21T01:53:10.000Z,1093795840
"avg:container.memory.usage{container_name:server-hotel OR container_name:server-flight OR container_name:conductor-server}",container_name:conductor-server,2025-01-21T01:53:30.000Z,1091969024
"avg:container.memory.usage{container_name:server-hotel OR container_name:server-flight OR container_name:conductor-server}",container_name:conductor-server,2025-01-21T01:53:40.000Z,1092083712
"avg:container.memory.usage{container_name:server-hotel OR container_name:server-flight OR container_name:conductor-server}",container_name:conductor-server,2025-01-21T01:54:00.000Z,1093390336
"avg:container.memory.usage{container_name:server-hotel OR container_name:server-flight OR container_name:conductor-server}",container_name:conductor-server,2025-01-21T01:54:10.000Z,1094098944
"avg:container.memory.usage{container_name:server-hotel OR container_name:server-flight OR container_name:conductor-server}",container_name:conductor-server,2025-01-21T01:54:30.000Z,1092030464
"avg:container.memory.usage{container_name:server-hotel OR container_name:server-flight OR container_name:conductor-server}",container_name:conductor-server,2025-01-21T01:54:40.000Z,1092706304
"avg:container.memory.usage{container_name:server-hotel OR container_name:server-flight OR container_name:conductor-server}",container_name:conductor-server,2025-01-21T01:55:00.000Z,1093046272
"avg:container.memory.usage{container_name:server-hotel OR container_name:server-flight OR container_name:conductor-server}",container_name:conductor-server,2025-01-21T01:55:10.000Z,1093758976
"avg:container.memory.usage{container_name:server-hotel OR container_name:server-flight OR container_name:conductor-server}",container_name:conductor-server,2025-01-21T01:55:30.000Z,1091911680
"avg:container.memory.usage{container_name:server-hotel OR container_name:server-flight OR container_name:conductor-server}",container_name:conductor-server,2025-01-21T01:55:40.000Z,1091780608
"avg:container.memory.usage{container_name:server-hotel OR container_name:server-flight OR container_name:conductor-server}",container_name:conductor-server,2025-01-21T01:56:00.000Z,1093492736
"avg:container.memory.usage{container_name:server-hotel OR container_name:server-flight OR container_name:conductor-server}",container_name:conductor-server,2025-01-21T01:56:10.000Z,1094168576
"avg:container.memory.usage{container_name:server-hotel OR container_name:server-flight OR container_name:conductor-server}",container_name:conductor-server,2025-01-21T01:56:30.000Z,1092161536
"avg:container.memory.usage{container_name:server-hotel OR container_name:server-flight OR container_name:conductor-server}",container_name:conductor-server,2025-01-21T01:56:40.000Z,1091837952
"avg:container.memory.usage{container_name:server-hotel OR container_name:server-flight OR container_name:conductor-server}",container_name:conductor-server,2025-01-21T01:57:00.000Z,1092792320
"avg:container.memory.usage{container_name:server-hotel OR container_name:server-flight OR container_name:conductor-server}",container_name:conductor-server,2025-01-21T01:57:10.000Z,1093681152
"avg:container.memory.usage{container_name:server-hotel OR container_name:server-flight OR container_name:conductor-server}",container_name:conductor-server,2025-01-21T01:57:30.000Z,1092448256
"avg:container.memory.usage{container_name:server-hotel OR container_name:server-flight OR container_name:conductor-server}",container_name:conductor-server,2025-01-21T01:57:40.000Z,1092468736
"avg:container.memory.usage{container_name:server-hotel OR container_name:server-flight OR container_name:conductor-server}",container_name:conductor-server,2025-01-21T01:58:00.000Z,1093103616
"avg:container.memory.usage{container_name:server-hotel OR container_name:server-flight OR container_name:conductor-server}",container_name:conductor-server,2025-01-21T01:58:10.000Z,1094111232
"avg:container.memory.usage{container_name:server-hotel OR container_name:server-flight OR container_name:conductor-server}",container_name:conductor-server,2025-01-21T01:58:30.000Z,1092194304
"avg:container.memory.usage{container_name:server-hotel OR container_name:server-flight OR container_name:conductor-server}",container_name:conductor-server,2025-01-21T01:58:40.000Z,1092014080
"avg:container.memory.usage{container_name:server-hotel OR container_name:server-flight OR container_name:conductor-server}",container_name:conductor-server,2025-01-21T01:59:00.000Z,1093234688
"avg:container.memory.usage{container_name:server-hotel OR container_name:server-flight OR container_name:conductor-server}",container_name:conductor-server,2025-01-21T01:59:10.000Z,1094111232
"avg:container.memory.usage{container_name:server-hotel OR container_name:server-flight OR container_name:conductor-server}",container_name:conductor-server,2025-01-21T01:59:30.000Z,1092096000
"avg:container.memory.usage{container_name:server-hotel OR container_name:server-flight OR container_name:conductor-server}",container_name:conductor-server,2025-01-21T01:59:40.000Z,1091964928
"avg:container.memory.usage{container_name:server-hotel OR container_name:server-flight OR container_name:conductor-server}",container_name:conductor-server,2025-01-21T02:00:00.000Z,1093574656
"avg:container.memory.usage{container_name:server-hotel OR container_name:server-flight OR container_name:conductor-server}",container_name:conductor-server,2025-01-21T02:00:10.000Z,1094217728
"avg:container.memory.usage{container_name:server-hotel OR container_name:server-flight OR container_name:conductor-server}",container_name:conductor-server,2025-01-21T02:00:30.000Z,1091821568
"avg:container.memory.usage{container_name:server-hotel OR container_name:server-flight OR container_name:conductor-server}",container_name:conductor-server,2025-01-21T02:00:40.000Z,1092284416
"avg:container.memory.usage{container_name:server-hotel OR container_name:server-flight OR container_name:conductor-server}",container_name:conductor-server,2025-01-21T02:01:00.000Z,1093099520
"avg:container.memory.usage{container_name:server-hotel OR container_name:server-flight OR container_name:conductor-server}",container_name:conductor-server,2025-01-21T02:01:10.000Z,1094254592
"avg:container.memory.usage{container_name:server-hotel OR container_name:server-flight OR container_name:conductor-server}",container_name:conductor-server,2025-01-21T02:01:30.000Z,1092128768
"avg:container.memory.usage{container_name:server-hotel OR container_name:server-flight OR container_name:conductor-server}",container_name:conductor-server,2025-01-21T02:01:40.000Z,1092317184
"avg:container.memory.usage{container_name:server-hotel OR container_name:server-flight OR container_name:conductor-server}",container_name:conductor-server,2025-01-21T02:02:00.000Z,1093226496
"avg:container.memory.usage{container_name:server-hotel OR container_name:server-flight OR container_name:conductor-server}",container_name:conductor-server,2025-01-21T02:02:10.000Z,1094057984
"avg:container.memory.usage{container_name:server-hotel OR container_name:server-flight OR container_name:conductor-server}",container_name:conductor-server,2025-01-21T02:02:30.000Z,1092014080
"avg:container.memory.usage{container_name:server-hotel OR container_name:server-flight OR container_name:conductor-server}",container_name:conductor-server,2025-01-21T02:02:40.000Z,1092280320
"avg:container.memory.usage{container_name:server-hotel OR container_name:server-flight OR container_name:conductor-server}",container_name:conductor-server,2025-01-21T02:03:00.000Z,1093283840
"avg:container.memory.usage{container_name:server-hotel OR container_name:server-flight OR container_name:conductor-server}",container_name:conductor-server,2025-01-21T02:03:10.000Z,1094246400
"avg:container.memory.usage{container_name:server-hotel OR container_name:server-flight OR container_name:conductor-server}",container_name:conductor-server,2025-01-21T02:03:30.000Z,1092136960
"avg:container.memory.usage{container_name:server-hotel OR container_name:server-flight OR container_name:conductor-server}",container_name:conductor-server,2025-01-21T02:03:40.000Z,1092136960
"avg:container.memory.usage{container_name:server-hotel OR container_name:server-flight OR container_name:conductor-server}",container_name:conductor-server,2025-01-21T02:04:00.000Z,1092911104
"avg:container.memory.usage{container_name:server-hotel OR container_name:server-flight OR container_name:conductor-server}",container_name:conductor-server,2025-01-21T02:04:10.000Z,1094434816
"avg:container.memory.usage{container_name:server-hotel OR container_name:server-flight OR container_name:conductor-server}",container_name:conductor-server,2025-01-21T02:04:30.000Z,1092014080
"avg:container.memory.usage{container_name:server-hotel OR container_name:server-flight OR container_name:conductor-server}",container_name:conductor-server,2025-01-21T02:04:40.000Z,1092136960
"avg:container.memory.usage{container_name:server-hotel OR container_name:server-flight OR container_name:conductor-server}",container_name:conductor-server,2025-01-21T02:05:00.000Z,1092997120
"avg:container.memory.usage{container_name:server-hotel OR container_name:server-flight OR container_name:conductor-server}",container_name:conductor-server,2025-01-21T02:05:10.000Z,1093963776
"avg:container.memory.usage{container_name:server-hotel OR container_name:server-flight OR container_name:conductor-server}",container_name:conductor-server,2025-01-21T02:05:30.000Z,1092284416
"avg:container.memory.usage{container_name:server-hotel OR container_name:server-flight OR container_name:conductor-server}",container_name:conductor-server,2025-01-21T02:05:40.000Z,1092395008
"avg:container.memory.usage{container_name:server-hotel OR container_name:server-flight OR container_name:conductor-server}",container_name:conductor-server,2025-01-21T02:06:00.000Z,1093337088
"avg:container.memory.usage{container_name:server-hotel OR container_name:server-flight OR container_name:conductor-server}",container_name:conductor-server,2025-01-21T02:06:10.000Z,1093763072
"avg:container.memory.usage{container_name:server-hotel OR container_name:server-flight OR container_name:conductor-server}",container_name:conductor-server,2025-01-21T02:06:30.000Z,1092145152
"avg:container.memory.usage{container_name:server-hotel OR container_name:server-flight OR container_name:conductor-server}",container_name:conductor-server,2025-01-21T02:06:40.000Z,1092042752
"avg:container.memory.usage{container_name:server-hotel OR container_name:server-flight OR container_name:conductor-server}",container_name:conductor-server,2025-01-21T02:07:00.000Z,1093226496
"avg:container.memory.usage{container_name:server-hotel OR container_name:server-flight OR container_name:conductor-server}",container_name:conductor-server,2025-01-21T02:07:10.000Z,1094283264
"avg:container.memory.usage{container_name:server-hotel OR container_name:server-flight OR container_name:conductor-server}",container_name:conductor-server,2025-01-21T02:07:30.000Z,1092308992
"avg:container.memory.usage{container_name:server-hotel OR container_name:server-flight OR container_name:conductor-server}",container_name:conductor-server,2025-01-21T02:07:40.000Z,1092423680
"avg:container.memory.usage{container_name:server-hotel OR container_name:server-flight OR container_name:conductor-server}",container_name:conductor-server,2025-01-21T02:08:00.000Z,1092943872
"avg:container.memory.usage{container_name:server-hotel OR container_name:server-flight OR container_name:conductor-server}",container_name:conductor-server,2025-01-21T02:08:10.000Z,1093689344
"avg:container.memory.usage{container_name:server-hotel OR container_name:server-flight OR container_name:conductor-server}",container_name:conductor-server,2025-01-21T02:08:30.000Z,1092296704
"avg:container.memory.usage{container_name:server-hotel OR container_name:server-flight OR container_name:conductor-server}",container_name:conductor-server,2025-01-21T02:08:40.000Z,1091911680
"avg:container.memory.usage{container_name:server-hotel OR container_name:server-flight OR container_name:conductor-server}",container_name:conductor-server,2025-01-21T02:09:00.000Z,1093439488
"avg:container.memory.usage{container_name:server-hotel OR container_name:server-flight OR container_name:conductor-server}",container_name:conductor-server,2025-01-21T02:09:10.000Z,1094258688
"avg:container.memory.usage{container_name:server-hotel OR container_name:server-flight OR container_name:conductor-server}",container_name:conductor-server,2025-01-21T02:09:30.000Z,1091883008
"avg:container.memory.usage{container_name:server-hotel OR container_name:server-flight OR container_name:conductor-server}",container_name:conductor-server,2025-01-21T02:09:40.000Z,1092399104
"avg:container.memory.usage{container_name:server-hotel OR container_name:server-flight OR container_name:conductor-server}",container_name:conductor-server,2025-01-21T02:10:00.000Z,1093115904
"avg:container.memory.usage{container_name:server-hotel OR container_name:server-flight OR container_name:conductor-server}",container_name:conductor-server,2025-01-21T02:10:10.000Z,1093894144
"avg:container.memory.usage{container_name:server-hotel OR container_name:server-flight OR container_name:conductor-server}",container_name:conductor-server,2025-01-21T02:10:30.000Z,1091887104
"avg:container.memory.usage{container_name:server-hotel OR container_name:server-flight OR container_name:conductor-server}",container_name:conductor-server,2025-01-21T02:10:40.000Z,1091960832
"avg:container.memory.usage{container_name:server-hotel OR container_name:server-flight OR container_name:conductor-server}",container_name:conductor-server,2025-01-21T02:11:00.000Z,1092726784
"avg:container.memory.usage{container_name:server-hotel OR container_name:server-flight OR container_name:conductor-server}",container_name:conductor-server,2025-01-21T02:11:10.000Z,1093873664
"avg:container.memory.usage{container_name:server-hotel OR container_name:server-flight OR container_name:conductor-server}",container_name:conductor-server,2025-01-21T02:11:30.000Z,1092227072
"avg:container.memory.usage{container_name:server-hotel OR container_name:server-flight OR container_name:conductor-server}",container_name:conductor-server,2025-01-21T02:11:40.000Z,1092222976
"avg:container.memory.usage{container_name:server-hotel OR container_name:server-flight OR container_name:conductor-server}",container_name:conductor-server,2025-01-21T02:12:00.000Z,1093455872
"avg:container.memory.usage{container_name:server-hotel OR container_name:server-flight OR container_name:conductor-server}",container_name:conductor-server,2025-01-21T02:12:10.000Z,1093423104
"avg:container.memory.usage{container_name:server-hotel OR container_name:server-flight OR container_name:conductor-server}",container_name:conductor-server,2025-01-21T02:12:30.000Z,1092104192
"avg:container.memory.usage{container_name:server-hotel OR container_name:server-flight OR container_name:conductor-server}",container_name:conductor-server,2025-01-21T02:12:40.000Z,1092222976
"avg:container.memory.usage{container_name:server-hotel OR container_name:server-flight OR container_name:conductor-server}",container_name:conductor-server,2025-01-21T02:13:00.000Z,1092960256
"avg:container.memory.usage{container_name:server-hotel OR container_name:server-flight OR container_name:conductor-server}",container_name:conductor-server,2025-01-21T02:13:10.000Z,1093910528
"avg:container.memory.usage{container_name:server-hotel OR container_name:server-flight OR container_name:conductor-server}",container_name:conductor-server,2025-01-21T02:13:30.000Z,1092239360
"avg:container.memory.usage{container_name:server-hotel OR container_name:server-flight OR container_name:conductor-server}",container_name:conductor-server,2025-01-21T02:13:40.000Z,1092104192
"avg:container.memory.usage{container_name:server-hotel OR container_name:server-flight OR container_name:conductor-server}",container_name:conductor-server,2025-01-21T02:14:00.000Z,1093414912
"avg:container.memory.usage{container_name:server-hotel OR container_name:server-flight OR container_name:conductor-server}",container_name:conductor-server,2025-01-21T02:14:10.000Z,1093419008
"avg:container.memory.usage{container_name:server-hotel OR container_name:server-flight OR container_name:conductor-server}",container_name:conductor-server,2025-01-21T02:14:30.000Z,1092628480
"avg:container.memory.usage{container_name:server-hotel OR container_name:server-flight OR container_name:conductor-server}",container_name:conductor-server,2025-01-21T02:14:40.000Z,1092362240
"avg:container.memory.usage{container_name:server-hotel OR container_name:server-flight OR container_name:conductor-server}",container_name:conductor-server,2025-01-21T02:15:00.000Z,1093226496
"avg:container.memory.usage{container_name:server-hotel OR container_name:server-flight OR container_name:conductor-server}",container_name:conductor-server,2025-01-21T02:15:10.000Z,1093296128
"avg:container.memory.usage{container_name:server-hotel OR container_name:server-flight OR container_name:conductor-server}",container_name:conductor-server,2025-01-21T02:15:30.000Z,1092100096
"avg:container.memory.usage{container_name:server-hotel OR container_name:server-flight OR container_name:conductor-server}",container_name:conductor-server,2025-01-21T02:15:40.000Z,1092374528
"avg:container.memory.usage{container_name:server-hotel OR container_name:server-flight OR container_name:conductor-server}",container_name:conductor-server,2025-01-21T02:16:00.000Z,1092399104
"avg:container.memory.usage{container_name:server-hotel OR container_name:server-flight OR container_name:conductor-server}",container_name:conductor-server,2025-01-21T02:16:10.000Z,1092521984
"avg:container.memory.usage{container_name:server-hotel OR container_name:server-flight OR container_name:conductor-server}",container_name:conductor-server,2025-01-21T02:16:30.000Z,1092001792
"avg:container.memory.usage{container_name:server-hotel OR container_name:server-flight OR container_name:conductor-server}",container_name:conductor-server,2025-01-21T02:16:40.000Z,1092734976
"avg:container.memory.usage{container_name:server-hotel OR container_name:server-flight OR container_name:conductor-server}",container_name:conductor-server,2025-01-21T02:17:00.000Z,1092870144
"avg:container.memory.usage{container_name:server-hotel OR container_name:server-flight OR container_name:conductor-server}",container_name:conductor-server,2025-01-21T02:17:10.000Z,1094266880
"avg:container.memory.usage{container_name:server-hotel OR container_name:server-flight OR container_name:conductor-server}",container_name:conductor-server,2025-01-21T02:17:30.000Z,1093464064
"avg:container.memory.usage{container_name:server-hotel OR container_name:server-flight OR container_name:conductor-server}",container_name:conductor-server,2025-01-21T02:17:40.000Z,1093738496
"avg:container.memory.usage{container_name:server-hotel OR container_name:server-flight OR container_name:conductor-server}",container_name:conductor-server,2025-01-21T02:18:00.000Z,1093472256
"avg:container.memory.usage{container_name:server-hotel OR container_name:server-flight OR container_name:conductor-server}",container_name:conductor-server,2025-01-21T02:18:10.000Z,1093603328
"avg:container.memory.usage{container_name:server-hotel OR container_name:server-flight OR container_name:conductor-server}",container_name:conductor-server,2025-01-21T02:18:30.000Z,1093722112
"avg:container.memory.usage{container_name:server-hotel OR container_name:server-flight OR container_name:conductor-server}",container_name:conductor-server,2025-01-21T02:18:40.000Z,1093472256
"avg:container.memory.usage{container_name:server-hotel OR container_name:server-flight OR container_name:conductor-server}",container_name:conductor-server,2025-01-21T02:19:00.000Z,1093591040
"avg:container.memory.usage{container_name:server-hotel OR container_name:server-flight OR container_name:conductor-server}",container_name:conductor-server,2025-01-21T02:19:10.000Z,1093722112
"avg:container.memory.usage{container_name:server-hotel OR container_name:server-flight OR container_name:conductor-server}",container_name:conductor-server,2025-01-21T02:19:30.000Z,1093734400
"avg:container.memory.usage{container_name:server-hotel OR container_name:server-flight OR container_name:conductor-server}",container_name:conductor-server,2025-01-21T02:19:40.000Z,1093865472
"avg:container.memory.usage{container_name:server-hotel OR container_name:server-flight OR container_name:conductor-server}",container_name:conductor-server,2025-01-21T02:20:00.000Z,1093619712
"avg:container.memory.usage{container_name:server-hotel OR container_name:server-flight OR container_name:conductor-server}",container_name:conductor-server,2025-01-21T02:20:10.000Z,1093877760
"avg:container.memory.usage{container_name:server-hotel OR container_name:server-flight OR container_name:conductor-server}",container_name:conductor-server,2025-01-21T02:20:30.000Z,1093480448
"avg:container.memory.usage{container_name:server-hotel OR container_name:server-flight OR container_name:conductor-server}",container_name:conductor-server,2025-01-21T02:20:40.000Z,1093615616
"avg:container.memory.usage{container_name:server-hotel OR container_name:server-flight OR container_name:conductor-server}",container_name:conductor-server,2025-01-21T02:21:00.000Z,1093615616
"avg:container.memory.usage{container_name:server-hotel OR container_name:server-flight OR container_name:conductor-server}",container_name:conductor-server,2025-01-21T02:21:10.000Z,1093582848
"avg:container.memory.usage{container_name:server-hotel OR container_name:server-flight OR container_name:conductor-server}",container_name:conductor-server,2025-01-21T02:21:30.000Z,1093591040
"avg:container.memory.usage{container_name:server-hotel OR container_name:server-flight OR container_name:conductor-server}",container_name:conductor-server,2025-01-21T02:21:40.000Z,1093607424
