query,group,time,value
"avg:container.net.sent{container_name:server-hotel OR container_name:server-flight OR container_name:conductor-server}",container_name:conductor-server,2025-01-21T01:49:30.000Z,178254.26307
"avg:container.net.sent{container_name:server-hotel OR container_name:server-flight OR container_name:conductor-server}",container_name:conductor-server,2025-01-21T01:49:40.000Z,178748.977287
"avg:container.net.sent{container_name:server-hotel OR container_name:server-flight OR container_name:conductor-server}",container_name:conductor-server,2025-01-21T01:50:00.000Z,178551.091976
"avg:container.net.sent{container_name:server-hotel OR container_name:server-flight OR container_name:conductor-server}",container_name:conductor-server,2025-01-21T01:50:10.000Z,178161.293896
"avg:container.net.sent{container_name:server-hotel OR container_name:server-flight OR container_name:conductor-server}",container_name:conductor-server,2025-01-21T01:50:30.000Z,178174.045584
"avg:container.net.sent{container_name:server-hotel OR container_name:server-flight OR container_name:conductor-server}",container_name:conductor-server,2025-01-21T01:50:40.000Z,179029.626452
"avg:container.net.sent{container_name:server-hotel OR container_name:server-flight OR container_name:conductor-server}",container_name:conductor-server,2025-01-21T01:51:00.000Z,179543.487842
"avg:container.net.sent{container_name:server-hotel OR container_name:server-flight OR container_name:conductor-server}",container_name:conductor-server,2025-01-21T01:51:10.000Z,180010.484892
"avg:container.net.sent{container_name:server-hotel OR container_name:server-flight OR container_name:conductor-server}",container_name:conductor-server,2025-01-21T01:51:30.000Z,4655352.113003
"avg:container.net.sent{container_name:server-hotel OR container_name:server-flight OR container_name:conductor-server}",container_name:conductor-server,2025-01-21T01:51:40.000Z,3476773.492344
"avg:container.net.sent{container_name:server-hotel OR container_name:server-flight OR container_name:conductor-server}",container_name:conductor-server,2025-01-21T01:52:00.000Z,481014.474028
"avg:container.net.sent{container_name:server-hotel OR container_name:server-flight OR container_name:conductor-server}",container_name:conductor-server,2025-01-21T01:52:10.000Z,693461.921629
"avg:container.net.sent{container_name:server-hotel OR container_name:server-flight OR container_name:conductor-server}",container_name:conductor-server,2025-01-21T01:52:30.000Z,565085.857913
"avg:container.net.sent{container_name:server-hotel OR container_name:server-flight OR container_name:conductor-server}",container_name:conductor-server,2025-01-21T01:52:40.000Z,556839.128568
"avg:container.net.sent{container_name:server-hotel OR container_name:server-flight OR container_name:conductor-server}",container_name:conductor-server,2025-01-21T01:53:00.000Z,661419.544553
"avg:container.net.sent{container_name:server-hotel OR container_name:server-flight OR container_name:conductor-server}",container_name:conductor-server,2025-01-21T01:53:10.000Z,569464.37691
"avg:container.net.sent{container_name:server-hotel OR container_name:server-flight OR container_name:conductor-server}",container_name:conductor-server,2025-01-21T01:53:30.000Z,586453.938798
"avg:container.net.sent{container_name:server-hotel OR container_name:server-flight OR container_name:conductor-server}",container_name:conductor-server,2025-01-21T01:53:40.000Z,704674.667808
"avg:container.net.sent{container_name:server-hotel OR container_name:server-flight OR container_name:conductor-server}",container_name:conductor-server,2025-01-21T01:54:00.000Z,606028.575324
"avg:container.net.sent{container_name:server-hotel OR container_name:server-flight OR container_name:conductor-server}",container_name:conductor-server,2025-01-21T01:54:10.000Z,765913.460596
"avg:container.net.sent{container_name:server-hotel OR container_name:server-flight OR container_name:conductor-server}",container_name:conductor-server,2025-01-21T01:54:30.000Z,569290.470161
"avg:container.net.sent{container_name:server-hotel OR container_name:server-flight OR container_name:conductor-server}",container_name:conductor-server,2025-01-21T01:54:40.000Z,564705.896905
"avg:container.net.sent{container_name:server-hotel OR container_name:server-flight OR container_name:conductor-server}",container_name:conductor-server,2025-01-21T01:55:00.000Z,595358.270771
"avg:container.net.sent{container_name:server-hotel OR container_name:server-flight OR container_name:conductor-server}",container_name:conductor-server,2025-01-21T01:55:10.000Z,584992.299313
"avg:container.net.sent{container_name:server-hotel OR container_name:server-flight OR container_name:conductor-server}",container_name:conductor-server,2025-01-21T01:55:30.000Z,501261.174786
"avg:container.net.sent{container_name:server-hotel OR container_name:server-flight OR container_name:conductor-server}",container_name:conductor-server,2025-01-21T01:55:40.000Z,616802.930597
"avg:container.net.sent{container_name:server-hotel OR container_name:server-flight OR container_name:conductor-server}",container_name:conductor-server,2025-01-21T01:56:00.000Z,602293.388679
"avg:container.net.sent{container_name:server-hotel OR container_name:server-flight OR container_name:conductor-server}",container_name:conductor-server,2025-01-21T01:56:10.000Z,539166.142383
"avg:container.net.sent{container_name:server-hotel OR container_name:server-flight OR container_name:conductor-server}",container_name:conductor-server,2025-01-21T01:56:30.000Z,602730.381655
"avg:container.net.sent{container_name:server-hotel OR container_name:server-flight OR container_name:conductor-server}",container_name:conductor-server,2025-01-21T01:56:40.000Z,684774.41155
"avg:container.net.sent{container_name:server-hotel OR container_name:server-flight OR container_name:conductor-server}",container_name:conductor-server,2025-01-21T01:57:00.000Z,645276.286499
"avg:container.net.sent{container_name:server-hotel OR container_name:server-flight OR container_name:conductor-server}",container_name:conductor-server,2025-01-21T01:57:10.000Z,583403.230277
"avg:container.net.sent{container_name:server-hotel OR container_name:server-flight OR container_name:conductor-server}",container_name:conductor-server,2025-01-21T01:57:30.000Z,625060.824705
"avg:container.net.sent{container_name:server-hotel OR container_name:server-flight OR container_name:conductor-server}",container_name:conductor-server,2025-01-21T01:57:40.000Z,585245.189006
"avg:container.net.sent{container_name:server-hotel OR container_name:server-flight OR container_name:conductor-server}",container_name:conductor-server,2025-01-21T01:58:00.000Z,680325.122234
"avg:container.net.sent{container_name:server-hotel OR container_name:server-flight OR container_name:conductor-server}",container_name:conductor-server,2025-01-21T01:58:10.000Z,675823.044753
"avg:container.net.sent{container_name:server-hotel OR container_name:server-flight OR container_name:conductor-server}",container_name:conductor-server,2025-01-21T01:58:30.000Z,603060.303322
"avg:container.net.sent{container_name:server-hotel OR container_name:server-flight OR container_name:conductor-server}",container_name:conductor-server,2025-01-21T01:58:40.000Z,662281.425446
"avg:container.net.sent{container_name:server-hotel OR container_name:server-flight OR container_name:conductor-server}",container_name:conductor-server,2025-01-21T01:59:00.000Z,607803.674004
"avg:container.net.sent{container_name:server-hotel OR container_name:server-flight OR container_name:conductor-server}",container_name:conductor-server,2025-01-21T01:59:10.000Z,661699.091351
"avg:container.net.sent{container_name:server-hotel OR container_name:server-flight OR container_name:conductor-server}",container_name:conductor-server,2025-01-21T01:59:30.000Z,616388.370929
"avg:container.net.sent{container_name:server-hotel OR container_name:server-flight OR container_name:conductor-server}",container_name:conductor-server,2025-01-21T01:59:40.000Z,616380.151646
"avg:container.net.sent{container_name:server-hotel OR container_name:server-flight OR container_name:conductor-server}",container_name:conductor-server,2025-01-21T02:00:00.000Z,744808.010245
"avg:container.net.sent{container_name:server-hotel OR container_name:server-flight OR container_name:conductor-server}",container_name:conductor-server,2025-01-21T02:00:10.000Z,671805.439107
"avg:container.net.sent{container_name:server-hotel OR container_name:server-flight OR container_name:conductor-server}",container_name:conductor-server,2025-01-21T02:00:30.000Z,675946.556253
"avg:container.net.sent{container_name:server-hotel OR container_name:server-flight OR container_name:conductor-server}",container_name:conductor-server,2025-01-21T02:00:40.000Z,606292.116105
"avg:container.net.sent{container_name:server-hotel OR container_name:server-flight OR container_name:conductor-server}",container_name:conductor-server,2025-01-21T02:01:00.000Z,597568.675322
"avg:container.net.sent{container_name:server-hotel OR container_name:server-flight OR container_name:conductor-server}",container_name:conductor-server,2025-01-21T02:01:10.000Z,665054.763809
"avg:container.net.sent{container_name:server-hotel OR container_name:server-flight OR container_name:conductor-server}",container_name:conductor-server,2025-01-21T02:01:30.000Z,718476.017826
"avg:container.net.sent{container_name:server-hotel OR container_name:server-flight OR container_name:conductor-server}",container_name:conductor-server,2025-01-21T02:01:40.000Z,632711.649166
"avg:container.net.sent{container_name:server-hotel OR container_name:server-flight OR container_name:conductor-server}",container_name:conductor-server,2025-01-21T02:02:00.000Z,536720.594206
"avg:container.net.sent{container_name:server-hotel OR container_name:server-flight OR container_name:conductor-server}",container_name:conductor-server,2025-01-21T02:02:10.000Z,588393.020736
"avg:container.net.sent{container_name:server-hotel OR container_name:server-flight OR container_name:conductor-server}",container_name:conductor-server,2025-01-21T02:02:30.000Z,599300.955795
"avg:container.net.sent{container_name:server-hotel OR container_name:server-flight OR container_name:conductor-server}",container_name:conductor-server,2025-01-21T02:02:40.000Z,588428.56532
"avg:container.net.sent{container_name:server-hotel OR container_name:server-flight OR container_name:conductor-server}",container_name:conductor-server,2025-01-21T02:03:00.000Z,567638.046356
"avg:container.net.sent{container_name:server-hotel OR container_name:server-flight OR container_name:conductor-server}",container_name:conductor-server,2025-01-21T02:03:10.000Z,586088.334461
"avg:container.net.sent{container_name:server-hotel OR container_name:server-flight OR container_name:conductor-server}",container_name:conductor-server,2025-01-21T02:03:30.000Z,634946.908643
"avg:container.net.sent{container_name:server-hotel OR container_name:server-flight OR container_name:conductor-server}",container_name:conductor-server,2025-01-21T02:03:40.000Z,835386.729724
"avg:container.net.sent{container_name:server-hotel OR container_name:server-flight OR container_name:conductor-server}",container_name:conductor-server,2025-01-21T02:04:00.000Z,690361.27012
"avg:container.net.sent{container_name:server-hotel OR container_name:server-flight OR container_name:conductor-server}",container_name:conductor-server,2025-01-21T02:04:10.000Z,662065.812604
"avg:container.net.sent{container_name:server-hotel OR container_name:server-flight OR container_name:conductor-server}",container_name:conductor-server,2025-01-21T02:04:30.000Z,570260.171578
"avg:container.net.sent{container_name:server-hotel OR container_name:server-flight OR container_name:conductor-server}",container_name:conductor-server,2025-01-21T02:04:40.000Z,590416.638031
"avg:container.net.sent{container_name:server-hotel OR container_name:server-flight OR container_name:conductor-server}",container_name:conductor-server,2025-01-21T02:05:00.000Z,584301.659647
"avg:container.net.sent{container_name:server-hotel OR container_name:server-flight OR container_name:conductor-server}",container_name:conductor-server,2025-01-21T02:05:10.000Z,626730.058323
"avg:container.net.sent{container_name:server-hotel OR container_name:server-flight OR container_name:conductor-server}",container_name:conductor-server,2025-01-21T02:05:30.000Z,613560.800772
"avg:container.net.sent{container_name:server-hotel OR container_name:server-flight OR container_name:conductor-server}",container_name:conductor-server,2025-01-21T02:05:40.000Z,562488.667617
"avg:container.net.sent{container_name:server-hotel OR container_name:server-flight OR container_name:conductor-server}",container_name:conductor-server,2025-01-21T02:06:00.000Z,627841.558428
"avg:container.net.sent{container_name:server-hotel OR container_name:server-flight OR container_name:conductor-server}",container_name:conductor-server,2025-01-21T02:06:10.000Z,535273.57648
"avg:container.net.sent{container_name:server-hotel OR container_name:server-flight OR container_name:conductor-server}",container_name:conductor-server,2025-01-21T02:06:30.000Z,586970.759357
"avg:container.net.sent{container_name:server-hotel OR container_name:server-flight OR container_name:conductor-server}",container_name:conductor-server,2025-01-21T02:06:40.000Z,645555.299398
"avg:container.net.sent{container_name:server-hotel OR container_name:server-flight OR container_name:conductor-server}",container_name:conductor-server,2025-01-21T02:07:00.000Z,668016.776329
"avg:container.net.sent{container_name:server-hotel OR container_name:server-flight OR container_name:conductor-server}",container_name:conductor-server,2025-01-21T02:07:10.000Z,726505.495705
"avg:container.net.sent{container_name:server-hotel OR container_name:server-flight OR container_name:conductor-server}",container_name:conductor-server,2025-01-21T02:07:30.000Z,614059.523545
"avg:container.net.sent{container_name:server-hotel OR container_name:server-flight OR container_name:conductor-server}",container_name:conductor-server,2025-01-21T02:07:40.000Z,561993.292818
"avg:container.net.sent{container_name:server-hotel OR container_name:server-flight OR container_name:conductor-server}",container_name:conductor-server,2025-01-21T02:08:00.000Z,512456.871524
"avg:container.net.sent{container_name:server-hotel OR container_name:server-flight OR container_name:conductor-server}",container_name:conductor-server,2025-01-21T02:08:10.000Z,659041.316895
"avg:container.net.sent{container_name:server-hotel OR container_name:server-flight OR container_name:conductor-server}",container_name:conductor-server,2025-01-21T02:08:30.000Z,542451.852223
"avg:container.net.sent{container_name:server-hotel OR container_name:server-flight OR container_name:conductor-server}",container_name:conductor-server,2025-01-21T02:08:40.000Z,577314.233411
"avg:container.net.sent{container_name:server-hotel OR container_name:server-flight OR container_name:conductor-server}",container_name:conductor-server,2025-01-21T02:09:00.000Z,619671.881977
"avg:container.net.sent{container_name:server-hotel OR container_name:server-flight OR container_name:conductor-server}",container_name:conductor-server,2025-01-21T02:09:10.000Z,621487.340265
"avg:container.net.sent{container_name:server-hotel OR container_name:server-flight OR container_name:conductor-server}",container_name:conductor-server,2025-01-21T02:09:30.000Z,523361.034483
"avg:container.net.sent{container_name:server-hotel OR container_name:server-flight OR container_name:conductor-server}",container_name:conductor-server,2025-01-21T02:09:40.000Z,523992.020226
"avg:container.net.sent{container_name:server-hotel OR container_name:server-flight OR container_name:conductor-server}",container_name:conductor-server,2025-01-21T02:10:00.000Z,555663.8648
"avg:container.net.sent{container_name:server-hotel OR container_name:server-flight OR container_name:conductor-server}",container_name:conductor-server,2025-01-21T02:10:10.000Z,652418.343082
"avg:container.net.sent{container_name:server-hotel OR container_name:server-flight OR container_name:conductor-server}",container_name:conductor-server,2025-01-21T02:10:30.000Z,500399.630677
"avg:container.net.sent{container_name:server-hotel OR container_name:server-flight OR container_name:conductor-server}",container_name:conductor-server,2025-01-21T02:10:40.000Z,651755.455422
"avg:container.net.sent{container_name:server-hotel OR container_name:server-flight OR container_name:conductor-server}",container_name:conductor-server,2025-01-21T02:11:00.000Z,532138.058885
"avg:container.net.sent{container_name:server-hotel OR container_name:server-flight OR container_name:conductor-server}",container_name:conductor-server,2025-01-21T02:11:10.000Z,532611.754961
"avg:container.net.sent{container_name:server-hotel OR container_name:server-flight OR container_name:conductor-server}",container_name:conductor-server,2025-01-21T02:11:30.000Z,507776.027671
"avg:container.net.sent{container_name:server-hotel OR container_name:server-flight OR container_name:conductor-server}",container_name:conductor-server,2025-01-21T02:11:40.000Z,512515.595003
"avg:container.net.sent{container_name:server-hotel OR container_name:server-flight OR container_name:conductor-server}",container_name:conductor-server,2025-01-21T02:12:00.000Z,544377.630842
"avg:container.net.sent{container_name:server-hotel OR container_name:server-flight OR container_name:conductor-server}",container_name:conductor-server,2025-01-21T02:12:10.000Z,696347.16616
"avg:container.net.sent{container_name:server-hotel OR container_name:server-flight OR container_name:conductor-server}",container_name:conductor-server,2025-01-21T02:12:30.000Z,708073.337713
"avg:container.net.sent{container_name:server-hotel OR container_name:server-flight OR container_name:conductor-server}",container_name:conductor-server,2025-01-21T02:12:40.000Z,526975.117331
"avg:container.net.sent{container_name:server-hotel OR container_name:server-flight OR container_name:conductor-server}",container_name:conductor-server,2025-01-21T02:13:00.000Z,744032.065087
"avg:container.net.sent{container_name:server-hotel OR container_name:server-flight OR container_name:conductor-server}",container_name:conductor-server,2025-01-21T02:13:10.000Z,706106.74981
"avg:container.net.sent{container_name:server-hotel OR container_name:server-flight OR container_name:conductor-server}",container_name:conductor-server,2025-01-21T02:13:30.000Z,695314.787341
"avg:container.net.sent{container_name:server-hotel OR container_name:server-flight OR container_name:conductor-server}",container_name:conductor-server,2025-01-21T02:13:40.000Z,623322.876675
"avg:container.net.sent{container_name:server-hotel OR container_name:server-flight OR container_name:conductor-server}",container_name:conductor-server,2025-01-21T02:14:00.000Z,583861.686563
"avg:container.net.sent{container_name:server-hotel OR container_name:server-flight OR container_name:conductor-server}",container_name:conductor-server,2025-01-21T02:14:10.000Z,567017.070785
"avg:container.net.sent{container_name:server-hotel OR container_name:server-flight OR container_name:conductor-server}",container_name:conductor-server,2025-01-21T02:14:30.000Z,506629.804437
"avg:container.net.sent{container_name:server-hotel OR container_name:server-flight OR container_name:conductor-server}",container_name:conductor-server,2025-01-21T02:14:40.000Z,655960.032486
"avg:container.net.sent{container_name:server-hotel OR container_name:server-flight OR container_name:conductor-server}",container_name:conductor-server,2025-01-21T02:15:00.000Z,580510.545993
"avg:container.net.sent{container_name:server-hotel OR container_name:server-flight OR container_name:conductor-server}",container_name:conductor-server,2025-01-21T02:15:10.000Z,480629.795355
"avg:container.net.sent{container_name:server-hotel OR container_name:server-flight OR container_name:conductor-server}",container_name:conductor-server,2025-01-21T02:15:30.000Z,633666.589602
"avg:container.net.sent{container_name:server-hotel OR container_name:server-flight OR container_name:conductor-server}",container_name:conductor-server,2025-01-21T02:15:40.000Z,538977.360912
"avg:container.net.sent{container_name:server-hotel OR container_name:server-flight OR container_name:conductor-server}",container_name:conductor-server,2025-01-21T02:16:00.000Z,485606.663236
"avg:container.net.sent{container_name:server-hotel OR container_name:server-flight OR container_name:conductor-server}",container_name:conductor-server,2025-01-21T02:16:10.000Z,499097.436719
"avg:container.net.sent{container_name:server-hotel OR container_name:server-flight OR container_name:conductor-server}",container_name:conductor-server,2025-01-21T02:16:30.000Z,569755.638456
"avg:container.net.sent{container_name:server-hotel OR container_name:server-flight OR container_name:conductor-server}",container_name:conductor-server,2025-01-21T02:16:40.000Z,619923.473911
"avg:container.net.sent{container_name:server-hotel OR container_name:server-flight OR container_name:conductor-server}",container_name:conductor-server,2025-01-21T02:17:00.000Z,460330.455262
"avg:container.net.sent{container_name:server-hotel OR container_name:server-flight OR container_name:conductor-server}",container_name:conductor-server,2025-01-21T02:17:10.000Z,501682.480986
"avg:container.net.sent{container_name:server-hotel OR container_name:server-flight OR container_name:conductor-server}",container_name:conductor-server,2025-01-21T02:17:30.000Z,484044.356012
"avg:container.net.sent{container_name:server-hotel OR container_name:server-flight OR container_name:conductor-server}",container_name:conductor-server,2025-01-21T02:17:40.000Z,472116.16324
"avg:container.net.sent{container_name:server-hotel OR container_name:server-flight OR container_name:conductor-server}",container_name:conductor-server,2025-01-21T02:18:00.000Z,525424.327144
"avg:container.net.sent{container_name:server-hotel OR container_name:server-flight OR container_name:conductor-server}",container_name:conductor-server,2025-01-21T02:18:10.000Z,483993.330785
"avg:container.net.sent{container_name:server-hotel OR container_name:server-flight OR container_name:conductor-server}",container_name:conductor-server,2025-01-21T02:18:30.000Z,457477.337954
"avg:container.net.sent{container_name:server-hotel OR container_name:server-flight OR container_name:conductor-server}",container_name:conductor-server,2025-01-21T02:18:40.000Z,508982.227035
"avg:container.net.sent{container_name:server-hotel OR container_name:server-flight OR container_name:conductor-server}",container_name:conductor-server,2025-01-21T02:19:00.000Z,508425.362622
"avg:container.net.sent{container_name:server-hotel OR container_name:server-flight OR container_name:conductor-server}",container_name:conductor-server,2025-01-21T02:19:10.000Z,534143.395201
"avg:container.net.sent{container_name:server-hotel OR container_name:server-flight OR container_name:conductor-server}",container_name:conductor-server,2025-01-21T02:19:30.000Z,477945.819287
"avg:container.net.sent{container_name:server-hotel OR container_name:server-flight OR container_name:conductor-server}",container_name:conductor-server,2025-01-21T02:19:40.000Z,494235.472043
"avg:container.net.sent{container_name:server-hotel OR container_name:server-flight OR container_name:conductor-server}",container_name:conductor-server,2025-01-21T02:20:00.000Z,468972.123128
"avg:container.net.sent{container_name:server-hotel OR container_name:server-flight OR container_name:conductor-server}",container_name:conductor-server,2025-01-21T02:20:10.000Z,347644.593579
"avg:container.net.sent{container_name:server-hotel OR container_name:server-flight OR container_name:conductor-server}",container_name:conductor-server,2025-01-21T02:20:30.000Z,399109.097613
"avg:container.net.sent{container_name:server-hotel OR container_name:server-flight OR container_name:conductor-server}",container_name:conductor-server,2025-01-21T02:20:40.000Z,404968.900904
"avg:container.net.sent{container_name:server-hotel OR container_name:server-flight OR container_name:conductor-server}",container_name:conductor-server,2025-01-21T02:21:00.000Z,203231.786194
"avg:container.net.sent{container_name:server-hotel OR container_name:server-flight OR container_name:conductor-server}",container_name:conductor-server,2025-01-21T02:21:10.000Z,202370.385271
"avg:container.net.sent{container_name:server-hotel OR container_name:server-flight OR container_name:conductor-server}",container_name:conductor-server,2025-01-21T02:21:30.000Z,201608.514852
"avg:container.net.sent{container_name:server-hotel OR container_name:server-flight OR container_name:conductor-server}",container_name:conductor-server,2025-01-21T02:21:40.000Z,281769.574331
"avg:container.net.rcvd{container_name:server-hotel OR container_name:server-flight OR container_name:conductor-server}",container_name:conductor-server,2025-01-21T01:49:30.000Z,40034.323893
"avg:container.net.rcvd{container_name:server-hotel OR container_name:server-flight OR container_name:conductor-server}",container_name:conductor-server,2025-01-21T01:49:40.000Z,40577.175581
"avg:container.net.rcvd{container_name:server-hotel OR container_name:server-flight OR container_name:conductor-server}",container_name:conductor-server,2025-01-21T01:50:00.000Z,38787.26301
"avg:container.net.rcvd{container_name:server-hotel OR container_name:server-flight OR container_name:conductor-server}",container_name:conductor-server,2025-01-21T01:50:10.000Z,40180.378752
"avg:container.net.rcvd{container_name:server-hotel OR container_name:server-flight OR container_name:conductor-server}",container_name:conductor-server,2025-01-21T01:50:30.000Z,39977.461857
"avg:container.net.rcvd{container_name:server-hotel OR container_name:server-flight OR container_name:conductor-server}",container_name:conductor-server,2025-01-21T01:50:40.000Z,40510.577373
"avg:container.net.rcvd{container_name:server-hotel OR container_name:server-flight OR container_name:conductor-server}",container_name:conductor-server,2025-01-21T01:51:00.000Z,41792.535041
"avg:container.net.rcvd{container_name:server-hotel OR container_name:server-flight OR container_name:conductor-server}",container_name:conductor-server,2025-01-21T01:51:10.000Z,40096.035718
"avg:container.net.rcvd{container_name:server-hotel OR container_name:server-flight OR container_name:conductor-server}",container_name:conductor-server,2025-01-21T01:51:30.000Z,1613648.214155
"avg:container.net.rcvd{container_name:server-hotel OR container_name:server-flight OR container_name:conductor-server}",container_name:conductor-server,2025-01-21T01:51:40.000Z,1230284.491495
"avg:container.net.rcvd{container_name:server-hotel OR container_name:server-flight OR container_name:conductor-server}",container_name:conductor-server,2025-01-21T01:52:00.000Z,661917.068072
"avg:container.net.rcvd{container_name:server-hotel OR container_name:server-flight OR container_name:conductor-server}",container_name:conductor-server,2025-01-21T01:52:10.000Z,1145654.881368
"avg:container.net.rcvd{container_name:server-hotel OR container_name:server-flight OR container_name:conductor-server}",container_name:conductor-server,2025-01-21T01:52:30.000Z,1020590.477952
"avg:container.net.rcvd{container_name:server-hotel OR container_name:server-flight OR container_name:conductor-server}",container_name:conductor-server,2025-01-21T01:52:40.000Z,1015541.415807
"avg:container.net.rcvd{container_name:server-hotel OR container_name:server-flight OR container_name:conductor-server}",container_name:conductor-server,2025-01-21T01:53:00.000Z,1119502.34563
"avg:container.net.rcvd{container_name:server-hotel OR container_name:server-flight OR container_name:conductor-server}",container_name:conductor-server,2025-01-21T01:53:10.000Z,1023946.451892
"avg:container.net.rcvd{container_name:server-hotel OR container_name:server-flight OR container_name:conductor-server}",container_name:conductor-server,2025-01-21T01:53:30.000Z,1061484.959345
"avg:container.net.rcvd{container_name:server-hotel OR container_name:server-flight OR container_name:conductor-server}",container_name:conductor-server,2025-01-21T01:53:40.000Z,1092007.377539
"avg:container.net.rcvd{container_name:server-hotel OR container_name:server-flight OR container_name:conductor-server}",container_name:conductor-server,2025-01-21T01:54:00.000Z,1089748.642592
"avg:container.net.rcvd{container_name:server-hotel OR container_name:server-flight OR container_name:conductor-server}",container_name:conductor-server,2025-01-21T01:54:10.000Z,1168607.266379
"avg:container.net.rcvd{container_name:server-hotel OR container_name:server-flight OR container_name:conductor-server}",container_name:conductor-server,2025-01-21T01:54:30.000Z,1019433.551882
"avg:container.net.rcvd{container_name:server-hotel OR container_name:server-flight OR container_name:conductor-server}",container_name:conductor-server,2025-01-21T01:54:40.000Z,1040275.735305
"avg:container.net.rcvd{container_name:server-hotel OR container_name:server-flight OR container_name:conductor-server}",container_name:conductor-server,2025-01-21T01:55:00.000Z,1040441.785799
"avg:container.net.rcvd{container_name:server-hotel OR container_name:server-flight OR container_name:conductor-server}",container_name:conductor-server,2025-01-21T01:55:10.000Z,1058041.466406
"avg:container.net.rcvd{container_name:server-hotel OR container_name:server-flight OR container_name:conductor-server}",container_name:conductor-server,2025-01-21T01:55:30.000Z,970885.347001
"avg:container.net.rcvd{container_name:server-hotel OR container_name:server-flight OR container_name:conductor-server}",container_name:conductor-server,2025-01-21T01:55:40.000Z,1118709.35374
"avg:container.net.rcvd{container_name:server-hotel OR container_name:server-flight OR container_name:conductor-server}",container_name:conductor-server,2025-01-21T01:56:00.000Z,1070966.361384
"avg:container.net.rcvd{container_name:server-hotel OR container_name:server-flight OR container_name:conductor-server}",container_name:conductor-server,2025-01-21T01:56:10.000Z,1020731.237025
"avg:container.net.rcvd{container_name:server-hotel OR container_name:server-flight OR container_name:conductor-server}",container_name:conductor-server,2025-01-21T01:56:30.000Z,1045135.061237
"avg:container.net.rcvd{container_name:server-hotel OR container_name:server-flight OR container_name:conductor-server}",container_name:conductor-server,2025-01-21T01:56:40.000Z,1107050.253166
"avg:container.net.rcvd{container_name:server-hotel OR container_name:server-flight OR container_name:conductor-server}",container_name:conductor-server,2025-01-21T01:57:00.000Z,1092549.011653
"avg:container.net.rcvd{container_name:server-hotel OR container_name:server-flight OR container_name:conductor-server}",container_name:conductor-server,2025-01-21T01:57:10.000Z,1005372.293393
"avg:container.net.rcvd{container_name:server-hotel OR container_name:server-flight OR container_name:conductor-server}",container_name:conductor-server,2025-01-21T01:57:30.000Z,1110038.429937
"avg:container.net.rcvd{container_name:server-hotel OR container_name:server-flight OR container_name:conductor-server}",container_name:conductor-server,2025-01-21T01:57:40.000Z,1031385.20084
"avg:container.net.rcvd{container_name:server-hotel OR container_name:server-flight OR container_name:conductor-server}",container_name:conductor-server,2025-01-21T01:58:00.000Z,1107367.306113
"avg:container.net.rcvd{container_name:server-hotel OR container_name:server-flight OR container_name:conductor-server}",container_name:conductor-server,2025-01-21T01:58:10.000Z,1130839.572217
"avg:container.net.rcvd{container_name:server-hotel OR container_name:server-flight OR container_name:conductor-server}",container_name:conductor-server,2025-01-21T01:58:30.000Z,1055238.837359
"avg:container.net.rcvd{container_name:server-hotel OR container_name:server-flight OR container_name:conductor-server}",container_name:conductor-server,2025-01-21T01:58:40.000Z,1092754.132979
"avg:container.net.rcvd{container_name:server-hotel OR container_name:server-flight OR container_name:conductor-server}",container_name:conductor-server,2025-01-21T01:59:00.000Z,1075151.06734
"avg:container.net.rcvd{container_name:server-hotel OR container_name:server-flight OR container_name:conductor-server}",container_name:conductor-server,2025-01-21T01:59:10.000Z,1090365.546148
"avg:container.net.rcvd{container_name:server-hotel OR container_name:server-flight OR container_name:conductor-server}",container_name:conductor-server,2025-01-21T01:59:30.000Z,1078654.131884
"avg:container.net.rcvd{container_name:server-hotel OR container_name:server-flight OR container_name:conductor-server}",container_name:conductor-server,2025-01-21T01:59:40.000Z,1049069.577502
"avg:container.net.rcvd{container_name:server-hotel OR container_name:server-flight OR container_name:conductor-server}",container_name:conductor-server,2025-01-21T02:00:00.000Z,1191268.639524
"avg:container.net.rcvd{container_name:server-hotel OR container_name:server-flight OR container_name:conductor-server}",container_name:conductor-server,2025-01-21T02:00:10.000Z,1158044.305709
"avg:container.net.rcvd{container_name:server-hotel OR container_name:server-flight OR container_name:conductor-server}",container_name:conductor-server,2025-01-21T02:00:30.000Z,1125465.033594
"avg:container.net.rcvd{container_name:server-hotel OR container_name:server-flight OR container_name:conductor-server}",container_name:conductor-server,2025-01-21T02:00:40.000Z,1074234.889629
"avg:container.net.rcvd{container_name:server-hotel OR container_name:server-flight OR container_name:conductor-server}",container_name:conductor-server,2025-01-21T02:01:00.000Z,1045620.039899
"avg:container.net.rcvd{container_name:server-hotel OR container_name:server-flight OR container_name:conductor-server}",container_name:conductor-server,2025-01-21T02:01:10.000Z,1124340.623439
"avg:container.net.rcvd{container_name:server-hotel OR container_name:server-flight OR container_name:conductor-server}",container_name:conductor-server,2025-01-21T02:01:30.000Z,1141927.684729
"avg:container.net.rcvd{container_name:server-hotel OR container_name:server-flight OR container_name:conductor-server}",container_name:conductor-server,2025-01-21T02:01:40.000Z,1020724.30346
"avg:container.net.rcvd{container_name:server-hotel OR container_name:server-flight OR container_name:conductor-server}",container_name:conductor-server,2025-01-21T02:02:00.000Z,1017084.147521
"avg:container.net.rcvd{container_name:server-hotel OR container_name:server-flight OR container_name:conductor-server}",container_name:conductor-server,2025-01-21T02:02:10.000Z,1054662.364992
"avg:container.net.rcvd{container_name:server-hotel OR container_name:server-flight OR container_name:conductor-server}",container_name:conductor-server,2025-01-21T02:02:30.000Z,1075384.526813
"avg:container.net.rcvd{container_name:server-hotel OR container_name:server-flight OR container_name:conductor-server}",container_name:conductor-server,2025-01-21T02:02:40.000Z,1093062.809407
"avg:container.net.rcvd{container_name:server-hotel OR container_name:server-flight OR container_name:conductor-server}",container_name:conductor-server,2025-01-21T02:03:00.000Z,1044507.980824
"avg:container.net.rcvd{container_name:server-hotel OR container_name:server-flight OR container_name:conductor-server}",container_name:conductor-server,2025-01-21T02:03:10.000Z,1060521.70948
"avg:container.net.rcvd{container_name:server-hotel OR container_name:server-flight OR container_name:conductor-server}",container_name:conductor-server,2025-01-21T02:03:30.000Z,1075914.423212
"avg:container.net.rcvd{container_name:server-hotel OR container_name:server-flight OR container_name:conductor-server}",container_name:conductor-server,2025-01-21T02:03:40.000Z,1244384.878942
"avg:container.net.rcvd{container_name:server-hotel OR container_name:server-flight OR container_name:conductor-server}",container_name:conductor-server,2025-01-21T02:04:00.000Z,1142048.143063
"avg:container.net.rcvd{container_name:server-hotel OR container_name:server-flight OR container_name:conductor-server}",container_name:conductor-server,2025-01-21T02:04:10.000Z,1092160.117894
"avg:container.net.rcvd{container_name:server-hotel OR container_name:server-flight OR container_name:conductor-server}",container_name:conductor-server,2025-01-21T02:04:30.000Z,1020328.804931
"avg:container.net.rcvd{container_name:server-hotel OR container_name:server-flight OR container_name:conductor-server}",container_name:conductor-server,2025-01-21T02:04:40.000Z,1042519.053889
"avg:container.net.rcvd{container_name:server-hotel OR container_name:server-flight OR container_name:conductor-server}",container_name:conductor-server,2025-01-21T02:05:00.000Z,1045110.686362
"avg:container.net.rcvd{container_name:server-hotel OR container_name:server-flight OR container_name:conductor-server}",container_name:conductor-server,2025-01-21T02:05:10.000Z,1097906.775905
"avg:container.net.rcvd{container_name:server-hotel OR container_name:server-flight OR container_name:conductor-server}",container_name:conductor-server,2025-01-21T02:05:30.000Z,1095102.471234
"avg:container.net.rcvd{container_name:server-hotel OR container_name:server-flight OR container_name:conductor-server}",container_name:conductor-server,2025-01-21T02:05:40.000Z,1064878.611977
"avg:container.net.rcvd{container_name:server-hotel OR container_name:server-flight OR container_name:conductor-server}",container_name:conductor-server,2025-01-21T02:06:00.000Z,1098862.742367
"avg:container.net.rcvd{container_name:server-hotel OR container_name:server-flight OR container_name:conductor-server}",container_name:conductor-server,2025-01-21T02:06:10.000Z,998206.759083
"avg:container.net.rcvd{container_name:server-hotel OR container_name:server-flight OR container_name:conductor-server}",container_name:conductor-server,2025-01-21T02:06:30.000Z,1060607.831499
"avg:container.net.rcvd{container_name:server-hotel OR container_name:server-flight OR container_name:conductor-server}",container_name:conductor-server,2025-01-21T02:06:40.000Z,1079313.067032
"avg:container.net.rcvd{container_name:server-hotel OR container_name:server-flight OR container_name:conductor-server}",container_name:conductor-server,2025-01-21T02:07:00.000Z,1097990.359071
"avg:container.net.rcvd{container_name:server-hotel OR container_name:server-flight OR container_name:conductor-server}",container_name:conductor-server,2025-01-21T02:07:10.000Z,1141986.297743
"avg:container.net.rcvd{container_name:server-hotel OR container_name:server-flight OR container_name:conductor-server}",container_name:conductor-server,2025-01-21T02:07:30.000Z,1052144.676575
"avg:container.net.rcvd{container_name:server-hotel OR container_name:server-flight OR container_name:conductor-server}",container_name:conductor-server,2025-01-21T02:07:40.000Z,998525.77684
"avg:container.net.rcvd{container_name:server-hotel OR container_name:server-flight OR container_name:conductor-server}",container_name:conductor-server,2025-01-21T02:08:00.000Z,982513.051695
"avg:container.net.rcvd{container_name:server-hotel OR container_name:server-flight OR container_name:conductor-server}",container_name:conductor-server,2025-01-21T02:08:10.000Z,1119489.497747
"avg:container.net.rcvd{container_name:server-hotel OR container_name:server-flight OR container_name:conductor-server}",container_name:conductor-server,2025-01-21T02:08:30.000Z,1006329.170633
"avg:container.net.rcvd{container_name:server-hotel OR container_name:server-flight OR container_name:conductor-server}",container_name:conductor-server,2025-01-21T02:08:40.000Z,1051511.486553
"avg:container.net.rcvd{container_name:server-hotel OR container_name:server-flight OR container_name:conductor-server}",container_name:conductor-server,2025-01-21T02:09:00.000Z,1104448.827558
"avg:container.net.rcvd{container_name:server-hotel OR container_name:server-flight OR container_name:conductor-server}",container_name:conductor-server,2025-01-21T02:09:10.000Z,1041378.177938
"avg:container.net.rcvd{container_name:server-hotel OR container_name:server-flight OR container_name:conductor-server}",container_name:conductor-server,2025-01-21T02:09:30.000Z,1007326.110149
"avg:container.net.rcvd{container_name:server-hotel OR container_name:server-flight OR container_name:conductor-server}",container_name:conductor-server,2025-01-21T02:09:40.000Z,980853.3612
"avg:container.net.rcvd{container_name:server-hotel OR container_name:server-flight OR container_name:conductor-server}",container_name:conductor-server,2025-01-21T02:10:00.000Z,1033285.158647
"avg:container.net.rcvd{container_name:server-hotel OR container_name:server-flight OR container_name:conductor-server}",container_name:conductor-server,2025-01-21T02:10:10.000Z,1108392.879262
"avg:container.net.rcvd{container_name:server-hotel OR container_name:server-flight OR container_name:conductor-server}",container_name:conductor-server,2025-01-21T02:10:30.000Z,965827.444469
"avg:container.net.rcvd{container_name:server-hotel OR container_name:server-flight OR container_name:conductor-server}",container_name:conductor-server,2025-01-21T02:10:40.000Z,1108157.360351
"avg:container.net.rcvd{container_name:server-hotel OR container_name:server-flight OR container_name:conductor-server}",container_name:conductor-server,2025-01-21T02:11:00.000Z,989294.622697
"avg:container.net.rcvd{container_name:server-hotel OR container_name:server-flight OR container_name:conductor-server}",container_name:conductor-server,2025-01-21T02:11:10.000Z,968834.020421
"avg:container.net.rcvd{container_name:server-hotel OR container_name:server-flight OR container_name:conductor-server}",container_name:conductor-server,2025-01-21T02:11:30.000Z,980938.683915
"avg:container.net.rcvd{container_name:server-hotel OR container_name:server-flight OR container_name:conductor-server}",container_name:conductor-server,2025-01-21T02:11:40.000Z,933531.13773
"avg:container.net.rcvd{container_name:server-hotel OR container_name:server-flight OR container_name:conductor-server}",container_name:conductor-server,2025-01-21T02:12:00.000Z,1036278.871396
"avg:container.net.rcvd{container_name:server-hotel OR container_name:server-flight OR container_name:conductor-server}",container_name:conductor-server,2025-01-21T02:12:10.000Z,1105683.970363
"avg:container.net.rcvd{container_name:server-hotel OR container_name:server-flight OR container_name:conductor-server}",container_name:conductor-server,2025-01-21T02:12:30.000Z,1186453.02793
"avg:container.net.rcvd{container_name:server-hotel OR container_name:server-flight OR container_name:conductor-server}",container_name:conductor-server,2025-01-21T02:12:40.000Z,970954.602123
"avg:container.net.rcvd{container_name:server-hotel OR container_name:server-flight OR container_name:conductor-server}",container_name:conductor-server,2025-01-21T02:13:00.000Z,1159291.757573
"avg:container.net.rcvd{container_name:server-hotel OR container_name:server-flight OR container_name:conductor-server}",container_name:conductor-server,2025-01-21T02:13:10.000Z,1015774.418511
"avg:container.net.rcvd{container_name:server-hotel OR container_name:server-flight OR container_name:conductor-server}",container_name:conductor-server,2025-01-21T02:13:30.000Z,1070976.276753
"avg:container.net.rcvd{container_name:server-hotel OR container_name:server-flight OR container_name:conductor-server}",container_name:conductor-server,2025-01-21T02:13:40.000Z,963886.992091
"avg:container.net.rcvd{container_name:server-hotel OR container_name:server-flight OR container_name:conductor-server}",container_name:conductor-server,2025-01-21T02:14:00.000Z,934494.028544
"avg:container.net.rcvd{container_name:server-hotel OR container_name:server-flight OR container_name:conductor-server}",container_name:conductor-server,2025-01-21T02:14:10.000Z,836423.228131
"avg:container.net.rcvd{container_name:server-hotel OR container_name:server-flight OR container_name:conductor-server}",container_name:conductor-server,2025-01-21T02:14:30.000Z,951986.552196
"avg:container.net.rcvd{container_name:server-hotel OR container_name:server-flight OR container_name:conductor-server}",container_name:conductor-server,2025-01-21T02:14:40.000Z,937477.078135
"avg:container.net.rcvd{container_name:server-hotel OR container_name:server-flight OR container_name:conductor-server}",container_name:conductor-server,2025-01-21T02:15:00.000Z,858911.041388
"avg:container.net.rcvd{container_name:server-hotel OR container_name:server-flight OR container_name:conductor-server}",container_name:conductor-server,2025-01-21T02:15:10.000Z,745017.598325
"avg:container.net.rcvd{container_name:server-hotel OR container_name:server-flight OR container_name:conductor-server}",container_name:conductor-server,2025-01-21T02:15:30.000Z,789109.454094
"avg:container.net.rcvd{container_name:server-hotel OR container_name:server-flight OR container_name:conductor-server}",container_name:conductor-server,2025-01-21T02:15:40.000Z,729600.214491
"avg:container.net.rcvd{container_name:server-hotel OR container_name:server-flight OR container_name:conductor-server}",container_name:conductor-server,2025-01-21T02:16:00.000Z,628507.9909
"avg:container.net.rcvd{container_name:server-hotel OR container_name:server-flight OR container_name:conductor-server}",container_name:conductor-server,2025-01-21T02:16:10.000Z,658477.798976
"avg:container.net.rcvd{container_name:server-hotel OR container_name:server-flight OR container_name:conductor-server}",container_name:conductor-server,2025-01-21T02:16:30.000Z,689462.428288
"avg:container.net.rcvd{container_name:server-hotel OR container_name:server-flight OR container_name:conductor-server}",container_name:conductor-server,2025-01-21T02:16:40.000Z,774337.554963
"avg:container.net.rcvd{container_name:server-hotel OR container_name:server-flight OR container_name:conductor-server}",container_name:conductor-server,2025-01-21T02:17:00.000Z,534270.448966
"avg:container.net.rcvd{container_name:server-hotel OR container_name:server-flight OR container_name:conductor-server}",container_name:conductor-server,2025-01-21T02:17:10.000Z,612789.082834
"avg:container.net.rcvd{container_name:server-hotel OR container_name:server-flight OR container_name:conductor-server}",container_name:conductor-server,2025-01-21T02:17:30.000Z,613337.507289
"avg:container.net.rcvd{container_name:server-hotel OR container_name:server-flight OR container_name:conductor-server}",container_name:conductor-server,2025-01-21T02:17:40.000Z,558776.836748
"avg:container.net.rcvd{container_name:server-hotel OR container_name:server-flight OR container_name:conductor-server}",container_name:conductor-server,2025-01-21T02:18:00.000Z,597078.10213
"avg:container.net.rcvd{container_name:server-hotel OR container_name:server-flight OR container_name:conductor-server}",container_name:conductor-server,2025-01-21T02:18:10.000Z,481989.253458
"avg:container.net.rcvd{container_name:server-hotel OR container_name:server-flight OR container_name:conductor-server}",container_name:conductor-server,2025-01-21T02:18:30.000Z,440007.738805
"avg:container.net.rcvd{container_name:server-hotel OR container_name:server-flight OR container_name:conductor-server}",container_name:conductor-server,2025-01-21T02:18:40.000Z,453208.858998
"avg:container.net.rcvd{container_name:server-hotel OR container_name:server-flight OR container_name:conductor-server}",container_name:conductor-server,2025-01-21T02:19:00.000Z,459223.0208
"avg:container.net.rcvd{container_name:server-hotel OR container_name:server-flight OR container_name:conductor-server}",container_name:conductor-server,2025-01-21T02:19:10.000Z,413951.215792
"avg:container.net.rcvd{container_name:server-hotel OR container_name:server-flight OR container_name:conductor-server}",container_name:conductor-server,2025-01-21T02:19:30.000Z,365331.93036
"avg:container.net.rcvd{container_name:server-hotel OR container_name:server-flight OR container_name:conductor-server}",container_name:conductor-server,2025-01-21T02:19:40.000Z,362059.716298
"avg:container.net.rcvd{container_name:server-hotel OR container_name:server-flight OR container_name:conductor-server}",container_name:conductor-server,2025-01-21T02:20:00.000Z,313526.230625
"avg:container.net.rcvd{container_name:server-hotel OR container_name:server-flight OR container_name:conductor-server}",container_name:conductor-server,2025-01-21T02:20:10.000Z,257744.52746
"avg:container.net.rcvd{container_name:server-hotel OR container_name:server-flight OR container_name:conductor-server}",container_name:conductor-server,2025-01-21T02:20:30.000Z,293538.10264
"avg:container.net.rcvd{container_name:server-hotel OR container_name:server-flight OR container_name:conductor-server}",container_name:conductor-server,2025-01-21T02:20:40.000Z,236082.081
"avg:container.net.rcvd{container_name:server-hotel OR container_name:server-flight OR container_name:conductor-server}",container_name:conductor-server,2025-01-21T02:21:00.000Z,56390.899297
"avg:container.net.rcvd{container_name:server-hotel OR container_name:server-flight OR container_name:conductor-server}",container_name:conductor-server,2025-01-21T02:21:10.000Z,51035.726927
"avg:container.net.rcvd{container_name:server-hotel OR container_name:server-flight OR container_name:conductor-server}",container_name:conductor-server,2025-01-21T02:21:30.000Z,45755.236364
"avg:container.net.rcvd{container_name:server-hotel OR container_name:server-flight OR container_name:conductor-server}",container_name:conductor-server,2025-01-21T02:21:40.000Z,139125.693195
