query,group,time,value
"avg:container.cpu.usage{container_name:server-hotel OR container_name:server-flight OR container_name:conductor-server}",container_name:conductor-server,2025-01-20T02:23:55.000Z,1527746562.220477
"avg:container.cpu.usage{container_name:server-hotel OR container_name:server-flight OR container_name:conductor-server}",container_name:conductor-server,2025-01-20T02:24:10.000Z,1875428521.087488
"avg:container.cpu.usage{container_name:server-hotel OR container_name:server-flight OR container_name:conductor-server}",container_name:conductor-server,2025-01-20T02:24:25.000Z,2103898312.81934
"avg:container.cpu.usage{container_name:server-hotel OR container_name:server-flight OR container_name:conductor-server}",container_name:conductor-server,2025-01-20T02:24:40.000Z,5642365709.608072
"avg:container.cpu.usage{container_name:server-hotel OR container_name:server-flight OR container_name:conductor-server}",container_name:conductor-server,2025-01-20T02:24:55.000Z,5440608794.16432
"avg:container.cpu.usage{container_name:server-hotel OR container_name:server-flight OR container_name:conductor-server}",container_name:conductor-server,2025-01-20T02:25:10.000Z,4563690631.041172
"avg:container.cpu.usage{container_name:server-hotel OR container_name:server-flight OR container_name:conductor-server}",container_name:conductor-server,2025-01-20T02:25:25.000Z,809477348.50242
"avg:container.cpu.usage{container_name:server-hotel OR container_name:server-flight OR container_name:conductor-server}",container_name:conductor-server,2025-01-20T02:25:40.000Z,706578712.952599
"avg:container.cpu.usage{container_name:server-hotel OR container_name:server-flight OR container_name:conductor-server}",container_name:conductor-server,2025-01-20T02:25:55.000Z,557537368.11142
"avg:container.cpu.usage{container_name:server-hotel OR container_name:server-flight OR container_name:conductor-server}",container_name:conductor-server,2025-01-20T02:26:10.000Z,719054826.965858
"avg:container.cpu.usage{container_name:server-hotel OR container_name:server-flight OR container_name:conductor-server}",container_name:conductor-server,2025-01-20T02:26:25.000Z,361069317.922261
"avg:container.cpu.usage{container_name:server-hotel OR container_name:server-flight OR container_name:conductor-server}",container_name:conductor-server,2025-01-20T02:26:40.000Z,386406924.769117
"avg:container.cpu.usage{container_name:server-hotel OR container_name:server-flight OR container_name:conductor-server}",container_name:conductor-server,2025-01-20T02:26:55.000Z,356148002.043875
"avg:container.cpu.usage{container_name:server-hotel OR container_name:server-flight OR container_name:conductor-server}",container_name:conductor-server,2025-01-20T02:27:10.000Z,442710437.132693
"avg:container.cpu.usage{container_name:server-hotel OR container_name:server-flight OR container_name:conductor-server}",container_name:conductor-server,2025-01-20T02:27:25.000Z,287841113.036878
"avg:container.cpu.usage{container_name:server-hotel OR container_name:server-flight OR container_name:conductor-server}",container_name:conductor-server,2025-01-20T02:27:40.000Z,903464117.33113
"avg:container.cpu.usage{container_name:server-hotel OR container_name:server-flight OR container_name:conductor-server}",container_name:conductor-server,2025-01-20T02:27:55.000Z,562006260.424075
"avg:container.cpu.usage{container_name:server-hotel OR container_name:server-flight OR container_name:conductor-server}",container_name:conductor-server,2025-01-20T02:28:10.000Z,581191306.839822
"avg:container.cpu.usage{container_name:server-hotel OR container_name:server-flight OR container_name:conductor-server}",container_name:conductor-server,2025-01-20T02:28:25.000Z,491599286.246796
"avg:container.cpu.usage{container_name:server-hotel OR container_name:server-flight OR container_name:conductor-server}",container_name:conductor-server,2025-01-20T02:28:40.000Z,396168395.769478
"avg:container.cpu.usage{container_name:server-hotel OR container_name:server-flight OR container_name:conductor-server}",container_name:conductor-server,2025-01-20T02:28:55.000Z,384810019.676854
"avg:container.cpu.usage{container_name:server-hotel OR container_name:server-flight OR container_name:conductor-server}",container_name:conductor-server,2025-01-20T02:29:10.000Z,366863527.824539
"avg:container.cpu.usage{container_name:server-hotel OR container_name:server-flight OR container_name:conductor-server}",container_name:conductor-server,2025-01-20T02:29:25.000Z,399298557.961485
"avg:container.cpu.usage{container_name:server-hotel OR container_name:server-flight OR container_name:conductor-server}",container_name:conductor-server,2025-01-20T02:29:40.000Z,392128993.447903
"avg:container.cpu.usage{container_name:server-hotel OR container_name:server-flight OR container_name:conductor-server}",container_name:conductor-server,2025-01-20T02:29:55.000Z,458003603.08616
"avg:container.cpu.usage{container_name:server-hotel OR container_name:server-flight OR container_name:conductor-server}",container_name:conductor-server,2025-01-20T02:30:10.000Z,456162553.160124
"avg:container.cpu.usage{container_name:server-hotel OR container_name:server-flight OR container_name:conductor-server}",container_name:conductor-server,2025-01-20T02:30:25.000Z,429883510.996346
"avg:container.cpu.usage{container_name:server-hotel OR container_name:server-flight OR container_name:conductor-server}",container_name:conductor-server,2025-01-20T02:30:40.000Z,266678624.708101
"avg:container.cpu.usage{container_name:server-hotel OR container_name:server-flight OR container_name:conductor-server}",container_name:conductor-server,2025-01-20T02:30:55.000Z,298830313.782492
"avg:container.cpu.usage{container_name:server-hotel OR container_name:server-flight OR container_name:conductor-server}",container_name:conductor-server,2025-01-20T02:31:10.000Z,255390561.081521
"avg:container.cpu.usage{container_name:server-hotel OR container_name:server-flight OR container_name:conductor-server}",container_name:conductor-server,2025-01-20T02:31:25.000Z,409981370.093736
"avg:container.cpu.usage{container_name:server-hotel OR container_name:server-flight OR container_name:conductor-server}",container_name:conductor-server,2025-01-20T02:31:40.000Z,332185521.149772
"avg:container.cpu.usage{container_name:server-hotel OR container_name:server-flight OR container_name:conductor-server}",container_name:conductor-server,2025-01-20T02:31:55.000Z,481652152.480592
"avg:container.cpu.usage{container_name:server-hotel OR container_name:server-flight OR container_name:conductor-server}",container_name:conductor-server,2025-01-20T02:32:10.000Z,322729225.470546
"avg:container.cpu.usage{container_name:server-hotel OR container_name:server-flight OR container_name:conductor-server}",container_name:conductor-server,2025-01-20T02:32:25.000Z,368494777.627616
"avg:container.cpu.usage{container_name:server-hotel OR container_name:server-flight OR container_name:conductor-server}",container_name:conductor-server,2025-01-20T02:32:40.000Z,356906487.874727
"avg:container.cpu.usage{container_name:server-hotel OR container_name:server-flight OR container_name:conductor-server}",container_name:conductor-server,2025-01-20T02:32:55.000Z,350351325.438761
"avg:container.cpu.usage{container_name:server-hotel OR container_name:server-flight OR container_name:conductor-server}",container_name:conductor-server,2025-01-20T02:33:10.000Z,347363878.029723
"avg:container.cpu.usage{container_name:server-hotel OR container_name:server-flight OR container_name:conductor-server}",container_name:conductor-server,2025-01-20T02:33:25.000Z,357064056.430538
"avg:container.cpu.usage{container_name:server-hotel OR container_name:server-flight OR container_name:conductor-server}",container_name:conductor-server,2025-01-20T02:33:40.000Z,245994261.340944
"avg:container.cpu.usage{container_name:server-hotel OR container_name:server-flight OR container_name:conductor-server}",container_name:conductor-server,2025-01-20T02:33:55.000Z,482260374.798415
"avg:container.cpu.usage{container_name:server-hotel OR container_name:server-flight OR container_name:conductor-server}",container_name:conductor-server,2025-01-20T02:34:10.000Z,368964796.701104
"avg:container.cpu.usage{container_name:server-hotel OR container_name:server-flight OR container_name:conductor-server}",container_name:conductor-server,2025-01-20T02:34:25.000Z,418113430.125182
"avg:container.cpu.usage{container_name:server-hotel OR container_name:server-flight OR container_name:conductor-server}",container_name:conductor-server,2025-01-20T02:34:40.000Z,455047969.161943
"avg:container.cpu.usage{container_name:server-hotel OR container_name:server-flight OR container_name:conductor-server}",container_name:conductor-server,2025-01-20T02:34:55.000Z,423181313.300278
"avg:container.cpu.usage{container_name:server-hotel OR container_name:server-flight OR container_name:conductor-server}",container_name:conductor-server,2025-01-20T02:35:10.000Z,463227972.829255
"avg:container.cpu.usage{container_name:server-hotel OR container_name:server-flight OR container_name:conductor-server}",container_name:conductor-server,2025-01-20T02:35:25.000Z,368035307.651007
"avg:container.cpu.usage{container_name:server-hotel OR container_name:server-flight OR container_name:conductor-server}",container_name:conductor-server,2025-01-20T02:35:40.000Z,405479528.085656
"avg:container.cpu.usage{container_name:server-hotel OR container_name:server-flight OR container_name:conductor-server}",container_name:conductor-server,2025-01-20T02:35:55.000Z,491629672.585436
"avg:container.cpu.usage{container_name:server-hotel OR container_name:server-flight OR container_name:conductor-server}",container_name:conductor-server,2025-01-20T02:36:10.000Z,380194222.307958
"avg:container.cpu.usage{container_name:server-hotel OR container_name:server-flight OR container_name:conductor-server}",container_name:conductor-server,2025-01-20T02:36:25.000Z,286142537.373604
"avg:container.cpu.usage{container_name:server-hotel OR container_name:server-flight OR container_name:conductor-server}",container_name:conductor-server,2025-01-20T02:36:40.000Z,333185339.631765
"avg:container.cpu.usage{container_name:server-hotel OR container_name:server-flight OR container_name:conductor-server}",container_name:conductor-server,2025-01-20T02:36:55.000Z,397326149.604971
"avg:container.cpu.usage{container_name:server-hotel OR container_name:server-flight OR container_name:conductor-server}",container_name:conductor-server,2025-01-20T02:37:10.000Z,355671423.53873
"avg:container.cpu.usage{container_name:server-hotel OR container_name:server-flight OR container_name:conductor-server}",container_name:conductor-server,2025-01-20T02:37:25.000Z,371141571.167762
"avg:container.cpu.usage{container_name:server-hotel OR container_name:server-flight OR container_name:conductor-server}",container_name:conductor-server,2025-01-20T02:37:40.000Z,424480633.736782
"avg:container.cpu.usage{container_name:server-hotel OR container_name:server-flight OR container_name:conductor-server}",container_name:conductor-server,2025-01-20T02:37:55.000Z,286331440.676506
"avg:container.cpu.usage{container_name:server-hotel OR container_name:server-flight OR container_name:conductor-server}",container_name:conductor-server,2025-01-20T02:38:10.000Z,381370345.069749
"avg:container.cpu.usage{container_name:server-hotel OR container_name:server-flight OR container_name:conductor-server}",container_name:conductor-server,2025-01-20T02:38:25.000Z,516623812.716281
"avg:container.cpu.usage{container_name:server-hotel OR container_name:server-flight OR container_name:conductor-server}",container_name:conductor-server,2025-01-20T02:38:40.000Z,424178868.238027
"avg:container.cpu.usage{container_name:server-hotel OR container_name:server-flight OR container_name:conductor-server}",container_name:conductor-server,2025-01-20T02:38:55.000Z,386408544.531936
"avg:container.cpu.usage{container_name:server-hotel OR container_name:server-flight OR container_name:conductor-server}",container_name:conductor-server,2025-01-20T02:39:10.000Z,430595887.84746
"avg:container.cpu.usage{container_name:server-hotel OR container_name:server-flight OR container_name:conductor-server}",container_name:conductor-server,2025-01-20T02:39:25.000Z,333238991.759091
"avg:container.cpu.usage{container_name:server-hotel OR container_name:server-flight OR container_name:conductor-server}",container_name:conductor-server,2025-01-20T02:39:40.000Z,365347447.855564
"avg:container.cpu.usage{container_name:server-hotel OR container_name:server-flight OR container_name:conductor-server}",container_name:conductor-server,2025-01-20T02:39:55.000Z,390229382.479788
"avg:container.cpu.usage{container_name:server-hotel OR container_name:server-flight OR container_name:conductor-server}",container_name:conductor-server,2025-01-20T02:40:10.000Z,383564554.175109
"avg:container.cpu.usage{container_name:server-hotel OR container_name:server-flight OR container_name:conductor-server}",container_name:conductor-server,2025-01-20T02:40:25.000Z,341812864.933081
"avg:container.cpu.usage{container_name:server-hotel OR container_name:server-flight OR container_name:conductor-server}",container_name:conductor-server,2025-01-20T02:40:40.000Z,322123706.319674
"avg:container.cpu.usage{container_name:server-hotel OR container_name:server-flight OR container_name:conductor-server}",container_name:conductor-server,2025-01-20T02:40:55.000Z,382181875.550257
"avg:container.cpu.usage{container_name:server-hotel OR container_name:server-flight OR container_name:conductor-server}",container_name:conductor-server,2025-01-20T02:41:10.000Z,376058521.025914
"avg:container.cpu.usage{container_name:server-hotel OR container_name:server-flight OR container_name:conductor-server}",container_name:conductor-server,2025-01-20T02:41:25.000Z,277171405.605423
"avg:container.cpu.usage{container_name:server-hotel OR container_name:server-flight OR container_name:conductor-server}",container_name:conductor-server,2025-01-20T02:41:40.000Z,367230950.940326
"avg:container.cpu.usage{container_name:server-hotel OR container_name:server-flight OR container_name:conductor-server}",container_name:conductor-server,2025-01-20T02:41:55.000Z,358634610.177666
"avg:container.cpu.usage{container_name:server-hotel OR container_name:server-flight OR container_name:conductor-server}",container_name:conductor-server,2025-01-20T02:42:10.000Z,491999323.081333
"avg:container.cpu.usage{container_name:server-hotel OR container_name:server-flight OR container_name:conductor-server}",container_name:conductor-server,2025-01-20T02:42:25.000Z,355657339.105957
"avg:container.cpu.usage{container_name:server-hotel OR container_name:server-flight OR container_name:conductor-server}",container_name:conductor-server,2025-01-20T02:42:40.000Z,405961855.067918
"avg:container.cpu.usage{container_name:server-hotel OR container_name:server-flight OR container_name:conductor-server}",container_name:conductor-server,2025-01-20T02:42:55.000Z,284129905.13221
"avg:container.cpu.usage{container_name:server-hotel OR container_name:server-flight OR container_name:conductor-server}",container_name:conductor-server,2025-01-20T02:43:10.000Z,404141377.547092
"avg:container.cpu.usage{container_name:server-hotel OR container_name:server-flight OR container_name:conductor-server}",container_name:conductor-server,2025-01-20T02:43:25.000Z,841446757.719129
"avg:container.cpu.usage{container_name:server-hotel OR container_name:server-flight OR container_name:conductor-server}",container_name:conductor-server,2025-01-20T02:43:40.000Z,746444189.979866
"avg:container.cpu.usage{container_name:server-hotel OR container_name:server-flight OR container_name:conductor-server}",container_name:conductor-server,2025-01-20T02:43:55.000Z,420999981.652626
"avg:container.cpu.usage{container_name:server-hotel OR container_name:server-flight OR container_name:conductor-server}",container_name:conductor-server,2025-01-20T02:44:10.000Z,571950662.401466
"avg:container.cpu.usage{container_name:server-hotel OR container_name:server-flight OR container_name:conductor-server}",container_name:conductor-server,2025-01-20T02:44:25.000Z,250368876.378972
"avg:container.cpu.usage{container_name:server-hotel OR container_name:server-flight OR container_name:conductor-server}",container_name:conductor-server,2025-01-20T02:44:40.000Z,307066834.843927
"avg:container.cpu.usage{container_name:server-hotel OR container_name:server-flight OR container_name:conductor-server}",container_name:conductor-server,2025-01-20T02:44:55.000Z,258511220.943344
"avg:container.cpu.usage{container_name:server-hotel OR container_name:server-flight OR container_name:conductor-server}",container_name:conductor-server,2025-01-20T02:45:10.000Z,227401809.282052
"avg:container.cpu.usage{container_name:server-hotel OR container_name:server-flight OR container_name:conductor-server}",container_name:conductor-server,2025-01-20T02:45:25.000Z,148478672.650049
"avg:container.cpu.usage{container_name:server-hotel OR container_name:server-flight OR container_name:conductor-server}",container_name:conductor-server,2025-01-20T02:45:40.000Z,34242020.805686
"avg:container.cpu.usage{container_name:server-hotel OR container_name:server-flight OR container_name:conductor-server}",container_name:conductor-server,2025-01-20T02:45:55.000Z,22802380.039172
"avg:container.cpu.usage{container_name:server-hotel OR container_name:server-flight OR container_name:conductor-server}",container_name:server-flight,2025-01-20T02:23:55.000Z,3396041.214539
"avg:container.cpu.usage{container_name:server-hotel OR container_name:server-flight OR container_name:conductor-server}",container_name:server-flight,2025-01-20T02:24:10.000Z,4210626.667666
"avg:container.cpu.usage{container_name:server-hotel OR container_name:server-flight OR container_name:conductor-server}",container_name:server-flight,2025-01-20T02:24:25.000Z,5210033.905386
"avg:container.cpu.usage{container_name:server-hotel OR container_name:server-flight OR container_name:conductor-server}",container_name:server-flight,2025-01-20T02:24:40.000Z,17671392.609419
"avg:container.cpu.usage{container_name:server-hotel OR container_name:server-flight OR container_name:conductor-server}",container_name:server-flight,2025-01-20T02:24:55.000Z,14769263.088192
"avg:container.cpu.usage{container_name:server-hotel OR container_name:server-flight OR container_name:conductor-server}",container_name:server-flight,2025-01-20T02:25:10.000Z,16552726.987693
"avg:container.cpu.usage{container_name:server-hotel OR container_name:server-flight OR container_name:conductor-server}",container_name:server-flight,2025-01-20T02:25:25.000Z,15439096.632654
"avg:container.cpu.usage{container_name:server-hotel OR container_name:server-flight OR container_name:conductor-server}",container_name:server-flight,2025-01-20T02:25:40.000Z,17456158.673749
"avg:container.cpu.usage{container_name:server-hotel OR container_name:server-flight OR container_name:conductor-server}",container_name:server-flight,2025-01-20T02:25:55.000Z,20940886.099912
"avg:container.cpu.usage{container_name:server-hotel OR container_name:server-flight OR container_name:conductor-server}",container_name:server-flight,2025-01-20T02:26:10.000Z,25541839.828919
"avg:container.cpu.usage{container_name:server-hotel OR container_name:server-flight OR container_name:conductor-server}",container_name:server-flight,2025-01-20T02:26:25.000Z,17003791.174963
"avg:container.cpu.usage{container_name:server-hotel OR container_name:server-flight OR container_name:conductor-server}",container_name:server-flight,2025-01-20T02:26:40.000Z,17913753.371286
"avg:container.cpu.usage{container_name:server-hotel OR container_name:server-flight OR container_name:conductor-server}",container_name:server-flight,2025-01-20T02:26:55.000Z,22675029.799451
"avg:container.cpu.usage{container_name:server-hotel OR container_name:server-flight OR container_name:conductor-server}",container_name:server-flight,2025-01-20T02:27:10.000Z,21764603.381006
"avg:container.cpu.usage{container_name:server-hotel OR container_name:server-flight OR container_name:conductor-server}",container_name:server-flight,2025-01-20T02:27:25.000Z,18555089.637589
"avg:container.cpu.usage{container_name:server-hotel OR container_name:server-flight OR container_name:conductor-server}",container_name:server-flight,2025-01-20T02:27:40.000Z,35545317.03401
"avg:container.cpu.usage{container_name:server-hotel OR container_name:server-flight OR container_name:conductor-server}",container_name:server-flight,2025-01-20T02:27:55.000Z,23768575.281277
"avg:container.cpu.usage{container_name:server-hotel OR container_name:server-flight OR container_name:conductor-server}",container_name:server-flight,2025-01-20T02:28:10.000Z,37323971.538501
"avg:container.cpu.usage{container_name:server-hotel OR container_name:server-flight OR container_name:conductor-server}",container_name:server-flight,2025-01-20T02:28:25.000Z,27920194.698276
"avg:container.cpu.usage{container_name:server-hotel OR container_name:server-flight OR container_name:conductor-server}",container_name:server-flight,2025-01-20T02:28:40.000Z,28603354.375468
"avg:container.cpu.usage{container_name:server-hotel OR container_name:server-flight OR container_name:conductor-server}",container_name:server-flight,2025-01-20T02:28:55.000Z,29120912.870469
"avg:container.cpu.usage{container_name:server-hotel OR container_name:server-flight OR container_name:conductor-server}",container_name:server-flight,2025-01-20T02:29:10.000Z,23673006.843341
"avg:container.cpu.usage{container_name:server-hotel OR container_name:server-flight OR container_name:conductor-server}",container_name:server-flight,2025-01-20T02:29:25.000Z,22040609.722524
"avg:container.cpu.usage{container_name:server-hotel OR container_name:server-flight OR container_name:conductor-server}",container_name:server-flight,2025-01-20T02:29:40.000Z,27685805.22837
"avg:container.cpu.usage{container_name:server-hotel OR container_name:server-flight OR container_name:conductor-server}",container_name:server-flight,2025-01-20T02:29:55.000Z,34835179.007059
"avg:container.cpu.usage{container_name:server-hotel OR container_name:server-flight OR container_name:conductor-server}",container_name:server-flight,2025-01-20T02:30:10.000Z,29682363.011387
"avg:container.cpu.usage{container_name:server-hotel OR container_name:server-flight OR container_name:conductor-server}",container_name:server-flight,2025-01-20T02:30:25.000Z,25396711.839053
"avg:container.cpu.usage{container_name:server-hotel OR container_name:server-flight OR container_name:conductor-server}",container_name:server-flight,2025-01-20T02:30:40.000Z,21271529.825155
"avg:container.cpu.usage{container_name:server-hotel OR container_name:server-flight OR container_name:conductor-server}",container_name:server-flight,2025-01-20T02:30:55.000Z,23174858.543991
"avg:container.cpu.usage{container_name:server-hotel OR container_name:server-flight OR container_name:conductor-server}",container_name:server-flight,2025-01-20T02:31:10.000Z,17998707.447527
"avg:container.cpu.usage{container_name:server-hotel OR container_name:server-flight OR container_name:conductor-server}",container_name:server-flight,2025-01-20T02:31:25.000Z,26268343.131781
"avg:container.cpu.usage{container_name:server-hotel OR container_name:server-flight OR container_name:conductor-server}",container_name:server-flight,2025-01-20T02:31:40.000Z,19471636.236546
"avg:container.cpu.usage{container_name:server-hotel OR container_name:server-flight OR container_name:conductor-server}",container_name:server-flight,2025-01-20T02:31:55.000Z,35081343.226407
"avg:container.cpu.usage{container_name:server-hotel OR container_name:server-flight OR container_name:conductor-server}",container_name:server-flight,2025-01-20T02:32:10.000Z,23309197.737961
"avg:container.cpu.usage{container_name:server-hotel OR container_name:server-flight OR container_name:conductor-server}",container_name:server-flight,2025-01-20T02:32:25.000Z,29328723.224621
"avg:container.cpu.usage{container_name:server-hotel OR container_name:server-flight OR container_name:conductor-server}",container_name:server-flight,2025-01-20T02:32:40.000Z,28408426.671155
"avg:container.cpu.usage{container_name:server-hotel OR container_name:server-flight OR container_name:conductor-server}",container_name:server-flight,2025-01-20T02:32:55.000Z,24718583.300399
"avg:container.cpu.usage{container_name:server-hotel OR container_name:server-flight OR container_name:conductor-server}",container_name:server-flight,2025-01-20T02:33:10.000Z,21027989.363186
"avg:container.cpu.usage{container_name:server-hotel OR container_name:server-flight OR container_name:conductor-server}",container_name:server-flight,2025-01-20T02:33:25.000Z,27784782.405086
"avg:container.cpu.usage{container_name:server-hotel OR container_name:server-flight OR container_name:conductor-server}",container_name:server-flight,2025-01-20T02:33:40.000Z,15933113.829048
"avg:container.cpu.usage{container_name:server-hotel OR container_name:server-flight OR container_name:conductor-server}",container_name:server-flight,2025-01-20T02:33:55.000Z,31113370.471303
"avg:container.cpu.usage{container_name:server-hotel OR container_name:server-flight OR container_name:conductor-server}",container_name:server-flight,2025-01-20T02:34:10.000Z,20596090.545848
"avg:container.cpu.usage{container_name:server-hotel OR container_name:server-flight OR container_name:conductor-server}",container_name:server-flight,2025-01-20T02:34:25.000Z,14484365.672148
"avg:container.cpu.usage{container_name:server-hotel OR container_name:server-flight OR container_name:conductor-server}",container_name:server-flight,2025-01-20T02:34:40.000Z,3168129.141499
"avg:container.cpu.usage{container_name:server-hotel OR container_name:server-flight OR container_name:conductor-server}",container_name:server-flight,2025-01-20T02:34:55.000Z,2720275.109905
"avg:container.cpu.usage{container_name:server-hotel OR container_name:server-flight OR container_name:conductor-server}",container_name:server-flight,2025-01-20T02:35:10.000Z,3233312.701264
"avg:container.cpu.usage{container_name:server-hotel OR container_name:server-flight OR container_name:conductor-server}",container_name:server-flight,2025-01-20T02:35:25.000Z,2512887.175275
"avg:container.cpu.usage{container_name:server-hotel OR container_name:server-flight OR container_name:conductor-server}",container_name:server-flight,2025-01-20T02:35:40.000Z,3437128.499326
"avg:container.cpu.usage{container_name:server-hotel OR container_name:server-flight OR container_name:conductor-server}",container_name:server-flight,2025-01-20T02:35:55.000Z,4047041.217072
"avg:container.cpu.usage{container_name:server-hotel OR container_name:server-flight OR container_name:conductor-server}",container_name:server-flight,2025-01-20T02:36:10.000Z,2868568.50707
"avg:container.cpu.usage{container_name:server-hotel OR container_name:server-flight OR container_name:conductor-server}",container_name:server-flight,2025-01-20T02:36:25.000Z,2366951.454107
"avg:container.cpu.usage{container_name:server-hotel OR container_name:server-flight OR container_name:conductor-server}",container_name:server-flight,2025-01-20T02:36:40.000Z,2314525.992031
"avg:container.cpu.usage{container_name:server-hotel OR container_name:server-flight OR container_name:conductor-server}",container_name:server-flight,2025-01-20T02:36:55.000Z,2521588.199698
"avg:container.cpu.usage{container_name:server-hotel OR container_name:server-flight OR container_name:conductor-server}",container_name:server-flight,2025-01-20T02:37:10.000Z,2750881.137561
"avg:container.cpu.usage{container_name:server-hotel OR container_name:server-flight OR container_name:conductor-server}",container_name:server-flight,2025-01-20T02:37:25.000Z,3265705.491966
"avg:container.cpu.usage{container_name:server-hotel OR container_name:server-flight OR container_name:conductor-server}",container_name:server-flight,2025-01-20T02:37:40.000Z,2842071.026497
"avg:container.cpu.usage{container_name:server-hotel OR container_name:server-flight OR container_name:conductor-server}",container_name:server-flight,2025-01-20T02:37:55.000Z,3326134.343265
"avg:container.cpu.usage{container_name:server-hotel OR container_name:server-flight OR container_name:conductor-server}",container_name:server-flight,2025-01-20T02:38:10.000Z,2516088.764097
"avg:container.cpu.usage{container_name:server-hotel OR container_name:server-flight OR container_name:conductor-server}",container_name:server-flight,2025-01-20T02:38:25.000Z,3659755.249243
"avg:container.cpu.usage{container_name:server-hotel OR container_name:server-flight OR container_name:conductor-server}",container_name:server-flight,2025-01-20T02:38:40.000Z,2910747.07387
"avg:container.cpu.usage{container_name:server-hotel OR container_name:server-flight OR container_name:conductor-server}",container_name:server-flight,2025-01-20T02:38:55.000Z,2506391.620608
"avg:container.cpu.usage{container_name:server-hotel OR container_name:server-flight OR container_name:conductor-server}",container_name:server-flight,2025-01-20T02:39:10.000Z,2962909.535571
"avg:container.cpu.usage{container_name:server-hotel OR container_name:server-flight OR container_name:conductor-server}",container_name:server-flight,2025-01-20T02:39:25.000Z,2643136.686237
"avg:container.cpu.usage{container_name:server-hotel OR container_name:server-flight OR container_name:conductor-server}",container_name:server-flight,2025-01-20T02:39:40.000Z,2729795.099118
"avg:container.cpu.usage{container_name:server-hotel OR container_name:server-flight OR container_name:conductor-server}",container_name:server-flight,2025-01-20T02:39:55.000Z,3121946.267878
"avg:container.cpu.usage{container_name:server-hotel OR container_name:server-flight OR container_name:conductor-server}",container_name:server-flight,2025-01-20T02:40:10.000Z,2788507.42265
"avg:container.cpu.usage{container_name:server-hotel OR container_name:server-flight OR container_name:conductor-server}",container_name:server-flight,2025-01-20T02:40:25.000Z,3038745.234811
"avg:container.cpu.usage{container_name:server-hotel OR container_name:server-flight OR container_name:conductor-server}",container_name:server-flight,2025-01-20T02:40:40.000Z,2959356.075564
"avg:container.cpu.usage{container_name:server-hotel OR container_name:server-flight OR container_name:conductor-server}",container_name:server-flight,2025-01-20T02:40:55.000Z,2753247.697015
"avg:container.cpu.usage{container_name:server-hotel OR container_name:server-flight OR container_name:conductor-server}",container_name:server-flight,2025-01-20T02:41:10.000Z,2895035.035254
"avg:container.cpu.usage{container_name:server-hotel OR container_name:server-flight OR container_name:conductor-server}",container_name:server-flight,2025-01-20T02:41:25.000Z,2116487.308479
"avg:container.cpu.usage{container_name:server-hotel OR container_name:server-flight OR container_name:conductor-server}",container_name:server-flight,2025-01-20T02:41:40.000Z,2538144.363363
"avg:container.cpu.usage{container_name:server-hotel OR container_name:server-flight OR container_name:conductor-server}",container_name:server-flight,2025-01-20T02:41:55.000Z,4053307.577519
"avg:container.cpu.usage{container_name:server-hotel OR container_name:server-flight OR container_name:conductor-server}",container_name:server-flight,2025-01-20T02:42:10.000Z,3106214.768793
"avg:container.cpu.usage{container_name:server-hotel OR container_name:server-flight OR container_name:conductor-server}",container_name:server-flight,2025-01-20T02:42:25.000Z,2734742.982118
"avg:container.cpu.usage{container_name:server-hotel OR container_name:server-flight OR container_name:conductor-server}",container_name:server-flight,2025-01-20T02:42:40.000Z,2440008.11491
"avg:container.cpu.usage{container_name:server-hotel OR container_name:server-flight OR container_name:conductor-server}",container_name:server-flight,2025-01-20T02:42:55.000Z,2386622.715253
"avg:container.cpu.usage{container_name:server-hotel OR container_name:server-flight OR container_name:conductor-server}",container_name:server-flight,2025-01-20T02:43:10.000Z,3210692.05465
"avg:container.cpu.usage{container_name:server-hotel OR container_name:server-flight OR container_name:conductor-server}",container_name:server-flight,2025-01-20T02:43:25.000Z,4052363.814333
"avg:container.cpu.usage{container_name:server-hotel OR container_name:server-flight OR container_name:conductor-server}",container_name:server-flight,2025-01-20T02:43:40.000Z,3322556.289831
"avg:container.cpu.usage{container_name:server-hotel OR container_name:server-flight OR container_name:conductor-server}",container_name:server-flight,2025-01-20T02:43:55.000Z,22493676.71618
"avg:container.cpu.usage{container_name:server-hotel OR container_name:server-flight OR container_name:conductor-server}",container_name:server-flight,2025-01-20T02:44:10.000Z,39748100.597114
"avg:container.cpu.usage{container_name:server-hotel OR container_name:server-flight OR container_name:conductor-server}",container_name:server-flight,2025-01-20T02:44:25.000Z,15573139.231855
"avg:container.cpu.usage{container_name:server-hotel OR container_name:server-flight OR container_name:conductor-server}",container_name:server-flight,2025-01-20T02:44:40.000Z,9058857.473898
"avg:container.cpu.usage{container_name:server-hotel OR container_name:server-flight OR container_name:conductor-server}",container_name:server-flight,2025-01-20T02:44:55.000Z,12709044.904311
"avg:container.cpu.usage{container_name:server-hotel OR container_name:server-flight OR container_name:conductor-server}",container_name:server-flight,2025-01-20T02:45:10.000Z,13648171.144436
"avg:container.cpu.usage{container_name:server-hotel OR container_name:server-flight OR container_name:conductor-server}",container_name:server-flight,2025-01-20T02:45:25.000Z,9897863.859532
"avg:container.cpu.usage{container_name:server-hotel OR container_name:server-flight OR container_name:conductor-server}",container_name:server-flight,2025-01-20T02:45:40.000Z,3613790.013335
"avg:container.cpu.usage{container_name:server-hotel OR container_name:server-flight OR container_name:conductor-server}",container_name:server-flight,2025-01-20T02:45:55.000Z,3358487.8869
"avg:container.cpu.usage{container_name:server-hotel OR container_name:server-flight OR container_name:conductor-server}",container_name:server-hotel,2025-01-20T02:23:55.000Z,3005676.809905
"avg:container.cpu.usage{container_name:server-hotel OR container_name:server-flight OR container_name:conductor-server}",container_name:server-hotel,2025-01-20T02:24:10.000Z,3511869.315957
"avg:container.cpu.usage{container_name:server-hotel OR container_name:server-flight OR container_name:conductor-server}",container_name:server-hotel,2025-01-20T02:24:25.000Z,4100631.032668
"avg:container.cpu.usage{container_name:server-hotel OR container_name:server-flight OR container_name:conductor-server}",container_name:server-hotel,2025-01-20T02:24:40.000Z,9242094.658871
"avg:container.cpu.usage{container_name:server-hotel OR container_name:server-flight OR container_name:conductor-server}",container_name:server-hotel,2025-01-20T02:24:55.000Z,6675508.774347
"avg:container.cpu.usage{container_name:server-hotel OR container_name:server-flight OR container_name:conductor-server}",container_name:server-hotel,2025-01-20T02:25:10.000Z,4784430.077272
"avg:container.cpu.usage{container_name:server-hotel OR container_name:server-flight OR container_name:conductor-server}",container_name:server-hotel,2025-01-20T02:25:25.000Z,2664258.318246
"avg:container.cpu.usage{container_name:server-hotel OR container_name:server-flight OR container_name:conductor-server}",container_name:server-hotel,2025-01-20T02:25:40.000Z,2995413.126054
"avg:container.cpu.usage{container_name:server-hotel OR container_name:server-flight OR container_name:conductor-server}",container_name:server-hotel,2025-01-20T02:25:55.000Z,3005069.924094
"avg:container.cpu.usage{container_name:server-hotel OR container_name:server-flight OR container_name:conductor-server}",container_name:server-hotel,2025-01-20T02:26:10.000Z,5665791.995264
"avg:container.cpu.usage{container_name:server-hotel OR container_name:server-flight OR container_name:conductor-server}",container_name:server-hotel,2025-01-20T02:26:25.000Z,2802766.652728
"avg:container.cpu.usage{container_name:server-hotel OR container_name:server-flight OR container_name:conductor-server}",container_name:server-hotel,2025-01-20T02:26:40.000Z,4800121.430708
"avg:container.cpu.usage{container_name:server-hotel OR container_name:server-flight OR container_name:conductor-server}",container_name:server-hotel,2025-01-20T02:26:55.000Z,2673385.588824
"avg:container.cpu.usage{container_name:server-hotel OR container_name:server-flight OR container_name:conductor-server}",container_name:server-hotel,2025-01-20T02:27:10.000Z,3763919.347293
"avg:container.cpu.usage{container_name:server-hotel OR container_name:server-flight OR container_name:conductor-server}",container_name:server-hotel,2025-01-20T02:27:25.000Z,2276272.929349
"avg:container.cpu.usage{container_name:server-hotel OR container_name:server-flight OR container_name:conductor-server}",container_name:server-hotel,2025-01-20T02:27:40.000Z,5921775.468805
"avg:container.cpu.usage{container_name:server-hotel OR container_name:server-flight OR container_name:conductor-server}",container_name:server-hotel,2025-01-20T02:27:55.000Z,3615873.673298
"avg:container.cpu.usage{container_name:server-hotel OR container_name:server-flight OR container_name:conductor-server}",container_name:server-hotel,2025-01-20T02:28:10.000Z,3712896.084018
"avg:container.cpu.usage{container_name:server-hotel OR container_name:server-flight OR container_name:conductor-server}",container_name:server-hotel,2025-01-20T02:28:25.000Z,3821738.61814
"avg:container.cpu.usage{container_name:server-hotel OR container_name:server-flight OR container_name:conductor-server}",container_name:server-hotel,2025-01-20T02:28:40.000Z,3438444.427317
"avg:container.cpu.usage{container_name:server-hotel OR container_name:server-flight OR container_name:conductor-server}",container_name:server-hotel,2025-01-20T02:28:55.000Z,4604993.382622
"avg:container.cpu.usage{container_name:server-hotel OR container_name:server-flight OR container_name:conductor-server}",container_name:server-hotel,2025-01-20T02:29:10.000Z,3203741.193314
"avg:container.cpu.usage{container_name:server-hotel OR container_name:server-flight OR container_name:conductor-server}",container_name:server-hotel,2025-01-20T02:29:25.000Z,3616773.048874
"avg:container.cpu.usage{container_name:server-hotel OR container_name:server-flight OR container_name:conductor-server}",container_name:server-hotel,2025-01-20T02:29:40.000Z,3435152.093419
"avg:container.cpu.usage{container_name:server-hotel OR container_name:server-flight OR container_name:conductor-server}",container_name:server-hotel,2025-01-20T02:29:55.000Z,3542569.997309
"avg:container.cpu.usage{container_name:server-hotel OR container_name:server-flight OR container_name:conductor-server}",container_name:server-hotel,2025-01-20T02:30:10.000Z,2969765.790633
"avg:container.cpu.usage{container_name:server-hotel OR container_name:server-flight OR container_name:conductor-server}",container_name:server-hotel,2025-01-20T02:30:25.000Z,2774673.672981
"avg:container.cpu.usage{container_name:server-hotel OR container_name:server-flight OR container_name:conductor-server}",container_name:server-hotel,2025-01-20T02:30:40.000Z,2903311.238919
"avg:container.cpu.usage{container_name:server-hotel OR container_name:server-flight OR container_name:conductor-server}",container_name:server-hotel,2025-01-20T02:30:55.000Z,4141161.078512
"avg:container.cpu.usage{container_name:server-hotel OR container_name:server-flight OR container_name:conductor-server}",container_name:server-hotel,2025-01-20T02:31:10.000Z,2894090.427218
"avg:container.cpu.usage{container_name:server-hotel OR container_name:server-flight OR container_name:conductor-server}",container_name:server-hotel,2025-01-20T02:31:25.000Z,2442614.738908
"avg:container.cpu.usage{container_name:server-hotel OR container_name:server-flight OR container_name:conductor-server}",container_name:server-hotel,2025-01-20T02:31:40.000Z,2934720.532973
"avg:container.cpu.usage{container_name:server-hotel OR container_name:server-flight OR container_name:conductor-server}",container_name:server-hotel,2025-01-20T02:31:55.000Z,3414497.23345
"avg:container.cpu.usage{container_name:server-hotel OR container_name:server-flight OR container_name:conductor-server}",container_name:server-hotel,2025-01-20T02:32:10.000Z,3148694.875117
"avg:container.cpu.usage{container_name:server-hotel OR container_name:server-flight OR container_name:conductor-server}",container_name:server-hotel,2025-01-20T02:32:25.000Z,3334594.130159
"avg:container.cpu.usage{container_name:server-hotel OR container_name:server-flight OR container_name:conductor-server}",container_name:server-hotel,2025-01-20T02:32:40.000Z,2933072.586733
"avg:container.cpu.usage{container_name:server-hotel OR container_name:server-flight OR container_name:conductor-server}",container_name:server-hotel,2025-01-20T02:32:55.000Z,3508947.170211
"avg:container.cpu.usage{container_name:server-hotel OR container_name:server-flight OR container_name:conductor-server}",container_name:server-hotel,2025-01-20T02:33:10.000Z,4280688.656183
"avg:container.cpu.usage{container_name:server-hotel OR container_name:server-flight OR container_name:conductor-server}",container_name:server-hotel,2025-01-20T02:33:25.000Z,2566476.761581
"avg:container.cpu.usage{container_name:server-hotel OR container_name:server-flight OR container_name:conductor-server}",container_name:server-hotel,2025-01-20T02:33:40.000Z,3424182.550752
"avg:container.cpu.usage{container_name:server-hotel OR container_name:server-flight OR container_name:conductor-server}",container_name:server-hotel,2025-01-20T02:33:55.000Z,3380511.850955
"avg:container.cpu.usage{container_name:server-hotel OR container_name:server-flight OR container_name:conductor-server}",container_name:server-hotel,2025-01-20T02:34:10.000Z,3913124.835042
"avg:container.cpu.usage{container_name:server-hotel OR container_name:server-flight OR container_name:conductor-server}",container_name:server-hotel,2025-01-20T02:34:25.000Z,11367620.563437
"avg:container.cpu.usage{container_name:server-hotel OR container_name:server-flight OR container_name:conductor-server}",container_name:server-hotel,2025-01-20T02:34:40.000Z,22078140.88527
"avg:container.cpu.usage{container_name:server-hotel OR container_name:server-flight OR container_name:conductor-server}",container_name:server-hotel,2025-01-20T02:34:55.000Z,20220813.644137
"avg:container.cpu.usage{container_name:server-hotel OR container_name:server-flight OR container_name:conductor-server}",container_name:server-hotel,2025-01-20T02:35:10.000Z,26437338.287844
"avg:container.cpu.usage{container_name:server-hotel OR container_name:server-flight OR container_name:conductor-server}",container_name:server-hotel,2025-01-20T02:35:25.000Z,20908461.075522
"avg:container.cpu.usage{container_name:server-hotel OR container_name:server-flight OR container_name:conductor-server}",container_name:server-hotel,2025-01-20T02:35:40.000Z,16737685.512487
"avg:container.cpu.usage{container_name:server-hotel OR container_name:server-flight OR container_name:conductor-server}",container_name:server-hotel,2025-01-20T02:35:55.000Z,27008959.46306
"avg:container.cpu.usage{container_name:server-hotel OR container_name:server-flight OR container_name:conductor-server}",container_name:server-hotel,2025-01-20T02:36:10.000Z,21955554.234819
"avg:container.cpu.usage{container_name:server-hotel OR container_name:server-flight OR container_name:conductor-server}",container_name:server-hotel,2025-01-20T02:36:25.000Z,17384154.005763
"avg:container.cpu.usage{container_name:server-hotel OR container_name:server-flight OR container_name:conductor-server}",container_name:server-hotel,2025-01-20T02:36:40.000Z,17491264.52889
"avg:container.cpu.usage{container_name:server-hotel OR container_name:server-flight OR container_name:conductor-server}",container_name:server-hotel,2025-01-20T02:36:55.000Z,21728762.167753
"avg:container.cpu.usage{container_name:server-hotel OR container_name:server-flight OR container_name:conductor-server}",container_name:server-hotel,2025-01-20T02:37:10.000Z,17983616.697754
"avg:container.cpu.usage{container_name:server-hotel OR container_name:server-flight OR container_name:conductor-server}",container_name:server-hotel,2025-01-20T02:37:25.000Z,23937377.405755
"avg:container.cpu.usage{container_name:server-hotel OR container_name:server-flight OR container_name:conductor-server}",container_name:server-hotel,2025-01-20T02:37:40.000Z,27591210.416715
"avg:container.cpu.usage{container_name:server-hotel OR container_name:server-flight OR container_name:conductor-server}",container_name:server-hotel,2025-01-20T02:37:55.000Z,16610039.13782
"avg:container.cpu.usage{container_name:server-hotel OR container_name:server-flight OR container_name:conductor-server}",container_name:server-hotel,2025-01-20T02:38:10.000Z,24336029.021673
"avg:container.cpu.usage{container_name:server-hotel OR container_name:server-flight OR container_name:conductor-server}",container_name:server-hotel,2025-01-20T02:38:25.000Z,25647814.995206
"avg:container.cpu.usage{container_name:server-hotel OR container_name:server-flight OR container_name:conductor-server}",container_name:server-hotel,2025-01-20T02:38:40.000Z,24619131.098323
"avg:container.cpu.usage{container_name:server-hotel OR container_name:server-flight OR container_name:conductor-server}",container_name:server-hotel,2025-01-20T02:38:55.000Z,25352384.577854
"avg:container.cpu.usage{container_name:server-hotel OR container_name:server-flight OR container_name:conductor-server}",container_name:server-hotel,2025-01-20T02:39:10.000Z,25128988.326351
"avg:container.cpu.usage{container_name:server-hotel OR container_name:server-flight OR container_name:conductor-server}",container_name:server-hotel,2025-01-20T02:39:25.000Z,21377063.729152
"avg:container.cpu.usage{container_name:server-hotel OR container_name:server-flight OR container_name:conductor-server}",container_name:server-hotel,2025-01-20T02:39:40.000Z,20323516.856027
"avg:container.cpu.usage{container_name:server-hotel OR container_name:server-flight OR container_name:conductor-server}",container_name:server-hotel,2025-01-20T02:39:55.000Z,22539845.679768
"avg:container.cpu.usage{container_name:server-hotel OR container_name:server-flight OR container_name:conductor-server}",container_name:server-hotel,2025-01-20T02:40:10.000Z,18557161.095874
"avg:container.cpu.usage{container_name:server-hotel OR container_name:server-flight OR container_name:conductor-server}",container_name:server-hotel,2025-01-20T02:40:25.000Z,23620992.188246
"avg:container.cpu.usage{container_name:server-hotel OR container_name:server-flight OR container_name:conductor-server}",container_name:server-hotel,2025-01-20T02:40:40.000Z,23237293.529646
"avg:container.cpu.usage{container_name:server-hotel OR container_name:server-flight OR container_name:conductor-server}",container_name:server-hotel,2025-01-20T02:40:55.000Z,24025614.121285
"avg:container.cpu.usage{container_name:server-hotel OR container_name:server-flight OR container_name:conductor-server}",container_name:server-hotel,2025-01-20T02:41:10.000Z,23125915.011463
"avg:container.cpu.usage{container_name:server-hotel OR container_name:server-flight OR container_name:conductor-server}",container_name:server-hotel,2025-01-20T02:41:25.000Z,15525441.728688
"avg:container.cpu.usage{container_name:server-hotel OR container_name:server-flight OR container_name:conductor-server}",container_name:server-hotel,2025-01-20T02:41:40.000Z,23075577.444382
"avg:container.cpu.usage{container_name:server-hotel OR container_name:server-flight OR container_name:conductor-server}",container_name:server-hotel,2025-01-20T02:41:55.000Z,24701770.131955
"avg:container.cpu.usage{container_name:server-hotel OR container_name:server-flight OR container_name:conductor-server}",container_name:server-hotel,2025-01-20T02:42:10.000Z,32814155.004106
"avg:container.cpu.usage{container_name:server-hotel OR container_name:server-flight OR container_name:conductor-server}",container_name:server-hotel,2025-01-20T02:42:25.000Z,21466395.586376
"avg:container.cpu.usage{container_name:server-hotel OR container_name:server-flight OR container_name:conductor-server}",container_name:server-hotel,2025-01-20T02:42:40.000Z,22596938.156974
"avg:container.cpu.usage{container_name:server-hotel OR container_name:server-flight OR container_name:conductor-server}",container_name:server-hotel,2025-01-20T02:42:55.000Z,17288216.200386
"avg:container.cpu.usage{container_name:server-hotel OR container_name:server-flight OR container_name:conductor-server}",container_name:server-hotel,2025-01-20T02:43:10.000Z,25729252.756423
"avg:container.cpu.usage{container_name:server-hotel OR container_name:server-flight OR container_name:conductor-server}",container_name:server-hotel,2025-01-20T02:43:25.000Z,55867323.915774
"avg:container.cpu.usage{container_name:server-hotel OR container_name:server-flight OR container_name:conductor-server}",container_name:server-hotel,2025-01-20T02:43:40.000Z,46495392.838136
"avg:container.cpu.usage{container_name:server-hotel OR container_name:server-flight OR container_name:conductor-server}",container_name:server-hotel,2025-01-20T02:43:55.000Z,10572161.264794
"avg:container.cpu.usage{container_name:server-hotel OR container_name:server-flight OR container_name:conductor-server}",container_name:server-hotel,2025-01-20T02:44:10.000Z,3008947.349011
"avg:container.cpu.usage{container_name:server-hotel OR container_name:server-flight OR container_name:conductor-server}",container_name:server-hotel,2025-01-20T02:44:25.000Z,2212956.187224
"avg:container.cpu.usage{container_name:server-hotel OR container_name:server-flight OR container_name:conductor-server}",container_name:server-hotel,2025-01-20T02:44:40.000Z,2929658.070878
"avg:container.cpu.usage{container_name:server-hotel OR container_name:server-flight OR container_name:conductor-server}",container_name:server-hotel,2025-01-20T02:44:55.000Z,2628108.978741
"avg:container.cpu.usage{container_name:server-hotel OR container_name:server-flight OR container_name:conductor-server}",container_name:server-hotel,2025-01-20T02:45:10.000Z,2592285.377464
"avg:container.cpu.usage{container_name:server-hotel OR container_name:server-flight OR container_name:conductor-server}",container_name:server-hotel,2025-01-20T02:45:25.000Z,2743957.687426
"avg:container.cpu.usage{container_name:server-hotel OR container_name:server-flight OR container_name:conductor-server}",container_name:server-hotel,2025-01-20T02:45:40.000Z,2765019.436386
"avg:container.cpu.usage{container_name:server-hotel OR container_name:server-flight OR container_name:conductor-server}",container_name:server-hotel,2025-01-20T02:45:55.000Z,2991928.628361
