query,group,time,value
"avg:workflow_execution.avg{*}",workflowname:travel_booking_http_saga_wf,2025-01-20T02:26:00.000Z,57562.76
"avg:workflow_execution.avg{*}",workflowname:travel_booking_http_saga_wf,2025-01-20T02:26:05.000Z,0
"avg:workflow_execution.avg{*}",workflowname:travel_booking_http_saga_wf,2025-01-20T02:26:10.000Z,0
"avg:workflow_execution.avg{*}",workflowname:travel_booking_http_saga_wf,2025-01-20T02:26:15.000Z,0
"avg:workflow_execution.avg{*}",workflowname:travel_booking_http_saga_wf,2025-01-20T02:26:20.000Z,0
"avg:workflow_execution.avg{*}",workflowname:travel_booking_http_saga_wf,2025-01-20T02:26:25.000Z,0
"avg:workflow_execution.avg{*}",workflowname:travel_booking_http_saga_wf,2025-01-20T02:26:30.000Z,50489.4
"avg:workflow_execution.avg{*}",workflowname:travel_booking_http_saga_wf,2025-01-20T02:26:35.000Z,52037.6
"avg:workflow_execution.avg{*}",workflowname:travel_booking_http_saga_wf,2025-01-20T02:26:40.000Z,0
"avg:workflow_execution.avg{*}",workflowname:travel_booking_http_saga_wf,2025-01-20T02:26:45.000Z,0
"avg:workflow_execution.avg{*}",workflowname:travel_booking_http_saga_wf,2025-01-20T02:26:50.000Z,0
"avg:workflow_execution.avg{*}",workflowname:travel_booking_http_saga_wf,2025-01-20T02:26:55.000Z,0
"avg:workflow_execution.avg{*}",workflowname:travel_booking_http_saga_wf,2025-01-20T02:27:00.000Z,0
"avg:workflow_execution.avg{*}",workflowname:travel_booking_http_saga_wf,2025-01-20T02:27:05.000Z,0
"avg:workflow_execution.avg{*}",workflowname:travel_booking_http_saga_wf,2025-01-20T02:27:10.000Z,0
"avg:workflow_execution.avg{*}",workflowname:travel_booking_http_saga_wf,2025-01-20T02:27:15.000Z,0
"avg:workflow_execution.avg{*}",workflowname:travel_booking_http_saga_wf,2025-01-20T02:27:20.000Z,0
"avg:workflow_execution.avg{*}",workflowname:travel_booking_http_saga_wf,2025-01-20T02:27:25.000Z,0
"avg:workflow_execution.avg{*}",workflowname:travel_booking_http_saga_wf,2025-01-20T02:27:30.000Z,0
"avg:workflow_execution.avg{*}",workflowname:travel_booking_http_saga_wf,2025-01-20T02:27:35.000Z,0
"avg:workflow_execution.avg{*}",workflowname:travel_booking_http_saga_wf,2025-01-20T02:27:40.000Z,0
"avg:workflow_execution.avg{*}",workflowname:travel_booking_http_saga_wf,2025-01-20T02:27:45.000Z,40020.733333
"avg:workflow_execution.avg{*}",workflowname:travel_booking_http_saga_wf,2025-01-20T02:27:50.000Z,0
"avg:workflow_execution.avg{*}",workflowname:travel_booking_http_saga_wf,2025-01-20T02:27:55.000Z,0
"avg:workflow_execution.avg{*}",workflowname:travel_booking_http_saga_wf,2025-01-20T02:28:00.000Z,0
"avg:workflow_execution.avg{*}",workflowname:travel_booking_http_saga_wf,2025-01-20T02:28:05.000Z,0
"avg:workflow_execution.avg{*}",workflowname:travel_booking_http_saga_wf,2025-01-20T02:28:10.000Z,0
"avg:workflow_execution.avg{*}",workflowname:travel_booking_http_saga_wf,2025-01-20T02:28:15.000Z,0
"avg:workflow_execution.avg{*}",workflowname:travel_booking_http_saga_wf,2025-01-20T02:28:20.000Z,0
"avg:workflow_execution.avg{*}",workflowname:travel_booking_http_saga_wf,2025-01-20T02:28:25.000Z,48748.2
"avg:workflow_execution.avg{*}",workflowname:travel_booking_http_saga_wf,2025-01-20T02:28:30.000Z,0
"avg:workflow_execution.avg{*}",workflowname:travel_booking_http_saga_wf,2025-01-20T02:28:35.000Z,0
"avg:workflow_execution.avg{*}",workflowname:travel_booking_http_saga_wf,2025-01-20T02:28:40.000Z,0
"avg:workflow_execution.avg{*}",workflowname:travel_booking_http_saga_wf,2025-01-20T02:28:45.000Z,103962.4
"avg:workflow_execution.avg{*}",workflowname:travel_booking_http_saga_wf,2025-01-20T02:28:50.000Z,0
"avg:workflow_execution.avg{*}",workflowname:travel_booking_http_saga_wf,2025-01-20T02:28:55.000Z,0
"avg:workflow_execution.avg{*}",workflowname:travel_booking_http_saga_wf,2025-01-20T02:29:00.000Z,0
"avg:workflow_execution.avg{*}",workflowname:travel_booking_http_saga_wf,2025-01-20T02:29:05.000Z,0
"avg:workflow_execution.avg{*}",workflowname:travel_booking_http_saga_wf,2025-01-20T02:29:10.000Z,0
"avg:workflow_execution.avg{*}",workflowname:travel_booking_http_saga_wf,2025-01-20T02:29:15.000Z,0
"avg:workflow_execution.avg{*}",workflowname:travel_booking_http_saga_wf,2025-01-20T02:29:20.000Z,58897.9
"avg:workflow_execution.avg{*}",workflowname:travel_booking_http_saga_wf,2025-01-20T02:29:25.000Z,0
"avg:workflow_execution.avg{*}",workflowname:travel_booking_http_saga_wf,2025-01-20T02:29:30.000Z,0
"avg:workflow_execution.avg{*}",workflowname:travel_booking_http_saga_wf,2025-01-20T02:29:35.000Z,0
"avg:workflow_execution.avg{*}",workflowname:travel_booking_http_saga_wf,2025-01-20T02:29:40.000Z,62958.4
"avg:workflow_execution.avg{*}",workflowname:travel_booking_http_saga_wf,2025-01-20T02:29:45.000Z,0
"avg:workflow_execution.avg{*}",workflowname:travel_booking_http_saga_wf,2025-01-20T02:29:50.000Z,0
"avg:workflow_execution.avg{*}",workflowname:travel_booking_http_saga_wf,2025-01-20T02:29:55.000Z,0
"avg:workflow_execution.avg{*}",workflowname:travel_booking_http_saga_wf,2025-01-20T02:30:00.000Z,0
"avg:workflow_execution.avg{*}",workflowname:travel_booking_http_saga_wf,2025-01-20T02:30:05.000Z,0
"avg:workflow_execution.avg{*}",workflowname:travel_booking_http_saga_wf,2025-01-20T02:30:10.000Z,0
"avg:workflow_execution.avg{*}",workflowname:travel_booking_http_saga_wf,2025-01-20T02:30:15.000Z,0
"avg:workflow_execution.avg{*}",workflowname:travel_booking_http_saga_wf,2025-01-20T02:30:20.000Z,0
"avg:workflow_execution.avg{*}",workflowname:travel_booking_http_saga_wf,2025-01-20T02:30:25.000Z,72826.8
"avg:workflow_execution.avg{*}",workflowname:travel_booking_http_saga_wf,2025-01-20T02:30:30.000Z,0
"avg:workflow_execution.avg{*}",workflowname:travel_booking_http_saga_wf,2025-01-20T02:30:35.000Z,0
"avg:workflow_execution.avg{*}",workflowname:travel_booking_http_saga_wf,2025-01-20T02:30:40.000Z,0
"avg:workflow_execution.avg{*}",workflowname:travel_booking_http_saga_wf,2025-01-20T02:30:45.000Z,0
"avg:workflow_execution.avg{*}",workflowname:travel_booking_http_saga_wf,2025-01-20T02:30:50.000Z,155136.166667
"avg:workflow_execution.avg{*}",workflowname:travel_booking_http_saga_wf,2025-01-20T02:30:55.000Z,0
"avg:workflow_execution.avg{*}",workflowname:travel_booking_http_saga_wf,2025-01-20T02:31:00.000Z,0
"avg:workflow_execution.avg{*}",workflowname:travel_booking_http_saga_wf,2025-01-20T02:31:05.000Z,0
"avg:workflow_execution.avg{*}",workflowname:travel_booking_http_saga_wf,2025-01-20T02:31:10.000Z,0
"avg:workflow_execution.avg{*}",workflowname:travel_booking_http_saga_wf,2025-01-20T02:31:15.000Z,0
"avg:workflow_execution.avg{*}",workflowname:travel_booking_http_saga_wf,2025-01-20T02:31:20.000Z,0
"avg:workflow_execution.avg{*}",workflowname:travel_booking_http_saga_wf,2025-01-20T02:31:25.000Z,84437.4
"avg:workflow_execution.avg{*}",workflowname:travel_booking_http_saga_wf,2025-01-20T02:31:30.000Z,0
"avg:workflow_execution.avg{*}",workflowname:travel_booking_http_saga_wf,2025-01-20T02:31:35.000Z,0
"avg:workflow_execution.avg{*}",workflowname:travel_booking_http_saga_wf,2025-01-20T02:31:40.000Z,86921.3
"avg:workflow_execution.avg{*}",workflowname:travel_booking_http_saga_wf,2025-01-20T02:31:45.000Z,88608.066667
"avg:workflow_execution.avg{*}",workflowname:travel_booking_http_saga_wf,2025-01-20T02:31:50.000Z,0
"avg:workflow_execution.avg{*}",workflowname:travel_booking_http_saga_wf,2025-01-20T02:31:55.000Z,0
"avg:workflow_execution.avg{*}",workflowname:travel_booking_http_saga_wf,2025-01-20T02:32:00.000Z,0
"avg:workflow_execution.avg{*}",workflowname:travel_booking_http_saga_wf,2025-01-20T02:32:05.000Z,92086.64
"avg:workflow_execution.avg{*}",workflowname:travel_booking_http_saga_wf,2025-01-20T02:32:10.000Z,0
"avg:workflow_execution.avg{*}",workflowname:travel_booking_http_saga_wf,2025-01-20T02:32:15.000Z,94272.8
"avg:workflow_execution.avg{*}",workflowname:travel_booking_http_saga_wf,2025-01-20T02:32:20.000Z,0
"avg:workflow_execution.avg{*}",workflowname:travel_booking_http_saga_wf,2025-01-20T02:32:25.000Z,0
"avg:workflow_execution.avg{*}",workflowname:travel_booking_http_saga_wf,2025-01-20T02:32:30.000Z,97457.6
"avg:workflow_execution.avg{*}",workflowname:travel_booking_http_saga_wf,2025-01-20T02:32:35.000Z,0
"avg:workflow_execution.avg{*}",workflowname:travel_booking_http_saga_wf,2025-01-20T02:32:40.000Z,0
"avg:workflow_execution.avg{*}",workflowname:travel_booking_http_saga_wf,2025-01-20T02:32:45.000Z,0
"avg:workflow_execution.avg{*}",workflowname:travel_booking_http_saga_wf,2025-01-20T02:32:50.000Z,0
"avg:workflow_execution.avg{*}",workflowname:travel_booking_http_saga_wf,2025-01-20T02:32:55.000Z,0
"avg:workflow_execution.avg{*}",workflowname:travel_booking_http_saga_wf,2025-01-20T02:33:00.000Z,102908.8
"avg:workflow_execution.avg{*}",workflowname:travel_booking_http_saga_wf,2025-01-20T02:33:05.000Z,0
"avg:workflow_execution.avg{*}",workflowname:travel_booking_http_saga_wf,2025-01-20T02:33:10.000Z,0
"avg:workflow_execution.avg{*}",workflowname:travel_booking_http_saga_wf,2025-01-20T02:33:15.000Z,0
"avg:workflow_execution.avg{*}",workflowname:travel_booking_http_saga_wf,2025-01-20T02:33:20.000Z,0
"avg:workflow_execution.avg{*}",workflowname:travel_booking_http_saga_wf,2025-01-20T02:33:25.000Z,0
"avg:workflow_execution.avg{*}",workflowname:travel_booking_http_saga_wf,2025-01-20T02:33:30.000Z,0
"avg:workflow_execution.avg{*}",workflowname:travel_booking_http_saga_wf,2025-01-20T02:33:35.000Z,110052.2
"avg:workflow_execution.avg{*}",workflowname:travel_booking_http_saga_wf,2025-01-20T02:33:40.000Z,111313.514286
"avg:workflow_execution.avg{*}",workflowname:travel_booking_http_saga_wf,2025-01-20T02:33:45.000Z,0
"avg:workflow_execution.avg{*}",workflowname:travel_booking_http_saga_wf,2025-01-20T02:33:50.000Z,0
"avg:workflow_execution.avg{*}",workflowname:travel_booking_http_saga_wf,2025-01-20T02:33:55.000Z,114325.6
"avg:workflow_execution.avg{*}",workflowname:travel_booking_http_saga_wf,2025-01-20T02:34:00.000Z,114907.2
"avg:workflow_execution.avg{*}",workflowname:travel_booking_http_saga_wf,2025-01-20T02:34:05.000Z,0
"avg:workflow_execution.avg{*}",workflowname:travel_booking_http_saga_wf,2025-01-20T02:34:10.000Z,0
"avg:workflow_execution.avg{*}",workflowname:travel_booking_http_saga_wf,2025-01-20T02:34:15.000Z,0
"avg:workflow_execution.avg{*}",workflowname:travel_booking_http_saga_wf,2025-01-20T02:34:20.000Z,477588.156923
"avg:workflow_execution.avg{*}",workflowname:travel_booking_http_saga_wf,2025-01-20T02:34:25.000Z,481503.270833
"avg:workflow_execution.avg{*}",workflowname:travel_booking_http_saga_wf,2025-01-20T02:34:30.000Z,485722.939951
"avg:workflow_execution.avg{*}",workflowname:travel_booking_http_saga_wf,2025-01-20T02:34:35.000Z,242776.357143
"avg:workflow_execution.avg{*}",workflowname:travel_booking_http_saga_wf,2025-01-20T02:34:40.000Z,365927.559091
"avg:workflow_execution.avg{*}",workflowname:travel_booking_http_saga_wf,2025-01-20T02:34:45.000Z,491484.537662
"avg:workflow_execution.avg{*}",workflowname:travel_booking_http_saga_wf,2025-01-20T02:34:50.000Z,371390.264967
"avg:workflow_execution.avg{*}",workflowname:travel_booking_http_saga_wf,2025-01-20T02:34:55.000Z,621337.182857
"avg:workflow_execution.avg{*}",workflowname:travel_booking_http_saga_wf,2025-01-20T02:35:00.000Z,626043.358333
"avg:workflow_execution.avg{*}",workflowname:travel_booking_http_saga_wf,2025-01-20T02:35:05.000Z,630783.748333
"avg:workflow_execution.avg{*}",workflowname:travel_booking_http_saga_wf,2025-01-20T02:35:10.000Z,508378.995897
"avg:workflow_execution.avg{*}",workflowname:travel_booking_http_saga_wf,2025-01-20T02:35:15.000Z,383868.657143
"avg:workflow_execution.avg{*}",workflowname:travel_booking_http_saga_wf,2025-01-20T02:35:20.000Z,386637.87
"avg:workflow_execution.avg{*}",workflowname:travel_booking_http_saga_wf,2025-01-20T02:35:25.000Z,388846.153333
"avg:workflow_execution.avg{*}",workflowname:travel_booking_http_saga_wf,2025-01-20T02:35:30.000Z,391907.126471
"avg:workflow_execution.avg{*}",workflowname:travel_booking_http_saga_wf,2025-01-20T02:35:35.000Z,263893.466667
"avg:workflow_execution.avg{*}",workflowname:travel_booking_http_saga_wf,2025-01-20T02:35:40.000Z,661641.007738
"avg:workflow_execution.avg{*}",workflowname:travel_booking_http_saga_wf,2025-01-20T02:35:45.000Z,666356.631373
"avg:workflow_execution.avg{*}",workflowname:travel_booking_http_saga_wf,2025-01-20T02:35:50.000Z,670741.421978
"avg:workflow_execution.avg{*}",workflowname:travel_booking_http_saga_wf,2025-01-20T02:35:55.000Z,674899.107121
"avg:workflow_execution.avg{*}",workflowname:travel_booking_http_saga_wf,2025-01-20T02:36:00.000Z,271987.9
"avg:workflow_execution.avg{*}",workflowname:travel_booking_http_saga_wf,2025-01-20T02:36:05.000Z,547628.580882
"avg:workflow_execution.avg{*}",workflowname:travel_booking_http_saga_wf,2025-01-20T02:36:10.000Z,551365.215238
"avg:workflow_execution.avg{*}",workflowname:travel_booking_http_saga_wf,2025-01-20T02:36:15.000Z,416137.055615
"avg:workflow_execution.avg{*}",workflowname:travel_booking_http_saga_wf,2025-01-20T02:36:20.000Z,558421.148214
"avg:workflow_execution.avg{*}",workflowname:travel_booking_http_saga_wf,2025-01-20T02:36:25.000Z,562668.057983
"avg:workflow_execution.avg{*}",workflowname:travel_booking_http_saga_wf,2025-01-20T02:36:30.000Z,283349.225
"avg:workflow_execution.avg{*}",workflowname:travel_booking_http_saga_wf,2025-01-20T02:36:35.000Z,570401.1975
"avg:workflow_execution.avg{*}",workflowname:travel_booking_http_saga_wf,2025-01-20T02:36:40.000Z,716886.658095
"avg:workflow_execution.avg{*}",workflowname:travel_booking_http_saga_wf,2025-01-20T02:36:45.000Z,577205.233333
"avg:workflow_execution.avg{*}",workflowname:travel_booking_http_saga_wf,2025-01-20T02:36:50.000Z,436018.178205
"avg:workflow_execution.avg{*}",workflowname:travel_booking_http_saga_wf,2025-01-20T02:36:55.000Z,584482.834545
"avg:workflow_execution.avg{*}",workflowname:travel_booking_http_saga_wf,2025-01-20T02:37:00.000Z,589095.284524
"avg:workflow_execution.avg{*}",workflowname:travel_booking_http_saga_wf,2025-01-20T02:37:05.000Z,739624.543333
"avg:workflow_execution.avg{*}",workflowname:travel_booking_http_saga_wf,2025-01-20T02:37:10.000Z,595522.637879
"avg:workflow_execution.avg{*}",workflowname:travel_booking_http_saga_wf,2025-01-20T02:37:15.000Z,749456.450909
"avg:workflow_execution.avg{*}",workflowname:travel_booking_http_saga_wf,2025-01-20T02:37:20.000Z,452955.56
"avg:workflow_execution.avg{*}",workflowname:travel_booking_http_saga_wf,2025-01-20T02:37:25.000Z,607230.004622
"avg:workflow_execution.avg{*}",workflowname:travel_booking_http_saga_wf,2025-01-20T02:37:30.000Z,762885.023333
"avg:workflow_execution.avg{*}",workflowname:travel_booking_http_saga_wf,2025-01-20T02:37:35.000Z,768010.942125
"avg:workflow_execution.avg{*}",workflowname:travel_booking_http_saga_wf,2025-01-20T02:37:40.000Z,463782.793808
"avg:workflow_execution.avg{*}",workflowname:travel_booking_http_saga_wf,2025-01-20T02:37:45.000Z,621543.983333
"avg:workflow_execution.avg{*}",workflowname:travel_booking_http_saga_wf,2025-01-20T02:37:50.000Z,313034.811818
"avg:workflow_execution.avg{*}",workflowname:travel_booking_http_saga_wf,2025-01-20T02:37:55.000Z,786823.612222
"avg:workflow_execution.avg{*}",workflowname:travel_booking_http_saga_wf,2025-01-20T02:38:00.000Z,791302.911688
"avg:workflow_execution.avg{*}",workflowname:travel_booking_http_saga_wf,2025-01-20T02:38:05.000Z,636968.912821
"avg:workflow_execution.avg{*}",workflowname:travel_booking_http_saga_wf,2025-01-20T02:38:10.000Z,480618.701212
"avg:workflow_execution.avg{*}",workflowname:travel_booking_http_saga_wf,2025-01-20T02:38:15.000Z,483040.249231
"avg:workflow_execution.avg{*}",workflowname:travel_booking_http_saga_wf,2025-01-20T02:38:20.000Z,809950.863169
"avg:workflow_execution.avg{*}",workflowname:travel_booking_http_saga_wf,2025-01-20T02:38:25.000Z,488085.244444
"avg:workflow_execution.avg{*}",workflowname:travel_booking_http_saga_wf,2025-01-20T02:38:30.000Z,654936.831429
"avg:workflow_execution.avg{*}",workflowname:travel_booking_http_saga_wf,2025-01-20T02:38:35.000Z,658989.494958
"avg:workflow_execution.avg{*}",workflowname:travel_booking_http_saga_wf,2025-01-20T02:38:40.000Z,662187.407372
"avg:workflow_execution.avg{*}",workflowname:travel_booking_http_saga_wf,2025-01-20T02:38:45.000Z,666590.246667
"avg:workflow_execution.avg{*}",workflowname:travel_booking_http_saga_wf,2025-01-20T02:38:50.000Z,502684.463743
"avg:workflow_execution.avg{*}",workflowname:travel_booking_http_saga_wf,2025-01-20T02:38:55.000Z,841761.974405
"avg:workflow_execution.avg{*}",workflowname:travel_booking_http_saga_wf,2025-01-20T02:39:00.000Z,676848.156863
"avg:workflow_execution.avg{*}",workflowname:travel_booking_http_saga_wf,2025-01-20T02:39:05.000Z,510902.6
"avg:workflow_execution.avg{*}",workflowname:travel_booking_http_saga_wf,2025-01-20T02:39:10.000Z,684695.601619
"avg:workflow_execution.avg{*}",workflowname:travel_booking_http_saga_wf,2025-01-20T02:39:15.000Z,859972.532073
"avg:workflow_execution.avg{*}",workflowname:travel_booking_http_saga_wf,2025-01-20T02:39:20.000Z,864988.286667
"avg:workflow_execution.avg{*}",workflowname:travel_booking_http_saga_wf,2025-01-20T02:39:25.000Z,522172.021074
"avg:workflow_execution.avg{*}",workflowname:travel_booking_http_saga_wf,2025-01-20T02:39:30.000Z,350073.003846
"avg:workflow_execution.avg{*}",workflowname:travel_booking_http_saga_wf,2025-01-20T02:39:35.000Z,879144.25
"avg:workflow_execution.avg{*}",workflowname:travel_booking_http_saga_wf,2025-01-20T02:39:40.000Z,707037.502165
"avg:workflow_execution.avg{*}",workflowname:travel_booking_http_saga_wf,2025-01-20T02:39:45.000Z,710703.843333
"avg:workflow_execution.avg{*}",workflowname:travel_booking_http_saga_wf,2025-01-20T02:39:50.000Z,714726.811818
"avg:workflow_execution.avg{*}",workflowname:travel_booking_http_saga_wf,2025-01-20T02:39:55.000Z,358548.45
"avg:workflow_execution.avg{*}",workflowname:travel_booking_http_saga_wf,2025-01-20T02:40:00.000Z,541981.204762
"avg:workflow_execution.avg{*}",workflowname:travel_booking_http_saga_wf,2025-01-20T02:40:05.000Z,907112.208333
"avg:workflow_execution.avg{*}",workflowname:travel_booking_http_saga_wf,2025-01-20T02:40:10.000Z,729813.115
"avg:workflow_execution.avg{*}",workflowname:travel_booking_http_saga_wf,2025-01-20T02:40:15.000Z,733463.462698
"avg:workflow_execution.avg{*}",workflowname:travel_booking_http_saga_wf,2025-01-20T02:40:20.000Z,553153.501754
"avg:workflow_execution.avg{*}",workflowname:travel_booking_http_saga_wf,2025-01-20T02:40:25.000Z,741084.990152
"avg:workflow_execution.avg{*}",workflowname:travel_booking_http_saga_wf,2025-01-20T02:40:30.000Z,558168.105714
"avg:workflow_execution.avg{*}",workflowname:travel_booking_http_saga_wf,2025-01-20T02:40:35.000Z,561488.980032
"avg:workflow_execution.avg{*}",workflowname:travel_booking_http_saga_wf,2025-01-20T02:40:40.000Z,563968.951765
"avg:workflow_execution.avg{*}",workflowname:travel_booking_http_saga_wf,2025-01-20T02:40:45.000Z,567680.621569
"avg:workflow_execution.avg{*}",workflowname:travel_booking_http_saga_wf,2025-01-20T02:40:50.000Z,949679.657576
"avg:workflow_execution.avg{*}",workflowname:travel_booking_http_saga_wf,2025-01-20T02:40:55.000Z,573108.658442
"avg:workflow_execution.avg{*}",workflowname:travel_booking_http_saga_wf,2025-01-20T02:41:00.000Z,959931.800556
"avg:workflow_execution.avg{*}",workflowname:travel_booking_http_saga_wf,2025-01-20T02:41:05.000Z,385606.619118
"avg:workflow_execution.avg{*}",workflowname:travel_booking_http_saga_wf,2025-01-20T02:41:10.000Z,774954.630303
"avg:workflow_execution.avg{*}",workflowname:travel_booking_http_saga_wf,2025-01-20T02:41:15.000Z,779033.120833
"avg:workflow_execution.avg{*}",workflowname:travel_booking_http_saga_wf,2025-01-20T02:41:20.000Z,783215.288889
"avg:workflow_execution.avg{*}",workflowname:travel_booking_http_saga_wf,2025-01-20T02:41:25.000Z,393047.442424
"avg:workflow_execution.avg{*}",workflowname:travel_booking_http_saga_wf,2025-01-20T02:41:30.000Z,987519.870192
"avg:workflow_execution.avg{*}",workflowname:travel_booking_http_saga_wf,2025-01-20T02:41:35.000Z,794343.86208
"avg:workflow_execution.avg{*}",workflowname:travel_booking_http_saga_wf,2025-01-20T02:41:40.000Z,797705.063158
"avg:workflow_execution.avg{*}",workflowname:travel_booking_http_saga_wf,2025-01-20T02:41:45.000Z,1001789.150327
"avg:workflow_execution.avg{*}",workflowname:travel_booking_http_saga_wf,2025-01-20T02:41:50.000Z,1006686.355882
"avg:workflow_execution.avg{*}",workflowname:travel_booking_http_saga_wf,2025-01-20T02:41:55.000Z,809174.532121
"avg:workflow_execution.avg{*}",workflowname:travel_booking_http_saga_wf,2025-01-20T02:42:00.000Z,1016461.192366
"avg:workflow_execution.avg{*}",workflowname:travel_booking_http_saga_wf,2025-01-20T02:42:05.000Z,816971.733987
"avg:workflow_execution.avg{*}",workflowname:travel_booking_http_saga_wf,2025-01-20T02:42:10.000Z,614812.294505
"avg:workflow_execution.avg{*}",workflowname:travel_booking_http_saga_wf,2025-01-20T02:42:15.000Z,1030056.658225
"avg:workflow_execution.avg{*}",workflowname:travel_booking_http_saga_wf,2025-01-20T02:42:20.000Z,827921.800952
"avg:workflow_execution.avg{*}",workflowname:travel_booking_http_saga_wf,2025-01-20T02:42:25.000Z,623835.835556
"avg:workflow_execution.avg{*}",workflowname:travel_booking_http_saga_wf,2025-01-20T02:42:30.000Z,1044347.453246
"avg:workflow_execution.avg{*}",workflowname:travel_booking_http_saga_wf,2025-01-20T02:42:35.000Z,1049152.490476
"avg:workflow_execution.avg{*}",workflowname:travel_booking_http_saga_wf,2025-01-20T02:42:40.000Z,1053867.254116
"avg:workflow_execution.avg{*}",workflowname:travel_booking_http_saga_wf,2025-01-20T02:42:45.000Z,847337.825
"avg:workflow_execution.avg{*}",workflowname:travel_booking_http_saga_wf,2025-01-20T02:42:50.000Z,851357.326667
"avg:workflow_execution.avg{*}",workflowname:travel_booking_http_saga_wf,2025-01-20T02:42:55.000Z,854375.48
"avg:workflow_execution.avg{*}",workflowname:travel_booking_http_saga_wf,2025-01-20T02:43:00.000Z,1072859.893182
"avg:workflow_execution.avg{*}",workflowname:travel_booking_http_saga_wf,2025-01-20T02:43:05.000Z,1078023.053333
"avg:workflow_execution.avg{*}",workflowname:travel_booking_http_saga_wf,2025-01-20T02:43:10.000Z,216211.8
"avg:workflow_execution.avg{*}",workflowname:travel_booking_http_saga_wf,2025-01-20T02:43:15.000Z,0
"avg:workflow_execution.avg{*}",workflowname:travel_booking_http_saga_wf,2025-01-20T02:43:20.000Z,0
"avg:workflow_execution.avg{*}",workflowname:travel_booking_http_saga_wf,2025-01-20T02:43:25.000Z,0
"avg:workflow_execution.avg{*}",workflowname:travel_booking_http_saga_wf,2025-01-20T02:43:30.000Z,0
"avg:workflow_execution.avg{*}",workflowname:travel_booking_http_saga_wf,2025-01-20T02:43:35.000Z,0
"avg:workflow_execution.avg{*}",workflowname:travel_booking_http_saga_wf,2025-01-20T02:43:40.000Z,0
"avg:workflow_execution.avg{*}",workflowname:travel_booking_http_saga_wf,2025-01-20T02:43:45.000Z,0
"avg:workflow_execution.avg{*}",workflowname:travel_booking_http_saga_wf,2025-01-20T02:43:50.000Z,0
"avg:workflow_execution.avg{*}",workflowname:travel_booking_http_saga_wf,2025-01-20T02:43:55.000Z,0
"avg:workflow_execution.avg{*}",workflowname:travel_booking_http_saga_wf,2025-01-20T02:44:00.000Z,0
"avg:workflow_execution.avg{*}",workflowname:travel_booking_http_saga_wf,2025-01-20T02:44:05.000Z,0
"avg:workflow_execution.avg{*}",workflowname:travel_booking_http_saga_wf,2025-01-20T02:44:10.000Z,0
"avg:workflow_execution.avg{*}",workflowname:travel_booking_http_saga_wf,2025-01-20T02:44:15.000Z,0
"avg:workflow_execution.avg{*}",workflowname:travel_booking_http_saga_wf,2025-01-20T02:44:20.000Z,0
"avg:workflow_execution.avg{*}",workflowname:travel_booking_http_saga_wf,2025-01-20T02:44:25.000Z,0
"avg:workflow_execution.avg{*}",workflowname:travel_booking_http_saga_wf,2025-01-20T02:44:30.000Z,0
"avg:workflow_execution.avg{*}",workflowname:travel_booking_http_saga_wf,2025-01-20T02:44:35.000Z,0
"avg:workflow_execution.avg{*}",workflowname:travel_booking_http_saga_wf,2025-01-20T02:44:40.000Z,0
"avg:workflow_execution.avg{*}",workflowname:travel_booking_http_saga_wf,2025-01-20T02:44:45.000Z,0
"avg:workflow_execution.avg{*}",workflowname:travel_booking_http_saga_wf,2025-01-20T02:44:50.000Z,0
"avg:workflow_execution.avg{*}",workflowname:travel_booking_http_saga_wf,2025-01-20T02:44:55.000Z,0
"avg:workflow_execution.avg{*}",workflowname:travel_booking_http_saga_wf,2025-01-20T02:45:00.000Z,0
"avg:workflow_execution.avg{*}",workflowname:travel_booking_http_saga_wf,2025-01-20T02:45:05.000Z,0
"avg:workflow_execution.avg{*}",workflowname:travel_booking_http_saga_wf,2025-01-20T02:45:10.000Z,0
"avg:workflow_execution.avg{*}",workflowname:travel_booking_http_saga_wf,2025-01-20T02:45:15.000Z,0
"avg:workflow_execution.avg{*}",workflowname:travel_booking_http_saga_wf,2025-01-20T02:45:20.000Z,0
"avg:workflow_execution.avg{*}",workflowname:travel_booking_http_saga_wf,2025-01-20T02:45:25.000Z,0
"avg:workflow_execution.avg{*}",workflowname:travel_booking_http_saga_wf,2025-01-20T02:45:30.000Z,0
"avg:workflow_execution.avg{*}",workflowname:travel_booking_http_saga_wf,2025-01-20T02:45:35.000Z,0
"avg:workflow_execution.avg{*}",workflowname:travel_booking_http_saga_wf,2025-01-20T02:45:40.000Z,0
"avg:workflow_execution.avg{*}",workflowname:travel_booking_http_saga_wf,2025-01-20T02:45:45.000Z,0
"avg:workflow_execution.avg{*}",workflowname:travel_booking_http_saga_wf,2025-01-20T02:45:50.000Z,0
"avg:workflow_execution.avg{*}",workflowname:travel_booking_http_saga_wf,2025-01-20T02:45:55.000Z,0
"avg:workflow_execution.avg{*}",workflowname:travel_booking_http_saga_wf,2025-01-20T02:46:00.000Z,0
"avg:workflow_execution.avg{*}",workflowname:cancel_flight_booking_sub_wf,2025-01-20T02:26:00.000Z,45922.430556
"avg:workflow_execution.avg{*}",workflowname:cancel_flight_booking_sub_wf,2025-01-20T02:26:05.000Z,47273.090278
"avg:workflow_execution.avg{*}",workflowname:cancel_flight_booking_sub_wf,2025-01-20T02:26:10.000Z,48623.75
"avg:workflow_execution.avg{*}",workflowname:cancel_flight_booking_sub_wf,2025-01-20T02:26:15.000Z,49974.409722
"avg:workflow_execution.avg{*}",workflowname:cancel_flight_booking_sub_wf,2025-01-20T02:26:20.000Z,51325.069444
"avg:workflow_execution.avg{*}",workflowname:cancel_flight_booking_sub_wf,2025-01-20T02:26:25.000Z,52675.729167
"avg:workflow_execution.avg{*}",workflowname:cancel_flight_booking_sub_wf,2025-01-20T02:26:30.000Z,54026.388889
"avg:workflow_execution.avg{*}",workflowname:cancel_flight_booking_sub_wf,2025-01-20T02:26:35.000Z,55377.048611
"avg:workflow_execution.avg{*}",workflowname:cancel_flight_booking_sub_wf,2025-01-20T02:26:40.000Z,56727.708333
"avg:workflow_execution.avg{*}",workflowname:cancel_flight_booking_sub_wf,2025-01-20T02:26:45.000Z,58078.368056
"avg:workflow_execution.avg{*}",workflowname:cancel_flight_booking_sub_wf,2025-01-20T02:26:50.000Z,59429.027778
"avg:workflow_execution.avg{*}",workflowname:cancel_flight_booking_sub_wf,2025-01-20T02:26:55.000Z,60779.6875
"avg:workflow_execution.avg{*}",workflowname:cancel_flight_booking_sub_wf,2025-01-20T02:27:00.000Z,62130.347222
"avg:workflow_execution.avg{*}",workflowname:cancel_flight_booking_sub_wf,2025-01-20T02:27:05.000Z,63481.006944
"avg:workflow_execution.avg{*}",workflowname:cancel_flight_booking_sub_wf,2025-01-20T02:27:10.000Z,64831.666667
"avg:workflow_execution.avg{*}",workflowname:cancel_flight_booking_sub_wf,2025-01-20T02:27:15.000Z,66182.326389
"avg:workflow_execution.avg{*}",workflowname:cancel_flight_booking_sub_wf,2025-01-20T02:27:20.000Z,67532.986111
"avg:workflow_execution.avg{*}",workflowname:cancel_flight_booking_sub_wf,2025-01-20T02:27:25.000Z,68883.645833
"avg:workflow_execution.avg{*}",workflowname:cancel_flight_booking_sub_wf,2025-01-20T02:27:30.000Z,70234.305556
"avg:workflow_execution.avg{*}",workflowname:cancel_flight_booking_sub_wf,2025-01-20T02:27:35.000Z,71584.965278
"avg:workflow_execution.avg{*}",workflowname:cancel_flight_booking_sub_wf,2025-01-20T02:27:40.000Z,72935.625
"avg:workflow_execution.avg{*}",workflowname:cancel_flight_booking_sub_wf,2025-01-20T02:27:45.000Z,74286.284722
"avg:workflow_execution.avg{*}",workflowname:cancel_flight_booking_sub_wf,2025-01-20T02:27:50.000Z,75636.944444
"avg:workflow_execution.avg{*}",workflowname:cancel_flight_booking_sub_wf,2025-01-20T02:27:55.000Z,76987.604167
"avg:workflow_execution.avg{*}",workflowname:cancel_flight_booking_sub_wf,2025-01-20T02:28:00.000Z,78338.263889
"avg:workflow_execution.avg{*}",workflowname:cancel_flight_booking_sub_wf,2025-01-20T02:28:05.000Z,79688.923611
"avg:workflow_execution.avg{*}",workflowname:cancel_flight_booking_sub_wf,2025-01-20T02:28:10.000Z,81039.583333
"avg:workflow_execution.avg{*}",workflowname:cancel_flight_booking_sub_wf,2025-01-20T02:28:15.000Z,N/A
"avg:workflow_execution.avg{*}",workflowname:cancel_flight_booking_sub_wf,2025-01-20T02:28:20.000Z,N/A
"avg:workflow_execution.avg{*}",workflowname:cancel_flight_booking_sub_wf,2025-01-20T02:28:25.000Z,N/A
"avg:workflow_execution.avg{*}",workflowname:cancel_flight_booking_sub_wf,2025-01-20T02:28:30.000Z,N/A
"avg:workflow_execution.avg{*}",workflowname:cancel_flight_booking_sub_wf,2025-01-20T02:28:35.000Z,N/A
"avg:workflow_execution.avg{*}",workflowname:cancel_flight_booking_sub_wf,2025-01-20T02:28:40.000Z,N/A
"avg:workflow_execution.avg{*}",workflowname:cancel_flight_booking_sub_wf,2025-01-20T02:28:45.000Z,N/A
"avg:workflow_execution.avg{*}",workflowname:cancel_flight_booking_sub_wf,2025-01-20T02:28:50.000Z,N/A
"avg:workflow_execution.avg{*}",workflowname:cancel_flight_booking_sub_wf,2025-01-20T02:28:55.000Z,N/A
"avg:workflow_execution.avg{*}",workflowname:cancel_flight_booking_sub_wf,2025-01-20T02:29:00.000Z,N/A
"avg:workflow_execution.avg{*}",workflowname:cancel_flight_booking_sub_wf,2025-01-20T02:29:05.000Z,N/A
"avg:workflow_execution.avg{*}",workflowname:cancel_flight_booking_sub_wf,2025-01-20T02:29:10.000Z,N/A
"avg:workflow_execution.avg{*}",workflowname:cancel_flight_booking_sub_wf,2025-01-20T02:29:15.000Z,N/A
"avg:workflow_execution.avg{*}",workflowname:cancel_flight_booking_sub_wf,2025-01-20T02:29:20.000Z,N/A
"avg:workflow_execution.avg{*}",workflowname:cancel_flight_booking_sub_wf,2025-01-20T02:29:25.000Z,N/A
"avg:workflow_execution.avg{*}",workflowname:cancel_flight_booking_sub_wf,2025-01-20T02:29:30.000Z,N/A
"avg:workflow_execution.avg{*}",workflowname:cancel_flight_booking_sub_wf,2025-01-20T02:29:35.000Z,N/A
"avg:workflow_execution.avg{*}",workflowname:cancel_flight_booking_sub_wf,2025-01-20T02:29:40.000Z,N/A
"avg:workflow_execution.avg{*}",workflowname:cancel_flight_booking_sub_wf,2025-01-20T02:29:45.000Z,N/A
"avg:workflow_execution.avg{*}",workflowname:cancel_flight_booking_sub_wf,2025-01-20T02:29:50.000Z,N/A
"avg:workflow_execution.avg{*}",workflowname:cancel_flight_booking_sub_wf,2025-01-20T02:29:55.000Z,N/A
"avg:workflow_execution.avg{*}",workflowname:cancel_flight_booking_sub_wf,2025-01-20T02:30:00.000Z,N/A
"avg:workflow_execution.avg{*}",workflowname:cancel_flight_booking_sub_wf,2025-01-20T02:30:05.000Z,N/A
"avg:workflow_execution.avg{*}",workflowname:cancel_flight_booking_sub_wf,2025-01-20T02:30:10.000Z,N/A
"avg:workflow_execution.avg{*}",workflowname:cancel_flight_booking_sub_wf,2025-01-20T02:30:15.000Z,N/A
"avg:workflow_execution.avg{*}",workflowname:cancel_flight_booking_sub_wf,2025-01-20T02:30:20.000Z,N/A
"avg:workflow_execution.avg{*}",workflowname:cancel_flight_booking_sub_wf,2025-01-20T02:30:25.000Z,N/A
"avg:workflow_execution.avg{*}",workflowname:cancel_flight_booking_sub_wf,2025-01-20T02:30:30.000Z,N/A
"avg:workflow_execution.avg{*}",workflowname:cancel_flight_booking_sub_wf,2025-01-20T02:30:35.000Z,N/A
"avg:workflow_execution.avg{*}",workflowname:cancel_flight_booking_sub_wf,2025-01-20T02:30:40.000Z,N/A
"avg:workflow_execution.avg{*}",workflowname:cancel_flight_booking_sub_wf,2025-01-20T02:30:45.000Z,N/A
"avg:workflow_execution.avg{*}",workflowname:cancel_flight_booking_sub_wf,2025-01-20T02:30:50.000Z,N/A
"avg:workflow_execution.avg{*}",workflowname:cancel_flight_booking_sub_wf,2025-01-20T02:30:55.000Z,N/A
"avg:workflow_execution.avg{*}",workflowname:cancel_flight_booking_sub_wf,2025-01-20T02:31:00.000Z,N/A
"avg:workflow_execution.avg{*}",workflowname:cancel_flight_booking_sub_wf,2025-01-20T02:31:05.000Z,N/A
"avg:workflow_execution.avg{*}",workflowname:cancel_flight_booking_sub_wf,2025-01-20T02:31:10.000Z,N/A
"avg:workflow_execution.avg{*}",workflowname:cancel_flight_booking_sub_wf,2025-01-20T02:31:15.000Z,N/A
"avg:workflow_execution.avg{*}",workflowname:cancel_flight_booking_sub_wf,2025-01-20T02:31:20.000Z,N/A
"avg:workflow_execution.avg{*}",workflowname:cancel_flight_booking_sub_wf,2025-01-20T02:31:25.000Z,N/A
"avg:workflow_execution.avg{*}",workflowname:cancel_flight_booking_sub_wf,2025-01-20T02:31:30.000Z,N/A
"avg:workflow_execution.avg{*}",workflowname:cancel_flight_booking_sub_wf,2025-01-20T02:31:35.000Z,N/A
"avg:workflow_execution.avg{*}",workflowname:cancel_flight_booking_sub_wf,2025-01-20T02:31:40.000Z,N/A
"avg:workflow_execution.avg{*}",workflowname:cancel_flight_booking_sub_wf,2025-01-20T02:31:45.000Z,N/A
"avg:workflow_execution.avg{*}",workflowname:cancel_flight_booking_sub_wf,2025-01-20T02:31:50.000Z,N/A
"avg:workflow_execution.avg{*}",workflowname:cancel_flight_booking_sub_wf,2025-01-20T02:31:55.000Z,N/A
"avg:workflow_execution.avg{*}",workflowname:cancel_flight_booking_sub_wf,2025-01-20T02:32:00.000Z,N/A
"avg:workflow_execution.avg{*}",workflowname:cancel_flight_booking_sub_wf,2025-01-20T02:32:05.000Z,N/A
"avg:workflow_execution.avg{*}",workflowname:cancel_flight_booking_sub_wf,2025-01-20T02:32:10.000Z,N/A
"avg:workflow_execution.avg{*}",workflowname:cancel_flight_booking_sub_wf,2025-01-20T02:32:15.000Z,N/A
"avg:workflow_execution.avg{*}",workflowname:cancel_flight_booking_sub_wf,2025-01-20T02:32:20.000Z,N/A
"avg:workflow_execution.avg{*}",workflowname:cancel_flight_booking_sub_wf,2025-01-20T02:32:25.000Z,N/A
"avg:workflow_execution.avg{*}",workflowname:cancel_flight_booking_sub_wf,2025-01-20T02:32:30.000Z,N/A
"avg:workflow_execution.avg{*}",workflowname:cancel_flight_booking_sub_wf,2025-01-20T02:32:35.000Z,N/A
"avg:workflow_execution.avg{*}",workflowname:cancel_flight_booking_sub_wf,2025-01-20T02:32:40.000Z,N/A
"avg:workflow_execution.avg{*}",workflowname:cancel_flight_booking_sub_wf,2025-01-20T02:32:45.000Z,N/A
"avg:workflow_execution.avg{*}",workflowname:cancel_flight_booking_sub_wf,2025-01-20T02:32:50.000Z,N/A
"avg:workflow_execution.avg{*}",workflowname:cancel_flight_booking_sub_wf,2025-01-20T02:32:55.000Z,N/A
"avg:workflow_execution.avg{*}",workflowname:cancel_flight_booking_sub_wf,2025-01-20T02:33:00.000Z,N/A
"avg:workflow_execution.avg{*}",workflowname:cancel_flight_booking_sub_wf,2025-01-20T02:33:05.000Z,N/A
"avg:workflow_execution.avg{*}",workflowname:cancel_flight_booking_sub_wf,2025-01-20T02:33:10.000Z,N/A
"avg:workflow_execution.avg{*}",workflowname:cancel_flight_booking_sub_wf,2025-01-20T02:33:15.000Z,N/A
"avg:workflow_execution.avg{*}",workflowname:cancel_flight_booking_sub_wf,2025-01-20T02:33:20.000Z,N/A
"avg:workflow_execution.avg{*}",workflowname:cancel_flight_booking_sub_wf,2025-01-20T02:33:25.000Z,N/A
"avg:workflow_execution.avg{*}",workflowname:cancel_flight_booking_sub_wf,2025-01-20T02:33:30.000Z,N/A
"avg:workflow_execution.avg{*}",workflowname:cancel_flight_booking_sub_wf,2025-01-20T02:33:35.000Z,N/A
"avg:workflow_execution.avg{*}",workflowname:cancel_flight_booking_sub_wf,2025-01-20T02:33:40.000Z,N/A
"avg:workflow_execution.avg{*}",workflowname:cancel_flight_booking_sub_wf,2025-01-20T02:33:45.000Z,N/A
"avg:workflow_execution.avg{*}",workflowname:cancel_flight_booking_sub_wf,2025-01-20T02:33:50.000Z,N/A
"avg:workflow_execution.avg{*}",workflowname:cancel_flight_booking_sub_wf,2025-01-20T02:33:55.000Z,N/A
"avg:workflow_execution.avg{*}",workflowname:cancel_flight_booking_sub_wf,2025-01-20T02:34:00.000Z,N/A
"avg:workflow_execution.avg{*}",workflowname:cancel_flight_booking_sub_wf,2025-01-20T02:34:05.000Z,N/A
"avg:workflow_execution.avg{*}",workflowname:cancel_flight_booking_sub_wf,2025-01-20T02:34:10.000Z,N/A
"avg:workflow_execution.avg{*}",workflowname:cancel_flight_booking_sub_wf,2025-01-20T02:34:15.000Z,N/A
"avg:workflow_execution.avg{*}",workflowname:cancel_flight_booking_sub_wf,2025-01-20T02:34:20.000Z,N/A
"avg:workflow_execution.avg{*}",workflowname:cancel_flight_booking_sub_wf,2025-01-20T02:34:25.000Z,N/A
"avg:workflow_execution.avg{*}",workflowname:cancel_flight_booking_sub_wf,2025-01-20T02:34:30.000Z,N/A
"avg:workflow_execution.avg{*}",workflowname:cancel_flight_booking_sub_wf,2025-01-20T02:34:35.000Z,N/A
"avg:workflow_execution.avg{*}",workflowname:cancel_flight_booking_sub_wf,2025-01-20T02:34:40.000Z,N/A
"avg:workflow_execution.avg{*}",workflowname:cancel_flight_booking_sub_wf,2025-01-20T02:34:45.000Z,N/A
"avg:workflow_execution.avg{*}",workflowname:cancel_flight_booking_sub_wf,2025-01-20T02:34:50.000Z,N/A
"avg:workflow_execution.avg{*}",workflowname:cancel_flight_booking_sub_wf,2025-01-20T02:34:55.000Z,N/A
"avg:workflow_execution.avg{*}",workflowname:cancel_flight_booking_sub_wf,2025-01-20T02:35:00.000Z,N/A
"avg:workflow_execution.avg{*}",workflowname:cancel_flight_booking_sub_wf,2025-01-20T02:35:05.000Z,N/A
"avg:workflow_execution.avg{*}",workflowname:cancel_flight_booking_sub_wf,2025-01-20T02:35:10.000Z,N/A
"avg:workflow_execution.avg{*}",workflowname:cancel_flight_booking_sub_wf,2025-01-20T02:35:15.000Z,N/A
"avg:workflow_execution.avg{*}",workflowname:cancel_flight_booking_sub_wf,2025-01-20T02:35:20.000Z,N/A
"avg:workflow_execution.avg{*}",workflowname:cancel_flight_booking_sub_wf,2025-01-20T02:35:25.000Z,N/A
"avg:workflow_execution.avg{*}",workflowname:cancel_flight_booking_sub_wf,2025-01-20T02:35:30.000Z,N/A
"avg:workflow_execution.avg{*}",workflowname:cancel_flight_booking_sub_wf,2025-01-20T02:35:35.000Z,N/A
"avg:workflow_execution.avg{*}",workflowname:cancel_flight_booking_sub_wf,2025-01-20T02:35:40.000Z,N/A
"avg:workflow_execution.avg{*}",workflowname:cancel_flight_booking_sub_wf,2025-01-20T02:35:45.000Z,N/A
"avg:workflow_execution.avg{*}",workflowname:cancel_flight_booking_sub_wf,2025-01-20T02:35:50.000Z,N/A
"avg:workflow_execution.avg{*}",workflowname:cancel_flight_booking_sub_wf,2025-01-20T02:35:55.000Z,N/A
"avg:workflow_execution.avg{*}",workflowname:cancel_flight_booking_sub_wf,2025-01-20T02:36:00.000Z,N/A
"avg:workflow_execution.avg{*}",workflowname:cancel_flight_booking_sub_wf,2025-01-20T02:36:05.000Z,N/A
"avg:workflow_execution.avg{*}",workflowname:cancel_flight_booking_sub_wf,2025-01-20T02:36:10.000Z,N/A
"avg:workflow_execution.avg{*}",workflowname:cancel_flight_booking_sub_wf,2025-01-20T02:36:15.000Z,N/A
"avg:workflow_execution.avg{*}",workflowname:cancel_flight_booking_sub_wf,2025-01-20T02:36:20.000Z,N/A
"avg:workflow_execution.avg{*}",workflowname:cancel_flight_booking_sub_wf,2025-01-20T02:36:25.000Z,N/A
"avg:workflow_execution.avg{*}",workflowname:cancel_flight_booking_sub_wf,2025-01-20T02:36:30.000Z,N/A
"avg:workflow_execution.avg{*}",workflowname:cancel_flight_booking_sub_wf,2025-01-20T02:36:35.000Z,N/A
"avg:workflow_execution.avg{*}",workflowname:cancel_flight_booking_sub_wf,2025-01-20T02:36:40.000Z,N/A
"avg:workflow_execution.avg{*}",workflowname:cancel_flight_booking_sub_wf,2025-01-20T02:36:45.000Z,N/A
"avg:workflow_execution.avg{*}",workflowname:cancel_flight_booking_sub_wf,2025-01-20T02:36:50.000Z,N/A
"avg:workflow_execution.avg{*}",workflowname:cancel_flight_booking_sub_wf,2025-01-20T02:36:55.000Z,N/A
"avg:workflow_execution.avg{*}",workflowname:cancel_flight_booking_sub_wf,2025-01-20T02:37:00.000Z,N/A
"avg:workflow_execution.avg{*}",workflowname:cancel_flight_booking_sub_wf,2025-01-20T02:37:05.000Z,N/A
"avg:workflow_execution.avg{*}",workflowname:cancel_flight_booking_sub_wf,2025-01-20T02:37:10.000Z,N/A
"avg:workflow_execution.avg{*}",workflowname:cancel_flight_booking_sub_wf,2025-01-20T02:37:15.000Z,N/A
"avg:workflow_execution.avg{*}",workflowname:cancel_flight_booking_sub_wf,2025-01-20T02:37:20.000Z,N/A
"avg:workflow_execution.avg{*}",workflowname:cancel_flight_booking_sub_wf,2025-01-20T02:37:25.000Z,N/A
"avg:workflow_execution.avg{*}",workflowname:cancel_flight_booking_sub_wf,2025-01-20T02:37:30.000Z,N/A
"avg:workflow_execution.avg{*}",workflowname:cancel_flight_booking_sub_wf,2025-01-20T02:37:35.000Z,N/A
"avg:workflow_execution.avg{*}",workflowname:cancel_flight_booking_sub_wf,2025-01-20T02:37:40.000Z,N/A
"avg:workflow_execution.avg{*}",workflowname:cancel_flight_booking_sub_wf,2025-01-20T02:37:45.000Z,N/A
"avg:workflow_execution.avg{*}",workflowname:cancel_flight_booking_sub_wf,2025-01-20T02:37:50.000Z,N/A
"avg:workflow_execution.avg{*}",workflowname:cancel_flight_booking_sub_wf,2025-01-20T02:37:55.000Z,N/A
"avg:workflow_execution.avg{*}",workflowname:cancel_flight_booking_sub_wf,2025-01-20T02:38:00.000Z,N/A
"avg:workflow_execution.avg{*}",workflowname:cancel_flight_booking_sub_wf,2025-01-20T02:38:05.000Z,N/A
"avg:workflow_execution.avg{*}",workflowname:cancel_flight_booking_sub_wf,2025-01-20T02:38:10.000Z,N/A
"avg:workflow_execution.avg{*}",workflowname:cancel_flight_booking_sub_wf,2025-01-20T02:38:15.000Z,N/A
"avg:workflow_execution.avg{*}",workflowname:cancel_flight_booking_sub_wf,2025-01-20T02:38:20.000Z,N/A
"avg:workflow_execution.avg{*}",workflowname:cancel_flight_booking_sub_wf,2025-01-20T02:38:25.000Z,N/A
"avg:workflow_execution.avg{*}",workflowname:cancel_flight_booking_sub_wf,2025-01-20T02:38:30.000Z,N/A
"avg:workflow_execution.avg{*}",workflowname:cancel_flight_booking_sub_wf,2025-01-20T02:38:35.000Z,N/A
"avg:workflow_execution.avg{*}",workflowname:cancel_flight_booking_sub_wf,2025-01-20T02:38:40.000Z,N/A
"avg:workflow_execution.avg{*}",workflowname:cancel_flight_booking_sub_wf,2025-01-20T02:38:45.000Z,N/A
"avg:workflow_execution.avg{*}",workflowname:cancel_flight_booking_sub_wf,2025-01-20T02:38:50.000Z,N/A
"avg:workflow_execution.avg{*}",workflowname:cancel_flight_booking_sub_wf,2025-01-20T02:38:55.000Z,N/A
"avg:workflow_execution.avg{*}",workflowname:cancel_flight_booking_sub_wf,2025-01-20T02:39:00.000Z,N/A
"avg:workflow_execution.avg{*}",workflowname:cancel_flight_booking_sub_wf,2025-01-20T02:39:05.000Z,N/A
"avg:workflow_execution.avg{*}",workflowname:cancel_flight_booking_sub_wf,2025-01-20T02:39:10.000Z,N/A
"avg:workflow_execution.avg{*}",workflowname:cancel_flight_booking_sub_wf,2025-01-20T02:39:15.000Z,N/A
"avg:workflow_execution.avg{*}",workflowname:cancel_flight_booking_sub_wf,2025-01-20T02:39:20.000Z,N/A
"avg:workflow_execution.avg{*}",workflowname:cancel_flight_booking_sub_wf,2025-01-20T02:39:25.000Z,N/A
"avg:workflow_execution.avg{*}",workflowname:cancel_flight_booking_sub_wf,2025-01-20T02:39:30.000Z,N/A
"avg:workflow_execution.avg{*}",workflowname:cancel_flight_booking_sub_wf,2025-01-20T02:39:35.000Z,N/A
"avg:workflow_execution.avg{*}",workflowname:cancel_flight_booking_sub_wf,2025-01-20T02:39:40.000Z,N/A
"avg:workflow_execution.avg{*}",workflowname:cancel_flight_booking_sub_wf,2025-01-20T02:39:45.000Z,N/A
"avg:workflow_execution.avg{*}",workflowname:cancel_flight_booking_sub_wf,2025-01-20T02:39:50.000Z,N/A
"avg:workflow_execution.avg{*}",workflowname:cancel_flight_booking_sub_wf,2025-01-20T02:39:55.000Z,N/A
"avg:workflow_execution.avg{*}",workflowname:cancel_flight_booking_sub_wf,2025-01-20T02:40:00.000Z,N/A
"avg:workflow_execution.avg{*}",workflowname:cancel_flight_booking_sub_wf,2025-01-20T02:40:05.000Z,N/A
"avg:workflow_execution.avg{*}",workflowname:cancel_flight_booking_sub_wf,2025-01-20T02:40:10.000Z,N/A
"avg:workflow_execution.avg{*}",workflowname:cancel_flight_booking_sub_wf,2025-01-20T02:40:15.000Z,N/A
"avg:workflow_execution.avg{*}",workflowname:cancel_flight_booking_sub_wf,2025-01-20T02:40:20.000Z,N/A
"avg:workflow_execution.avg{*}",workflowname:cancel_flight_booking_sub_wf,2025-01-20T02:40:25.000Z,N/A
"avg:workflow_execution.avg{*}",workflowname:cancel_flight_booking_sub_wf,2025-01-20T02:40:30.000Z,N/A
"avg:workflow_execution.avg{*}",workflowname:cancel_flight_booking_sub_wf,2025-01-20T02:40:35.000Z,N/A
"avg:workflow_execution.avg{*}",workflowname:cancel_flight_booking_sub_wf,2025-01-20T02:40:40.000Z,N/A
"avg:workflow_execution.avg{*}",workflowname:cancel_flight_booking_sub_wf,2025-01-20T02:40:45.000Z,N/A
"avg:workflow_execution.avg{*}",workflowname:cancel_flight_booking_sub_wf,2025-01-20T02:40:50.000Z,N/A
"avg:workflow_execution.avg{*}",workflowname:cancel_flight_booking_sub_wf,2025-01-20T02:40:55.000Z,N/A
"avg:workflow_execution.avg{*}",workflowname:cancel_flight_booking_sub_wf,2025-01-20T02:41:00.000Z,N/A
"avg:workflow_execution.avg{*}",workflowname:cancel_flight_booking_sub_wf,2025-01-20T02:41:05.000Z,N/A
"avg:workflow_execution.avg{*}",workflowname:cancel_flight_booking_sub_wf,2025-01-20T02:41:10.000Z,N/A
"avg:workflow_execution.avg{*}",workflowname:cancel_flight_booking_sub_wf,2025-01-20T02:41:15.000Z,N/A
"avg:workflow_execution.avg{*}",workflowname:cancel_flight_booking_sub_wf,2025-01-20T02:41:20.000Z,N/A
"avg:workflow_execution.avg{*}",workflowname:cancel_flight_booking_sub_wf,2025-01-20T02:41:25.000Z,N/A
"avg:workflow_execution.avg{*}",workflowname:cancel_flight_booking_sub_wf,2025-01-20T02:41:30.000Z,N/A
"avg:workflow_execution.avg{*}",workflowname:cancel_flight_booking_sub_wf,2025-01-20T02:41:35.000Z,N/A
"avg:workflow_execution.avg{*}",workflowname:cancel_flight_booking_sub_wf,2025-01-20T02:41:40.000Z,N/A
"avg:workflow_execution.avg{*}",workflowname:cancel_flight_booking_sub_wf,2025-01-20T02:41:45.000Z,N/A
"avg:workflow_execution.avg{*}",workflowname:cancel_flight_booking_sub_wf,2025-01-20T02:41:50.000Z,N/A
"avg:workflow_execution.avg{*}",workflowname:cancel_flight_booking_sub_wf,2025-01-20T02:41:55.000Z,N/A
"avg:workflow_execution.avg{*}",workflowname:cancel_flight_booking_sub_wf,2025-01-20T02:42:00.000Z,N/A
"avg:workflow_execution.avg{*}",workflowname:cancel_flight_booking_sub_wf,2025-01-20T02:42:05.000Z,N/A
"avg:workflow_execution.avg{*}",workflowname:cancel_flight_booking_sub_wf,2025-01-20T02:42:10.000Z,N/A
"avg:workflow_execution.avg{*}",workflowname:cancel_flight_booking_sub_wf,2025-01-20T02:42:15.000Z,N/A
"avg:workflow_execution.avg{*}",workflowname:cancel_flight_booking_sub_wf,2025-01-20T02:42:20.000Z,N/A
"avg:workflow_execution.avg{*}",workflowname:cancel_flight_booking_sub_wf,2025-01-20T02:42:25.000Z,N/A
"avg:workflow_execution.avg{*}",workflowname:cancel_flight_booking_sub_wf,2025-01-20T02:42:30.000Z,N/A
"avg:workflow_execution.avg{*}",workflowname:cancel_flight_booking_sub_wf,2025-01-20T02:42:35.000Z,N/A
"avg:workflow_execution.avg{*}",workflowname:cancel_flight_booking_sub_wf,2025-01-20T02:42:40.000Z,N/A
"avg:workflow_execution.avg{*}",workflowname:cancel_flight_booking_sub_wf,2025-01-20T02:42:45.000Z,N/A
"avg:workflow_execution.avg{*}",workflowname:cancel_flight_booking_sub_wf,2025-01-20T02:42:50.000Z,N/A
"avg:workflow_execution.avg{*}",workflowname:cancel_flight_booking_sub_wf,2025-01-20T02:42:55.000Z,N/A
"avg:workflow_execution.avg{*}",workflowname:cancel_flight_booking_sub_wf,2025-01-20T02:43:00.000Z,N/A
"avg:workflow_execution.avg{*}",workflowname:cancel_flight_booking_sub_wf,2025-01-20T02:43:05.000Z,N/A
"avg:workflow_execution.avg{*}",workflowname:cancel_flight_booking_sub_wf,2025-01-20T02:43:10.000Z,324158.333333
"avg:workflow_execution.avg{*}",workflowname:cancel_flight_booking_sub_wf,2025-01-20T02:43:15.000Z,0
"avg:workflow_execution.avg{*}",workflowname:cancel_flight_booking_sub_wf,2025-01-20T02:43:20.000Z,70144.4
"avg:workflow_execution.avg{*}",workflowname:cancel_flight_booking_sub_wf,2025-01-20T02:43:25.000Z,50162.6
"avg:workflow_execution.avg{*}",workflowname:cancel_flight_booking_sub_wf,2025-01-20T02:43:30.000Z,0
"avg:workflow_execution.avg{*}",workflowname:cancel_flight_booking_sub_wf,2025-01-20T02:43:35.000Z,0
"avg:workflow_execution.avg{*}",workflowname:cancel_flight_booking_sub_wf,2025-01-20T02:43:40.000Z,0
"avg:workflow_execution.avg{*}",workflowname:cancel_flight_booking_sub_wf,2025-01-20T02:43:45.000Z,35196.562118
"avg:workflow_execution.avg{*}",workflowname:cancel_flight_booking_sub_wf,2025-01-20T02:43:50.000Z,21520.569959
"avg:workflow_execution.avg{*}",workflowname:cancel_flight_booking_sub_wf,2025-01-20T02:43:55.000Z,29119.849706
"avg:workflow_execution.avg{*}",workflowname:cancel_flight_booking_sub_wf,2025-01-20T02:44:00.000Z,36694.14375
"avg:workflow_execution.avg{*}",workflowname:cancel_flight_booking_sub_wf,2025-01-20T02:44:05.000Z,34629.963627
"avg:workflow_execution.avg{*}",workflowname:cancel_flight_booking_sub_wf,2025-01-20T02:44:10.000Z,19958.487631
"avg:workflow_execution.avg{*}",workflowname:cancel_flight_booking_sub_wf,2025-01-20T02:44:15.000Z,27247.650882
"avg:workflow_execution.avg{*}",workflowname:cancel_flight_booking_sub_wf,2025-01-20T02:44:20.000Z,5685.7
"avg:workflow_execution.avg{*}",workflowname:cancel_flight_booking_sub_wf,2025-01-20T02:44:25.000Z,161.466667
"avg:workflow_execution.avg{*}",workflowname:cancel_flight_booking_sub_wf,2025-01-20T02:44:30.000Z,584.32
"avg:workflow_execution.avg{*}",workflowname:cancel_flight_booking_sub_wf,2025-01-20T02:44:35.000Z,381.822222
"avg:workflow_execution.avg{*}",workflowname:cancel_flight_booking_sub_wf,2025-01-20T02:44:40.000Z,427.906863
"avg:workflow_execution.avg{*}",workflowname:cancel_flight_booking_sub_wf,2025-01-20T02:44:45.000Z,261.9125
"avg:workflow_execution.avg{*}",workflowname:cancel_flight_booking_sub_wf,2025-01-20T02:44:50.000Z,1234.660833
"avg:workflow_execution.avg{*}",workflowname:cancel_flight_booking_sub_wf,2025-01-20T02:44:55.000Z,1474.870877
"avg:workflow_execution.avg{*}",workflowname:cancel_flight_booking_sub_wf,2025-01-20T02:45:00.000Z,615.610317
"avg:workflow_execution.avg{*}",workflowname:cancel_flight_booking_sub_wf,2025-01-20T02:45:05.000Z,1393.971667
"avg:workflow_execution.avg{*}",workflowname:cancel_flight_booking_sub_wf,2025-01-20T02:45:10.000Z,214.25
"avg:workflow_execution.avg{*}",workflowname:cancel_flight_booking_sub_wf,2025-01-20T02:45:15.000Z,834.21
"avg:workflow_execution.avg{*}",workflowname:cancel_flight_booking_sub_wf,2025-01-20T02:45:20.000Z,260.66
"avg:workflow_execution.avg{*}",workflowname:cancel_flight_booking_sub_wf,2025-01-20T02:45:25.000Z,263.64
"avg:workflow_execution.avg{*}",workflowname:cancel_flight_booking_sub_wf,2025-01-20T02:45:30.000Z,0
"avg:workflow_execution.avg{*}",workflowname:cancel_flight_booking_sub_wf,2025-01-20T02:45:35.000Z,0
"avg:workflow_execution.avg{*}",workflowname:cancel_flight_booking_sub_wf,2025-01-20T02:45:40.000Z,0
"avg:workflow_execution.avg{*}",workflowname:cancel_flight_booking_sub_wf,2025-01-20T02:45:45.000Z,0
"avg:workflow_execution.avg{*}",workflowname:cancel_flight_booking_sub_wf,2025-01-20T02:45:50.000Z,0
"avg:workflow_execution.avg{*}",workflowname:cancel_flight_booking_sub_wf,2025-01-20T02:45:55.000Z,0
"avg:workflow_execution.avg{*}",workflowname:cancel_flight_booking_sub_wf,2025-01-20T02:46:00.000Z,0
"avg:workflow_execution.avg{*}",workflowname:cancel_hotel_booking_sub_wf,2025-01-20T02:26:00.000Z,9129.412199
"avg:workflow_execution.avg{*}",workflowname:cancel_hotel_booking_sub_wf,2025-01-20T02:26:05.000Z,9414.829185
"avg:workflow_execution.avg{*}",workflowname:cancel_hotel_booking_sub_wf,2025-01-20T02:26:10.000Z,9701.27483
"avg:workflow_execution.avg{*}",workflowname:cancel_hotel_booking_sub_wf,2025-01-20T02:26:15.000Z,9988.754706
"avg:workflow_execution.avg{*}",workflowname:cancel_hotel_booking_sub_wf,2025-01-20T02:26:20.000Z,10277.274422
"avg:workflow_execution.avg{*}",workflowname:cancel_hotel_booking_sub_wf,2025-01-20T02:26:25.000Z,10566.839633
"avg:workflow_execution.avg{*}",workflowname:cancel_hotel_booking_sub_wf,2025-01-20T02:26:30.000Z,10857.456029
"avg:workflow_execution.avg{*}",workflowname:cancel_hotel_booking_sub_wf,2025-01-20T02:26:35.000Z,11149.129347
"avg:workflow_execution.avg{*}",workflowname:cancel_hotel_booking_sub_wf,2025-01-20T02:26:40.000Z,11441.865362
"avg:workflow_execution.avg{*}",workflowname:cancel_hotel_booking_sub_wf,2025-01-20T02:26:45.000Z,11735.669892
"avg:workflow_execution.avg{*}",workflowname:cancel_hotel_booking_sub_wf,2025-01-20T02:26:50.000Z,12030.5488
"avg:workflow_execution.avg{*}",workflowname:cancel_hotel_booking_sub_wf,2025-01-20T02:26:55.000Z,12326.507987
"avg:workflow_execution.avg{*}",workflowname:cancel_hotel_booking_sub_wf,2025-01-20T02:27:00.000Z,12623.553403
"avg:workflow_execution.avg{*}",workflowname:cancel_hotel_booking_sub_wf,2025-01-20T02:27:05.000Z,12921.691037
"avg:workflow_execution.avg{*}",workflowname:cancel_hotel_booking_sub_wf,2025-01-20T02:27:10.000Z,13220.926925
"avg:workflow_execution.avg{*}",workflowname:cancel_hotel_booking_sub_wf,2025-01-20T02:27:15.000Z,13521.267147
"avg:workflow_execution.avg{*}",workflowname:cancel_hotel_booking_sub_wf,2025-01-20T02:27:20.000Z,13822.717827
"avg:workflow_execution.avg{*}",workflowname:cancel_hotel_booking_sub_wf,2025-01-20T02:27:25.000Z,14125.285136
"avg:workflow_execution.avg{*}",workflowname:cancel_hotel_booking_sub_wf,2025-01-20T02:27:30.000Z,14428.975288
"avg:workflow_execution.avg{*}",workflowname:cancel_hotel_booking_sub_wf,2025-01-20T02:27:35.000Z,14733.794547
"avg:workflow_execution.avg{*}",workflowname:cancel_hotel_booking_sub_wf,2025-01-20T02:27:40.000Z,15039.74922
"avg:workflow_execution.avg{*}",workflowname:cancel_hotel_booking_sub_wf,2025-01-20T02:27:45.000Z,15346.845664
"avg:workflow_execution.avg{*}",workflowname:cancel_hotel_booking_sub_wf,2025-01-20T02:27:50.000Z,15655.090282
"avg:workflow_execution.avg{*}",workflowname:cancel_hotel_booking_sub_wf,2025-01-20T02:27:55.000Z,15964.489525
"avg:workflow_execution.avg{*}",workflowname:cancel_hotel_booking_sub_wf,2025-01-20T02:28:00.000Z,16275.049892
"avg:workflow_execution.avg{*}",workflowname:cancel_hotel_booking_sub_wf,2025-01-20T02:28:05.000Z,16586.777933
"avg:workflow_execution.avg{*}",workflowname:cancel_hotel_booking_sub_wf,2025-01-20T02:28:10.000Z,16899.680245
"avg:workflow_execution.avg{*}",workflowname:cancel_hotel_booking_sub_wf,2025-01-20T02:28:15.000Z,N/A
"avg:workflow_execution.avg{*}",workflowname:cancel_hotel_booking_sub_wf,2025-01-20T02:28:20.000Z,N/A
"avg:workflow_execution.avg{*}",workflowname:cancel_hotel_booking_sub_wf,2025-01-20T02:28:25.000Z,N/A
"avg:workflow_execution.avg{*}",workflowname:cancel_hotel_booking_sub_wf,2025-01-20T02:28:30.000Z,N/A
"avg:workflow_execution.avg{*}",workflowname:cancel_hotel_booking_sub_wf,2025-01-20T02:28:35.000Z,N/A
"avg:workflow_execution.avg{*}",workflowname:cancel_hotel_booking_sub_wf,2025-01-20T02:28:40.000Z,N/A
"avg:workflow_execution.avg{*}",workflowname:cancel_hotel_booking_sub_wf,2025-01-20T02:28:45.000Z,N/A
"avg:workflow_execution.avg{*}",workflowname:cancel_hotel_booking_sub_wf,2025-01-20T02:28:50.000Z,N/A
"avg:workflow_execution.avg{*}",workflowname:cancel_hotel_booking_sub_wf,2025-01-20T02:28:55.000Z,N/A
"avg:workflow_execution.avg{*}",workflowname:cancel_hotel_booking_sub_wf,2025-01-20T02:29:00.000Z,N/A
"avg:workflow_execution.avg{*}",workflowname:cancel_hotel_booking_sub_wf,2025-01-20T02:29:05.000Z,N/A
"avg:workflow_execution.avg{*}",workflowname:cancel_hotel_booking_sub_wf,2025-01-20T02:29:10.000Z,N/A
"avg:workflow_execution.avg{*}",workflowname:cancel_hotel_booking_sub_wf,2025-01-20T02:29:15.000Z,N/A
"avg:workflow_execution.avg{*}",workflowname:cancel_hotel_booking_sub_wf,2025-01-20T02:29:20.000Z,N/A
"avg:workflow_execution.avg{*}",workflowname:cancel_hotel_booking_sub_wf,2025-01-20T02:29:25.000Z,N/A
"avg:workflow_execution.avg{*}",workflowname:cancel_hotel_booking_sub_wf,2025-01-20T02:29:30.000Z,N/A
"avg:workflow_execution.avg{*}",workflowname:cancel_hotel_booking_sub_wf,2025-01-20T02:29:35.000Z,N/A
"avg:workflow_execution.avg{*}",workflowname:cancel_hotel_booking_sub_wf,2025-01-20T02:29:40.000Z,N/A
"avg:workflow_execution.avg{*}",workflowname:cancel_hotel_booking_sub_wf,2025-01-20T02:29:45.000Z,N/A
"avg:workflow_execution.avg{*}",workflowname:cancel_hotel_booking_sub_wf,2025-01-20T02:29:50.000Z,N/A
"avg:workflow_execution.avg{*}",workflowname:cancel_hotel_booking_sub_wf,2025-01-20T02:29:55.000Z,N/A
"avg:workflow_execution.avg{*}",workflowname:cancel_hotel_booking_sub_wf,2025-01-20T02:30:00.000Z,N/A
"avg:workflow_execution.avg{*}",workflowname:cancel_hotel_booking_sub_wf,2025-01-20T02:30:05.000Z,N/A
"avg:workflow_execution.avg{*}",workflowname:cancel_hotel_booking_sub_wf,2025-01-20T02:30:10.000Z,N/A
"avg:workflow_execution.avg{*}",workflowname:cancel_hotel_booking_sub_wf,2025-01-20T02:30:15.000Z,N/A
"avg:workflow_execution.avg{*}",workflowname:cancel_hotel_booking_sub_wf,2025-01-20T02:30:20.000Z,N/A
"avg:workflow_execution.avg{*}",workflowname:cancel_hotel_booking_sub_wf,2025-01-20T02:30:25.000Z,N/A
"avg:workflow_execution.avg{*}",workflowname:cancel_hotel_booking_sub_wf,2025-01-20T02:30:30.000Z,N/A
"avg:workflow_execution.avg{*}",workflowname:cancel_hotel_booking_sub_wf,2025-01-20T02:30:35.000Z,N/A
"avg:workflow_execution.avg{*}",workflowname:cancel_hotel_booking_sub_wf,2025-01-20T02:30:40.000Z,N/A
"avg:workflow_execution.avg{*}",workflowname:cancel_hotel_booking_sub_wf,2025-01-20T02:30:45.000Z,N/A
"avg:workflow_execution.avg{*}",workflowname:cancel_hotel_booking_sub_wf,2025-01-20T02:30:50.000Z,N/A
"avg:workflow_execution.avg{*}",workflowname:cancel_hotel_booking_sub_wf,2025-01-20T02:30:55.000Z,N/A
"avg:workflow_execution.avg{*}",workflowname:cancel_hotel_booking_sub_wf,2025-01-20T02:31:00.000Z,N/A
"avg:workflow_execution.avg{*}",workflowname:cancel_hotel_booking_sub_wf,2025-01-20T02:31:05.000Z,N/A
"avg:workflow_execution.avg{*}",workflowname:cancel_hotel_booking_sub_wf,2025-01-20T02:31:10.000Z,N/A
"avg:workflow_execution.avg{*}",workflowname:cancel_hotel_booking_sub_wf,2025-01-20T02:31:15.000Z,N/A
"avg:workflow_execution.avg{*}",workflowname:cancel_hotel_booking_sub_wf,2025-01-20T02:31:20.000Z,N/A
"avg:workflow_execution.avg{*}",workflowname:cancel_hotel_booking_sub_wf,2025-01-20T02:31:25.000Z,N/A
"avg:workflow_execution.avg{*}",workflowname:cancel_hotel_booking_sub_wf,2025-01-20T02:31:30.000Z,N/A
"avg:workflow_execution.avg{*}",workflowname:cancel_hotel_booking_sub_wf,2025-01-20T02:31:35.000Z,N/A
"avg:workflow_execution.avg{*}",workflowname:cancel_hotel_booking_sub_wf,2025-01-20T02:31:40.000Z,N/A
"avg:workflow_execution.avg{*}",workflowname:cancel_hotel_booking_sub_wf,2025-01-20T02:31:45.000Z,N/A
"avg:workflow_execution.avg{*}",workflowname:cancel_hotel_booking_sub_wf,2025-01-20T02:31:50.000Z,N/A
"avg:workflow_execution.avg{*}",workflowname:cancel_hotel_booking_sub_wf,2025-01-20T02:31:55.000Z,N/A
"avg:workflow_execution.avg{*}",workflowname:cancel_hotel_booking_sub_wf,2025-01-20T02:32:00.000Z,N/A
"avg:workflow_execution.avg{*}",workflowname:cancel_hotel_booking_sub_wf,2025-01-20T02:32:05.000Z,N/A
"avg:workflow_execution.avg{*}",workflowname:cancel_hotel_booking_sub_wf,2025-01-20T02:32:10.000Z,N/A
"avg:workflow_execution.avg{*}",workflowname:cancel_hotel_booking_sub_wf,2025-01-20T02:32:15.000Z,N/A
"avg:workflow_execution.avg{*}",workflowname:cancel_hotel_booking_sub_wf,2025-01-20T02:32:20.000Z,N/A
"avg:workflow_execution.avg{*}",workflowname:cancel_hotel_booking_sub_wf,2025-01-20T02:32:25.000Z,N/A
"avg:workflow_execution.avg{*}",workflowname:cancel_hotel_booking_sub_wf,2025-01-20T02:32:30.000Z,N/A
"avg:workflow_execution.avg{*}",workflowname:cancel_hotel_booking_sub_wf,2025-01-20T02:32:35.000Z,N/A
"avg:workflow_execution.avg{*}",workflowname:cancel_hotel_booking_sub_wf,2025-01-20T02:32:40.000Z,N/A
"avg:workflow_execution.avg{*}",workflowname:cancel_hotel_booking_sub_wf,2025-01-20T02:32:45.000Z,N/A
"avg:workflow_execution.avg{*}",workflowname:cancel_hotel_booking_sub_wf,2025-01-20T02:32:50.000Z,N/A
"avg:workflow_execution.avg{*}",workflowname:cancel_hotel_booking_sub_wf,2025-01-20T02:32:55.000Z,N/A
"avg:workflow_execution.avg{*}",workflowname:cancel_hotel_booking_sub_wf,2025-01-20T02:33:00.000Z,N/A
"avg:workflow_execution.avg{*}",workflowname:cancel_hotel_booking_sub_wf,2025-01-20T02:33:05.000Z,N/A
"avg:workflow_execution.avg{*}",workflowname:cancel_hotel_booking_sub_wf,2025-01-20T02:33:10.000Z,N/A
"avg:workflow_execution.avg{*}",workflowname:cancel_hotel_booking_sub_wf,2025-01-20T02:33:15.000Z,N/A
"avg:workflow_execution.avg{*}",workflowname:cancel_hotel_booking_sub_wf,2025-01-20T02:33:20.000Z,N/A
"avg:workflow_execution.avg{*}",workflowname:cancel_hotel_booking_sub_wf,2025-01-20T02:33:25.000Z,N/A
"avg:workflow_execution.avg{*}",workflowname:cancel_hotel_booking_sub_wf,2025-01-20T02:33:30.000Z,N/A
"avg:workflow_execution.avg{*}",workflowname:cancel_hotel_booking_sub_wf,2025-01-20T02:33:35.000Z,N/A
"avg:workflow_execution.avg{*}",workflowname:cancel_hotel_booking_sub_wf,2025-01-20T02:33:40.000Z,N/A
"avg:workflow_execution.avg{*}",workflowname:cancel_hotel_booking_sub_wf,2025-01-20T02:33:45.000Z,N/A
"avg:workflow_execution.avg{*}",workflowname:cancel_hotel_booking_sub_wf,2025-01-20T02:33:50.000Z,N/A
"avg:workflow_execution.avg{*}",workflowname:cancel_hotel_booking_sub_wf,2025-01-20T02:33:55.000Z,N/A
"avg:workflow_execution.avg{*}",workflowname:cancel_hotel_booking_sub_wf,2025-01-20T02:34:00.000Z,N/A
"avg:workflow_execution.avg{*}",workflowname:cancel_hotel_booking_sub_wf,2025-01-20T02:34:05.000Z,N/A
"avg:workflow_execution.avg{*}",workflowname:cancel_hotel_booking_sub_wf,2025-01-20T02:34:10.000Z,N/A
"avg:workflow_execution.avg{*}",workflowname:cancel_hotel_booking_sub_wf,2025-01-20T02:34:15.000Z,N/A
"avg:workflow_execution.avg{*}",workflowname:cancel_hotel_booking_sub_wf,2025-01-20T02:34:20.000Z,N/A
"avg:workflow_execution.avg{*}",workflowname:cancel_hotel_booking_sub_wf,2025-01-20T02:34:25.000Z,N/A
"avg:workflow_execution.avg{*}",workflowname:cancel_hotel_booking_sub_wf,2025-01-20T02:34:30.000Z,N/A
"avg:workflow_execution.avg{*}",workflowname:cancel_hotel_booking_sub_wf,2025-01-20T02:34:35.000Z,N/A
"avg:workflow_execution.avg{*}",workflowname:cancel_hotel_booking_sub_wf,2025-01-20T02:34:40.000Z,N/A
"avg:workflow_execution.avg{*}",workflowname:cancel_hotel_booking_sub_wf,2025-01-20T02:34:45.000Z,N/A
"avg:workflow_execution.avg{*}",workflowname:cancel_hotel_booking_sub_wf,2025-01-20T02:34:50.000Z,0
"avg:workflow_execution.avg{*}",workflowname:cancel_hotel_booking_sub_wf,2025-01-20T02:34:55.000Z,107112.2
"avg:workflow_execution.avg{*}",workflowname:cancel_hotel_booking_sub_wf,2025-01-20T02:35:00.000Z,0
"avg:workflow_execution.avg{*}",workflowname:cancel_hotel_booking_sub_wf,2025-01-20T02:35:05.000Z,0
"avg:workflow_execution.avg{*}",workflowname:cancel_hotel_booking_sub_wf,2025-01-20T02:35:10.000Z,0
"avg:workflow_execution.avg{*}",workflowname:cancel_hotel_booking_sub_wf,2025-01-20T02:35:15.000Z,104879.8
"avg:workflow_execution.avg{*}",workflowname:cancel_hotel_booking_sub_wf,2025-01-20T02:35:20.000Z,0
"avg:workflow_execution.avg{*}",workflowname:cancel_hotel_booking_sub_wf,2025-01-20T02:35:25.000Z,0
"avg:workflow_execution.avg{*}",workflowname:cancel_hotel_booking_sub_wf,2025-01-20T02:35:30.000Z,0
"avg:workflow_execution.avg{*}",workflowname:cancel_hotel_booking_sub_wf,2025-01-20T02:35:35.000Z,0
"avg:workflow_execution.avg{*}",workflowname:cancel_hotel_booking_sub_wf,2025-01-20T02:35:40.000Z,0
"avg:workflow_execution.avg{*}",workflowname:cancel_hotel_booking_sub_wf,2025-01-20T02:35:45.000Z,0
"avg:workflow_execution.avg{*}",workflowname:cancel_hotel_booking_sub_wf,2025-01-20T02:35:50.000Z,0
"avg:workflow_execution.avg{*}",workflowname:cancel_hotel_booking_sub_wf,2025-01-20T02:35:55.000Z,0
"avg:workflow_execution.avg{*}",workflowname:cancel_hotel_booking_sub_wf,2025-01-20T02:36:00.000Z,0
"avg:workflow_execution.avg{*}",workflowname:cancel_hotel_booking_sub_wf,2025-01-20T02:36:05.000Z,0
"avg:workflow_execution.avg{*}",workflowname:cancel_hotel_booking_sub_wf,2025-01-20T02:36:10.000Z,0
"avg:workflow_execution.avg{*}",workflowname:cancel_hotel_booking_sub_wf,2025-01-20T02:36:15.000Z,0
"avg:workflow_execution.avg{*}",workflowname:cancel_hotel_booking_sub_wf,2025-01-20T02:36:20.000Z,0
"avg:workflow_execution.avg{*}",workflowname:cancel_hotel_booking_sub_wf,2025-01-20T02:36:25.000Z,0
"avg:workflow_execution.avg{*}",workflowname:cancel_hotel_booking_sub_wf,2025-01-20T02:36:30.000Z,0
"avg:workflow_execution.avg{*}",workflowname:cancel_hotel_booking_sub_wf,2025-01-20T02:36:35.000Z,0
"avg:workflow_execution.avg{*}",workflowname:cancel_hotel_booking_sub_wf,2025-01-20T02:36:40.000Z,0
"avg:workflow_execution.avg{*}",workflowname:cancel_hotel_booking_sub_wf,2025-01-20T02:36:45.000Z,0
"avg:workflow_execution.avg{*}",workflowname:cancel_hotel_booking_sub_wf,2025-01-20T02:36:50.000Z,0
"avg:workflow_execution.avg{*}",workflowname:cancel_hotel_booking_sub_wf,2025-01-20T02:36:55.000Z,0
"avg:workflow_execution.avg{*}",workflowname:cancel_hotel_booking_sub_wf,2025-01-20T02:37:00.000Z,0
"avg:workflow_execution.avg{*}",workflowname:cancel_hotel_booking_sub_wf,2025-01-20T02:37:05.000Z,0
"avg:workflow_execution.avg{*}",workflowname:cancel_hotel_booking_sub_wf,2025-01-20T02:37:10.000Z,0
"avg:workflow_execution.avg{*}",workflowname:cancel_hotel_booking_sub_wf,2025-01-20T02:37:15.000Z,0
"avg:workflow_execution.avg{*}",workflowname:cancel_hotel_booking_sub_wf,2025-01-20T02:37:20.000Z,0
"avg:workflow_execution.avg{*}",workflowname:cancel_hotel_booking_sub_wf,2025-01-20T02:37:25.000Z,105439.4
"avg:workflow_execution.avg{*}",workflowname:cancel_hotel_booking_sub_wf,2025-01-20T02:37:30.000Z,105627.6
"avg:workflow_execution.avg{*}",workflowname:cancel_hotel_booking_sub_wf,2025-01-20T02:37:35.000Z,0
"avg:workflow_execution.avg{*}",workflowname:cancel_hotel_booking_sub_wf,2025-01-20T02:37:40.000Z,0
"avg:workflow_execution.avg{*}",workflowname:cancel_hotel_booking_sub_wf,2025-01-20T02:37:45.000Z,0
"avg:workflow_execution.avg{*}",workflowname:cancel_hotel_booking_sub_wf,2025-01-20T02:37:50.000Z,0
"avg:workflow_execution.avg{*}",workflowname:cancel_hotel_booking_sub_wf,2025-01-20T02:37:55.000Z,0
"avg:workflow_execution.avg{*}",workflowname:cancel_hotel_booking_sub_wf,2025-01-20T02:38:00.000Z,0
"avg:workflow_execution.avg{*}",workflowname:cancel_hotel_booking_sub_wf,2025-01-20T02:38:05.000Z,0
"avg:workflow_execution.avg{*}",workflowname:cancel_hotel_booking_sub_wf,2025-01-20T02:38:10.000Z,0
"avg:workflow_execution.avg{*}",workflowname:cancel_hotel_booking_sub_wf,2025-01-20T02:38:15.000Z,0
"avg:workflow_execution.avg{*}",workflowname:cancel_hotel_booking_sub_wf,2025-01-20T02:38:20.000Z,0
"avg:workflow_execution.avg{*}",workflowname:cancel_hotel_booking_sub_wf,2025-01-20T02:38:25.000Z,0
"avg:workflow_execution.avg{*}",workflowname:cancel_hotel_booking_sub_wf,2025-01-20T02:38:30.000Z,0
"avg:workflow_execution.avg{*}",workflowname:cancel_hotel_booking_sub_wf,2025-01-20T02:38:35.000Z,0
"avg:workflow_execution.avg{*}",workflowname:cancel_hotel_booking_sub_wf,2025-01-20T02:38:40.000Z,0
"avg:workflow_execution.avg{*}",workflowname:cancel_hotel_booking_sub_wf,2025-01-20T02:38:45.000Z,0
"avg:workflow_execution.avg{*}",workflowname:cancel_hotel_booking_sub_wf,2025-01-20T02:38:50.000Z,0
"avg:workflow_execution.avg{*}",workflowname:cancel_hotel_booking_sub_wf,2025-01-20T02:38:55.000Z,0
"avg:workflow_execution.avg{*}",workflowname:cancel_hotel_booking_sub_wf,2025-01-20T02:39:00.000Z,0
"avg:workflow_execution.avg{*}",workflowname:cancel_hotel_booking_sub_wf,2025-01-20T02:39:05.000Z,0
"avg:workflow_execution.avg{*}",workflowname:cancel_hotel_booking_sub_wf,2025-01-20T02:39:10.000Z,0
"avg:workflow_execution.avg{*}",workflowname:cancel_hotel_booking_sub_wf,2025-01-20T02:39:15.000Z,105675.8
"avg:workflow_execution.avg{*}",workflowname:cancel_hotel_booking_sub_wf,2025-01-20T02:39:20.000Z,0
"avg:workflow_execution.avg{*}",workflowname:cancel_hotel_booking_sub_wf,2025-01-20T02:39:25.000Z,0
"avg:workflow_execution.avg{*}",workflowname:cancel_hotel_booking_sub_wf,2025-01-20T02:39:30.000Z,0
"avg:workflow_execution.avg{*}",workflowname:cancel_hotel_booking_sub_wf,2025-01-20T02:39:35.000Z,0
"avg:workflow_execution.avg{*}",workflowname:cancel_hotel_booking_sub_wf,2025-01-20T02:39:40.000Z,0
"avg:workflow_execution.avg{*}",workflowname:cancel_hotel_booking_sub_wf,2025-01-20T02:39:45.000Z,0
"avg:workflow_execution.avg{*}",workflowname:cancel_hotel_booking_sub_wf,2025-01-20T02:39:50.000Z,0
"avg:workflow_execution.avg{*}",workflowname:cancel_hotel_booking_sub_wf,2025-01-20T02:39:55.000Z,0
"avg:workflow_execution.avg{*}",workflowname:cancel_hotel_booking_sub_wf,2025-01-20T02:40:00.000Z,0
"avg:workflow_execution.avg{*}",workflowname:cancel_hotel_booking_sub_wf,2025-01-20T02:40:05.000Z,0
"avg:workflow_execution.avg{*}",workflowname:cancel_hotel_booking_sub_wf,2025-01-20T02:40:10.000Z,0
"avg:workflow_execution.avg{*}",workflowname:cancel_hotel_booking_sub_wf,2025-01-20T02:40:15.000Z,0
"avg:workflow_execution.avg{*}",workflowname:cancel_hotel_booking_sub_wf,2025-01-20T02:40:20.000Z,0
"avg:workflow_execution.avg{*}",workflowname:cancel_hotel_booking_sub_wf,2025-01-20T02:40:25.000Z,0
"avg:workflow_execution.avg{*}",workflowname:cancel_hotel_booking_sub_wf,2025-01-20T02:40:30.000Z,0
"avg:workflow_execution.avg{*}",workflowname:cancel_hotel_booking_sub_wf,2025-01-20T02:40:35.000Z,0
"avg:workflow_execution.avg{*}",workflowname:cancel_hotel_booking_sub_wf,2025-01-20T02:40:40.000Z,0
"avg:workflow_execution.avg{*}",workflowname:cancel_hotel_booking_sub_wf,2025-01-20T02:40:45.000Z,0
"avg:workflow_execution.avg{*}",workflowname:cancel_hotel_booking_sub_wf,2025-01-20T02:40:50.000Z,0
"avg:workflow_execution.avg{*}",workflowname:cancel_hotel_booking_sub_wf,2025-01-20T02:40:55.000Z,0
"avg:workflow_execution.avg{*}",workflowname:cancel_hotel_booking_sub_wf,2025-01-20T02:41:00.000Z,0
"avg:workflow_execution.avg{*}",workflowname:cancel_hotel_booking_sub_wf,2025-01-20T02:41:05.000Z,0
"avg:workflow_execution.avg{*}",workflowname:cancel_hotel_booking_sub_wf,2025-01-20T02:41:10.000Z,0
"avg:workflow_execution.avg{*}",workflowname:cancel_hotel_booking_sub_wf,2025-01-20T02:41:15.000Z,0
"avg:workflow_execution.avg{*}",workflowname:cancel_hotel_booking_sub_wf,2025-01-20T02:41:20.000Z,0
"avg:workflow_execution.avg{*}",workflowname:cancel_hotel_booking_sub_wf,2025-01-20T02:41:25.000Z,0
"avg:workflow_execution.avg{*}",workflowname:cancel_hotel_booking_sub_wf,2025-01-20T02:41:30.000Z,0
"avg:workflow_execution.avg{*}",workflowname:cancel_hotel_booking_sub_wf,2025-01-20T02:41:35.000Z,0
"avg:workflow_execution.avg{*}",workflowname:cancel_hotel_booking_sub_wf,2025-01-20T02:41:40.000Z,0
"avg:workflow_execution.avg{*}",workflowname:cancel_hotel_booking_sub_wf,2025-01-20T02:41:45.000Z,0
"avg:workflow_execution.avg{*}",workflowname:cancel_hotel_booking_sub_wf,2025-01-20T02:41:50.000Z,0
"avg:workflow_execution.avg{*}",workflowname:cancel_hotel_booking_sub_wf,2025-01-20T02:41:55.000Z,0
"avg:workflow_execution.avg{*}",workflowname:cancel_hotel_booking_sub_wf,2025-01-20T02:42:00.000Z,0
"avg:workflow_execution.avg{*}",workflowname:cancel_hotel_booking_sub_wf,2025-01-20T02:42:05.000Z,0
"avg:workflow_execution.avg{*}",workflowname:cancel_hotel_booking_sub_wf,2025-01-20T02:42:10.000Z,0
"avg:workflow_execution.avg{*}",workflowname:cancel_hotel_booking_sub_wf,2025-01-20T02:42:15.000Z,0
"avg:workflow_execution.avg{*}",workflowname:cancel_hotel_booking_sub_wf,2025-01-20T02:42:20.000Z,0
"avg:workflow_execution.avg{*}",workflowname:cancel_hotel_booking_sub_wf,2025-01-20T02:42:25.000Z,0
"avg:workflow_execution.avg{*}",workflowname:cancel_hotel_booking_sub_wf,2025-01-20T02:42:30.000Z,0
"avg:workflow_execution.avg{*}",workflowname:cancel_hotel_booking_sub_wf,2025-01-20T02:42:35.000Z,0
"avg:workflow_execution.avg{*}",workflowname:cancel_hotel_booking_sub_wf,2025-01-20T02:42:40.000Z,105640.2
"avg:workflow_execution.avg{*}",workflowname:cancel_hotel_booking_sub_wf,2025-01-20T02:42:45.000Z,0
"avg:workflow_execution.avg{*}",workflowname:cancel_hotel_booking_sub_wf,2025-01-20T02:42:50.000Z,0
"avg:workflow_execution.avg{*}",workflowname:cancel_hotel_booking_sub_wf,2025-01-20T02:42:55.000Z,0
"avg:workflow_execution.avg{*}",workflowname:cancel_hotel_booking_sub_wf,2025-01-20T02:43:00.000Z,0
"avg:workflow_execution.avg{*}",workflowname:cancel_hotel_booking_sub_wf,2025-01-20T02:43:05.000Z,105341.76
"avg:workflow_execution.avg{*}",workflowname:cancel_hotel_booking_sub_wf,2025-01-20T02:43:10.000Z,496970.051379
"avg:workflow_execution.avg{*}",workflowname:cancel_hotel_booking_sub_wf,2025-01-20T02:43:15.000Z,434769.244949
"avg:workflow_execution.avg{*}",workflowname:cancel_hotel_booking_sub_wf,2025-01-20T02:43:20.000Z,241014.116234
"avg:workflow_execution.avg{*}",workflowname:cancel_hotel_booking_sub_wf,2025-01-20T02:43:25.000Z,109910.037002
"avg:workflow_execution.avg{*}",workflowname:cancel_hotel_booking_sub_wf,2025-01-20T02:43:30.000Z,144284.024824
"avg:workflow_execution.avg{*}",workflowname:cancel_hotel_booking_sub_wf,2025-01-20T02:43:35.000Z,72279.685238
"avg:workflow_execution.avg{*}",workflowname:cancel_hotel_booking_sub_wf,2025-01-20T02:43:40.000Z,53950.679805
"avg:workflow_execution.avg{*}",workflowname:cancel_hotel_booking_sub_wf,2025-01-20T02:43:45.000Z,8871.839583
"avg:workflow_execution.avg{*}",workflowname:cancel_hotel_booking_sub_wf,2025-01-20T02:43:50.000Z,0
"avg:workflow_execution.avg{*}",workflowname:cancel_hotel_booking_sub_wf,2025-01-20T02:43:55.000Z,0
"avg:workflow_execution.avg{*}",workflowname:cancel_hotel_booking_sub_wf,2025-01-20T02:44:00.000Z,0
"avg:workflow_execution.avg{*}",workflowname:cancel_hotel_booking_sub_wf,2025-01-20T02:44:05.000Z,0
"avg:workflow_execution.avg{*}",workflowname:cancel_hotel_booking_sub_wf,2025-01-20T02:44:10.000Z,0
"avg:workflow_execution.avg{*}",workflowname:cancel_hotel_booking_sub_wf,2025-01-20T02:44:15.000Z,0
"avg:workflow_execution.avg{*}",workflowname:cancel_hotel_booking_sub_wf,2025-01-20T02:44:20.000Z,0
"avg:workflow_execution.avg{*}",workflowname:cancel_hotel_booking_sub_wf,2025-01-20T02:44:25.000Z,0
"avg:workflow_execution.avg{*}",workflowname:cancel_hotel_booking_sub_wf,2025-01-20T02:44:30.000Z,0
"avg:workflow_execution.avg{*}",workflowname:cancel_hotel_booking_sub_wf,2025-01-20T02:44:35.000Z,0
"avg:workflow_execution.avg{*}",workflowname:cancel_hotel_booking_sub_wf,2025-01-20T02:44:40.000Z,0
"avg:workflow_execution.avg{*}",workflowname:cancel_hotel_booking_sub_wf,2025-01-20T02:44:45.000Z,0
"avg:workflow_execution.avg{*}",workflowname:cancel_hotel_booking_sub_wf,2025-01-20T02:44:50.000Z,0
"avg:workflow_execution.avg{*}",workflowname:cancel_hotel_booking_sub_wf,2025-01-20T02:44:55.000Z,0
"avg:workflow_execution.avg{*}",workflowname:cancel_hotel_booking_sub_wf,2025-01-20T02:45:00.000Z,0
"avg:workflow_execution.avg{*}",workflowname:cancel_hotel_booking_sub_wf,2025-01-20T02:45:05.000Z,0
"avg:workflow_execution.avg{*}",workflowname:cancel_hotel_booking_sub_wf,2025-01-20T02:45:10.000Z,0
"avg:workflow_execution.avg{*}",workflowname:cancel_hotel_booking_sub_wf,2025-01-20T02:45:15.000Z,0
"avg:workflow_execution.avg{*}",workflowname:cancel_hotel_booking_sub_wf,2025-01-20T02:45:20.000Z,0
"avg:workflow_execution.avg{*}",workflowname:cancel_hotel_booking_sub_wf,2025-01-20T02:45:25.000Z,0
"avg:workflow_execution.avg{*}",workflowname:cancel_hotel_booking_sub_wf,2025-01-20T02:45:30.000Z,0
"avg:workflow_execution.avg{*}",workflowname:cancel_hotel_booking_sub_wf,2025-01-20T02:45:35.000Z,0
"avg:workflow_execution.avg{*}",workflowname:cancel_hotel_booking_sub_wf,2025-01-20T02:45:40.000Z,0
"avg:workflow_execution.avg{*}",workflowname:cancel_hotel_booking_sub_wf,2025-01-20T02:45:45.000Z,0
"avg:workflow_execution.avg{*}",workflowname:cancel_hotel_booking_sub_wf,2025-01-20T02:45:50.000Z,0
"avg:workflow_execution.avg{*}",workflowname:cancel_hotel_booking_sub_wf,2025-01-20T02:45:55.000Z,0
"avg:workflow_execution.avg{*}",workflowname:cancel_hotel_booking_sub_wf,2025-01-20T02:46:00.000Z,0
