query,group,time,value
"avg:container.memory.usage{container_name:server-hotel OR container_name:server-flight OR container_name:conductor-server}",container_name:conductor-server,2025-01-20T02:23:55.000Z,340004864
"avg:container.memory.usage{container_name:server-hotel OR container_name:server-flight OR container_name:conductor-server}",container_name:conductor-server,2025-01-20T02:24:10.000Z,425115648
"avg:container.memory.usage{container_name:server-hotel OR container_name:server-flight OR container_name:conductor-server}",container_name:conductor-server,2025-01-20T02:24:25.000Z,842907648
"avg:container.memory.usage{container_name:server-hotel OR container_name:server-flight OR container_name:conductor-server}",container_name:conductor-server,2025-01-20T02:24:40.000Z,1067003904
"avg:container.memory.usage{container_name:server-hotel OR container_name:server-flight OR container_name:conductor-server}",container_name:conductor-server,2025-01-20T02:24:55.000Z,1106051072
"avg:container.memory.usage{container_name:server-hotel OR container_name:server-flight OR container_name:conductor-server}",container_name:conductor-server,2025-01-20T02:25:10.000Z,1116020736
"avg:container.memory.usage{container_name:server-hotel OR container_name:server-flight OR container_name:conductor-server}",container_name:conductor-server,2025-01-20T02:25:25.000Z,1106583552
"avg:container.memory.usage{container_name:server-hotel OR container_name:server-flight OR container_name:conductor-server}",container_name:conductor-server,2025-01-20T02:25:40.000Z,1113829376
"avg:container.memory.usage{container_name:server-hotel OR container_name:server-flight OR container_name:conductor-server}",container_name:conductor-server,2025-01-20T02:25:55.000Z,1109962752
"avg:container.memory.usage{container_name:server-hotel OR container_name:server-flight OR container_name:conductor-server}",container_name:conductor-server,2025-01-20T02:26:10.000Z,1086111744
"avg:container.memory.usage{container_name:server-hotel OR container_name:server-flight OR container_name:conductor-server}",container_name:conductor-server,2025-01-20T02:26:25.000Z,1087299584
"avg:container.memory.usage{container_name:server-hotel OR container_name:server-flight OR container_name:conductor-server}",container_name:conductor-server,2025-01-20T02:26:40.000Z,1088155648
"avg:container.memory.usage{container_name:server-hotel OR container_name:server-flight OR container_name:conductor-server}",container_name:conductor-server,2025-01-20T02:26:55.000Z,1087143936
"avg:container.memory.usage{container_name:server-hotel OR container_name:server-flight OR container_name:conductor-server}",container_name:conductor-server,2025-01-20T02:27:10.000Z,1087639552
"avg:container.memory.usage{container_name:server-hotel OR container_name:server-flight OR container_name:conductor-server}",container_name:conductor-server,2025-01-20T02:27:25.000Z,1088364544
"avg:container.memory.usage{container_name:server-hotel OR container_name:server-flight OR container_name:conductor-server}",container_name:conductor-server,2025-01-20T02:27:40.000Z,1106034688
"avg:container.memory.usage{container_name:server-hotel OR container_name:server-flight OR container_name:conductor-server}",container_name:conductor-server,2025-01-20T02:27:55.000Z,1091805184
"avg:container.memory.usage{container_name:server-hotel OR container_name:server-flight OR container_name:conductor-server}",container_name:conductor-server,2025-01-20T02:28:10.000Z,1093324800
"avg:container.memory.usage{container_name:server-hotel OR container_name:server-flight OR container_name:conductor-server}",container_name:conductor-server,2025-01-20T02:28:25.000Z,1094541312
"avg:container.memory.usage{container_name:server-hotel OR container_name:server-flight OR container_name:conductor-server}",container_name:conductor-server,2025-01-20T02:28:40.000Z,1095094272
"avg:container.memory.usage{container_name:server-hotel OR container_name:server-flight OR container_name:conductor-server}",container_name:conductor-server,2025-01-20T02:28:55.000Z,1093537792
"avg:container.memory.usage{container_name:server-hotel OR container_name:server-flight OR container_name:conductor-server}",container_name:conductor-server,2025-01-20T02:29:10.000Z,1093926912
"avg:container.memory.usage{container_name:server-hotel OR container_name:server-flight OR container_name:conductor-server}",container_name:conductor-server,2025-01-20T02:29:25.000Z,1094815744
"avg:container.memory.usage{container_name:server-hotel OR container_name:server-flight OR container_name:conductor-server}",container_name:conductor-server,2025-01-20T02:29:40.000Z,1095593984
"avg:container.memory.usage{container_name:server-hotel OR container_name:server-flight OR container_name:conductor-server}",container_name:conductor-server,2025-01-20T02:29:55.000Z,1094676480
"avg:container.memory.usage{container_name:server-hotel OR container_name:server-flight OR container_name:conductor-server}",container_name:conductor-server,2025-01-20T02:30:10.000Z,1094991872
"avg:container.memory.usage{container_name:server-hotel OR container_name:server-flight OR container_name:conductor-server}",container_name:conductor-server,2025-01-20T02:30:25.000Z,1095098368
"avg:container.memory.usage{container_name:server-hotel OR container_name:server-flight OR container_name:conductor-server}",container_name:conductor-server,2025-01-20T02:30:40.000Z,1095671808
"avg:container.memory.usage{container_name:server-hotel OR container_name:server-flight OR container_name:conductor-server}",container_name:conductor-server,2025-01-20T02:30:55.000Z,1095475200
"avg:container.memory.usage{container_name:server-hotel OR container_name:server-flight OR container_name:conductor-server}",container_name:conductor-server,2025-01-20T02:31:10.000Z,1095196672
"avg:container.memory.usage{container_name:server-hotel OR container_name:server-flight OR container_name:conductor-server}",container_name:conductor-server,2025-01-20T02:31:25.000Z,1095958528
"avg:container.memory.usage{container_name:server-hotel OR container_name:server-flight OR container_name:conductor-server}",container_name:conductor-server,2025-01-20T02:31:40.000Z,1096605696
"avg:container.memory.usage{container_name:server-hotel OR container_name:server-flight OR container_name:conductor-server}",container_name:conductor-server,2025-01-20T02:31:55.000Z,1095323648
"avg:container.memory.usage{container_name:server-hotel OR container_name:server-flight OR container_name:conductor-server}",container_name:conductor-server,2025-01-20T02:32:10.000Z,1095864320
"avg:container.memory.usage{container_name:server-hotel OR container_name:server-flight OR container_name:conductor-server}",container_name:conductor-server,2025-01-20T02:32:25.000Z,1096163328
"avg:container.memory.usage{container_name:server-hotel OR container_name:server-flight OR container_name:conductor-server}",container_name:conductor-server,2025-01-20T02:32:40.000Z,1096650752
"avg:container.memory.usage{container_name:server-hotel OR container_name:server-flight OR container_name:conductor-server}",container_name:conductor-server,2025-01-20T02:32:55.000Z,1095864320
"avg:container.memory.usage{container_name:server-hotel OR container_name:server-flight OR container_name:conductor-server}",container_name:conductor-server,2025-01-20T02:33:10.000Z,1095798784
"avg:container.memory.usage{container_name:server-hotel OR container_name:server-flight OR container_name:conductor-server}",container_name:conductor-server,2025-01-20T02:33:25.000Z,1095606272
"avg:container.memory.usage{container_name:server-hotel OR container_name:server-flight OR container_name:conductor-server}",container_name:conductor-server,2025-01-20T02:33:40.000Z,1097134080
"avg:container.memory.usage{container_name:server-hotel OR container_name:server-flight OR container_name:conductor-server}",container_name:conductor-server,2025-01-20T02:33:55.000Z,1096306688
"avg:container.memory.usage{container_name:server-hotel OR container_name:server-flight OR container_name:conductor-server}",container_name:conductor-server,2025-01-20T02:34:10.000Z,1096060928
"avg:container.memory.usage{container_name:server-hotel OR container_name:server-flight OR container_name:conductor-server}",container_name:conductor-server,2025-01-20T02:34:25.000Z,1096028160
"avg:container.memory.usage{container_name:server-hotel OR container_name:server-flight OR container_name:conductor-server}",container_name:conductor-server,2025-01-20T02:34:40.000Z,1097609216
"avg:container.memory.usage{container_name:server-hotel OR container_name:server-flight OR container_name:conductor-server}",container_name:conductor-server,2025-01-20T02:34:55.000Z,1097068544
"avg:container.memory.usage{container_name:server-hotel OR container_name:server-flight OR container_name:conductor-server}",container_name:conductor-server,2025-01-20T02:35:10.000Z,1097691136
"avg:container.memory.usage{container_name:server-hotel OR container_name:server-flight OR container_name:conductor-server}",container_name:conductor-server,2025-01-20T02:35:25.000Z,1098330112
"avg:container.memory.usage{container_name:server-hotel OR container_name:server-flight OR container_name:conductor-server}",container_name:conductor-server,2025-01-20T02:35:40.000Z,1099870208
"avg:container.memory.usage{container_name:server-hotel OR container_name:server-flight OR container_name:conductor-server}",container_name:conductor-server,2025-01-20T02:35:55.000Z,1099452416
"avg:container.memory.usage{container_name:server-hotel OR container_name:server-flight OR container_name:conductor-server}",container_name:conductor-server,2025-01-20T02:36:10.000Z,1100484608
"avg:container.memory.usage{container_name:server-hotel OR container_name:server-flight OR container_name:conductor-server}",container_name:conductor-server,2025-01-20T02:36:25.000Z,1100832768
"avg:container.memory.usage{container_name:server-hotel OR container_name:server-flight OR container_name:conductor-server}",container_name:conductor-server,2025-01-20T02:36:40.000Z,1102041088
"avg:container.memory.usage{container_name:server-hotel OR container_name:server-flight OR container_name:conductor-server}",container_name:conductor-server,2025-01-20T02:36:55.000Z,1100492800
"avg:container.memory.usage{container_name:server-hotel OR container_name:server-flight OR container_name:conductor-server}",container_name:conductor-server,2025-01-20T02:37:10.000Z,1100853248
"avg:container.memory.usage{container_name:server-hotel OR container_name:server-flight OR container_name:conductor-server}",container_name:conductor-server,2025-01-20T02:37:25.000Z,1101901824
"avg:container.memory.usage{container_name:server-hotel OR container_name:server-flight OR container_name:conductor-server}",container_name:conductor-server,2025-01-20T02:37:40.000Z,1102368768
"avg:container.memory.usage{container_name:server-hotel OR container_name:server-flight OR container_name:conductor-server}",container_name:conductor-server,2025-01-20T02:37:55.000Z,1101373440
"avg:container.memory.usage{container_name:server-hotel OR container_name:server-flight OR container_name:conductor-server}",container_name:conductor-server,2025-01-20T02:38:10.000Z,1101705216
"avg:container.memory.usage{container_name:server-hotel OR container_name:server-flight OR container_name:conductor-server}",container_name:conductor-server,2025-01-20T02:38:25.000Z,1102876672
"avg:container.memory.usage{container_name:server-hotel OR container_name:server-flight OR container_name:conductor-server}",container_name:conductor-server,2025-01-20T02:38:40.000Z,1103392768
"avg:container.memory.usage{container_name:server-hotel OR container_name:server-flight OR container_name:conductor-server}",container_name:conductor-server,2025-01-20T02:38:55.000Z,1102336000
"avg:container.memory.usage{container_name:server-hotel OR container_name:server-flight OR container_name:conductor-server}",container_name:conductor-server,2025-01-20T02:39:10.000Z,1102614528
"avg:container.memory.usage{container_name:server-hotel OR container_name:server-flight OR container_name:conductor-server}",container_name:conductor-server,2025-01-20T02:39:25.000Z,1102254080
"avg:container.memory.usage{container_name:server-hotel OR container_name:server-flight OR container_name:conductor-server}",container_name:conductor-server,2025-01-20T02:39:40.000Z,1103716352
"avg:container.memory.usage{container_name:server-hotel OR container_name:server-flight OR container_name:conductor-server}",container_name:conductor-server,2025-01-20T02:39:55.000Z,1103233024
"avg:container.memory.usage{container_name:server-hotel OR container_name:server-flight OR container_name:conductor-server}",container_name:conductor-server,2025-01-20T02:40:10.000Z,1103118336
"avg:container.memory.usage{container_name:server-hotel OR container_name:server-flight OR container_name:conductor-server}",container_name:conductor-server,2025-01-20T02:40:25.000Z,1103290368
"avg:container.memory.usage{container_name:server-hotel OR container_name:server-flight OR container_name:conductor-server}",container_name:conductor-server,2025-01-20T02:40:40.000Z,1103769600
"avg:container.memory.usage{container_name:server-hotel OR container_name:server-flight OR container_name:conductor-server}",container_name:conductor-server,2025-01-20T02:40:55.000Z,1103704064
"avg:container.memory.usage{container_name:server-hotel OR container_name:server-flight OR container_name:conductor-server}",container_name:conductor-server,2025-01-20T02:41:10.000Z,1103962112
"avg:container.memory.usage{container_name:server-hotel OR container_name:server-flight OR container_name:conductor-server}",container_name:conductor-server,2025-01-20T02:41:25.000Z,1104699392
"avg:container.memory.usage{container_name:server-hotel OR container_name:server-flight OR container_name:conductor-server}",container_name:conductor-server,2025-01-20T02:41:40.000Z,1105670144
"avg:container.memory.usage{container_name:server-hotel OR container_name:server-flight OR container_name:conductor-server}",container_name:conductor-server,2025-01-20T02:41:55.000Z,1104691200
"avg:container.memory.usage{container_name:server-hotel OR container_name:server-flight OR container_name:conductor-server}",container_name:conductor-server,2025-01-20T02:42:10.000Z,1105002496
"avg:container.memory.usage{container_name:server-hotel OR container_name:server-flight OR container_name:conductor-server}",container_name:conductor-server,2025-01-20T02:42:25.000Z,1106313216
"avg:container.memory.usage{container_name:server-hotel OR container_name:server-flight OR container_name:conductor-server}",container_name:conductor-server,2025-01-20T02:42:40.000Z,1107304448
"avg:container.memory.usage{container_name:server-hotel OR container_name:server-flight OR container_name:conductor-server}",container_name:conductor-server,2025-01-20T02:42:55.000Z,1106534400
"avg:container.memory.usage{container_name:server-hotel OR container_name:server-flight OR container_name:conductor-server}",container_name:conductor-server,2025-01-20T02:43:10.000Z,1107083264
"avg:container.memory.usage{container_name:server-hotel OR container_name:server-flight OR container_name:conductor-server}",container_name:conductor-server,2025-01-20T02:43:25.000Z,1108176896
"avg:container.memory.usage{container_name:server-hotel OR container_name:server-flight OR container_name:conductor-server}",container_name:conductor-server,2025-01-20T02:43:40.000Z,1109991424
"avg:container.memory.usage{container_name:server-hotel OR container_name:server-flight OR container_name:conductor-server}",container_name:conductor-server,2025-01-20T02:43:55.000Z,1108914176
"avg:container.memory.usage{container_name:server-hotel OR container_name:server-flight OR container_name:conductor-server}",container_name:conductor-server,2025-01-20T02:44:10.000Z,1109471232
"avg:container.memory.usage{container_name:server-hotel OR container_name:server-flight OR container_name:conductor-server}",container_name:conductor-server,2025-01-20T02:44:25.000Z,1109430272
"avg:container.memory.usage{container_name:server-hotel OR container_name:server-flight OR container_name:conductor-server}",container_name:conductor-server,2025-01-20T02:44:40.000Z,1109835776
"avg:container.memory.usage{container_name:server-hotel OR container_name:server-flight OR container_name:conductor-server}",container_name:conductor-server,2025-01-20T02:44:55.000Z,1109581824
"avg:container.memory.usage{container_name:server-hotel OR container_name:server-flight OR container_name:conductor-server}",container_name:conductor-server,2025-01-20T02:45:10.000Z,1109868544
"avg:container.memory.usage{container_name:server-hotel OR container_name:server-flight OR container_name:conductor-server}",container_name:conductor-server,2025-01-20T02:45:25.000Z,1110011904
"avg:container.memory.usage{container_name:server-hotel OR container_name:server-flight OR container_name:conductor-server}",container_name:conductor-server,2025-01-20T02:45:40.000Z,1109696512
"avg:container.memory.usage{container_name:server-hotel OR container_name:server-flight OR container_name:conductor-server}",container_name:conductor-server,2025-01-20T02:45:55.000Z,1109647360
"avg:container.memory.usage{container_name:server-hotel OR container_name:server-flight OR container_name:conductor-server}",container_name:server-flight,2025-01-20T02:23:55.000Z,15237120
"avg:container.memory.usage{container_name:server-hotel OR container_name:server-flight OR container_name:conductor-server}",container_name:server-flight,2025-01-20T02:24:10.000Z,17362944
"avg:container.memory.usage{container_name:server-hotel OR container_name:server-flight OR container_name:conductor-server}",container_name:server-flight,2025-01-20T02:24:25.000Z,17444864
"avg:container.memory.usage{container_name:server-hotel OR container_name:server-flight OR container_name:conductor-server}",container_name:server-flight,2025-01-20T02:24:40.000Z,19787776
"avg:container.memory.usage{container_name:server-hotel OR container_name:server-flight OR container_name:conductor-server}",container_name:server-flight,2025-01-20T02:24:55.000Z,24444928
"avg:container.memory.usage{container_name:server-hotel OR container_name:server-flight OR container_name:conductor-server}",container_name:server-flight,2025-01-20T02:25:10.000Z,24666112
"avg:container.memory.usage{container_name:server-hotel OR container_name:server-flight OR container_name:conductor-server}",container_name:server-flight,2025-01-20T02:25:25.000Z,26943488
"avg:container.memory.usage{container_name:server-hotel OR container_name:server-flight OR container_name:conductor-server}",container_name:server-flight,2025-01-20T02:25:40.000Z,29085696
"avg:container.memory.usage{container_name:server-hotel OR container_name:server-flight OR container_name:conductor-server}",container_name:server-flight,2025-01-20T02:25:55.000Z,31354880
"avg:container.memory.usage{container_name:server-hotel OR container_name:server-flight OR container_name:conductor-server}",container_name:server-flight,2025-01-20T02:26:10.000Z,33591296
"avg:container.memory.usage{container_name:server-hotel OR container_name:server-flight OR container_name:conductor-server}",container_name:server-flight,2025-01-20T02:26:25.000Z,33746944
"avg:container.memory.usage{container_name:server-hotel OR container_name:server-flight OR container_name:conductor-server}",container_name:server-flight,2025-01-20T02:26:40.000Z,33656832
"avg:container.memory.usage{container_name:server-hotel OR container_name:server-flight OR container_name:conductor-server}",container_name:server-flight,2025-01-20T02:26:55.000Z,33992704
"avg:container.memory.usage{container_name:server-hotel OR container_name:server-flight OR container_name:conductor-server}",container_name:server-flight,2025-01-20T02:27:10.000Z,34058240
"avg:container.memory.usage{container_name:server-hotel OR container_name:server-flight OR container_name:conductor-server}",container_name:server-flight,2025-01-20T02:27:25.000Z,36941824
"avg:container.memory.usage{container_name:server-hotel OR container_name:server-flight OR container_name:conductor-server}",container_name:server-flight,2025-01-20T02:27:40.000Z,37060608
"avg:container.memory.usage{container_name:server-hotel OR container_name:server-flight OR container_name:conductor-server}",container_name:server-flight,2025-01-20T02:27:55.000Z,37384192
"avg:container.memory.usage{container_name:server-hotel OR container_name:server-flight OR container_name:conductor-server}",container_name:server-flight,2025-01-20T02:28:10.000Z,38031360
"avg:container.memory.usage{container_name:server-hotel OR container_name:server-flight OR container_name:conductor-server}",container_name:server-flight,2025-01-20T02:28:25.000Z,40562688
"avg:container.memory.usage{container_name:server-hotel OR container_name:server-flight OR container_name:conductor-server}",container_name:server-flight,2025-01-20T02:28:40.000Z,40775680
"avg:container.memory.usage{container_name:server-hotel OR container_name:server-flight OR container_name:conductor-server}",container_name:server-flight,2025-01-20T02:28:55.000Z,42647552
"avg:container.memory.usage{container_name:server-hotel OR container_name:server-flight OR container_name:conductor-server}",container_name:server-flight,2025-01-20T02:29:10.000Z,42745856
"avg:container.memory.usage{container_name:server-hotel OR container_name:server-flight OR container_name:conductor-server}",container_name:server-flight,2025-01-20T02:29:25.000Z,42926080
"avg:container.memory.usage{container_name:server-hotel OR container_name:server-flight OR container_name:conductor-server}",container_name:server-flight,2025-01-20T02:29:40.000Z,42889216
"avg:container.memory.usage{container_name:server-hotel OR container_name:server-flight OR container_name:conductor-server}",container_name:server-flight,2025-01-20T02:29:55.000Z,42942464
"avg:container.memory.usage{container_name:server-hotel OR container_name:server-flight OR container_name:conductor-server}",container_name:server-flight,2025-01-20T02:30:10.000Z,42926080
"avg:container.memory.usage{container_name:server-hotel OR container_name:server-flight OR container_name:conductor-server}",container_name:server-flight,2025-01-20T02:30:25.000Z,42942464
"avg:container.memory.usage{container_name:server-hotel OR container_name:server-flight OR container_name:conductor-server}",container_name:server-flight,2025-01-20T02:30:40.000Z,42958848
"avg:container.memory.usage{container_name:server-hotel OR container_name:server-flight OR container_name:conductor-server}",container_name:server-flight,2025-01-20T02:30:55.000Z,42987520
"avg:container.memory.usage{container_name:server-hotel OR container_name:server-flight OR container_name:conductor-server}",container_name:server-flight,2025-01-20T02:31:10.000Z,43008000
"avg:container.memory.usage{container_name:server-hotel OR container_name:server-flight OR container_name:conductor-server}",container_name:server-flight,2025-01-20T02:31:25.000Z,42930176
"avg:container.memory.usage{container_name:server-hotel OR container_name:server-flight OR container_name:conductor-server}",container_name:server-flight,2025-01-20T02:31:40.000Z,43098112
"avg:container.memory.usage{container_name:server-hotel OR container_name:server-flight OR container_name:conductor-server}",container_name:server-flight,2025-01-20T02:31:55.000Z,43237376
"avg:container.memory.usage{container_name:server-hotel OR container_name:server-flight OR container_name:conductor-server}",container_name:server-flight,2025-01-20T02:32:10.000Z,43339776
"avg:container.memory.usage{container_name:server-hotel OR container_name:server-flight OR container_name:conductor-server}",container_name:server-flight,2025-01-20T02:32:25.000Z,43626496
"avg:container.memory.usage{container_name:server-hotel OR container_name:server-flight OR container_name:conductor-server}",container_name:server-flight,2025-01-20T02:32:40.000Z,43368448
"avg:container.memory.usage{container_name:server-hotel OR container_name:server-flight OR container_name:conductor-server}",container_name:server-flight,2025-01-20T02:32:55.000Z,43581440
"avg:container.memory.usage{container_name:server-hotel OR container_name:server-flight OR container_name:conductor-server}",container_name:server-flight,2025-01-20T02:33:10.000Z,43454464
"avg:container.memory.usage{container_name:server-hotel OR container_name:server-flight OR container_name:conductor-server}",container_name:server-flight,2025-01-20T02:33:25.000Z,43376640
"avg:container.memory.usage{container_name:server-hotel OR container_name:server-flight OR container_name:conductor-server}",container_name:server-flight,2025-01-20T02:33:40.000Z,43380736
"avg:container.memory.usage{container_name:server-hotel OR container_name:server-flight OR container_name:conductor-server}",container_name:server-flight,2025-01-20T02:33:55.000Z,43642880
"avg:container.memory.usage{container_name:server-hotel OR container_name:server-flight OR container_name:conductor-server}",container_name:server-flight,2025-01-20T02:34:10.000Z,43765760
"avg:container.memory.usage{container_name:server-hotel OR container_name:server-flight OR container_name:conductor-server}",container_name:server-flight,2025-01-20T02:34:25.000Z,43470848
"avg:container.memory.usage{container_name:server-hotel OR container_name:server-flight OR container_name:conductor-server}",container_name:server-flight,2025-01-20T02:34:40.000Z,43405312
"avg:container.memory.usage{container_name:server-hotel OR container_name:server-flight OR container_name:conductor-server}",container_name:server-flight,2025-01-20T02:34:55.000Z,43405312
"avg:container.memory.usage{container_name:server-hotel OR container_name:server-flight OR container_name:conductor-server}",container_name:server-flight,2025-01-20T02:35:10.000Z,43405312
"avg:container.memory.usage{container_name:server-hotel OR container_name:server-flight OR container_name:conductor-server}",container_name:server-flight,2025-01-20T02:35:25.000Z,43405312
"avg:container.memory.usage{container_name:server-hotel OR container_name:server-flight OR container_name:conductor-server}",container_name:server-flight,2025-01-20T02:35:40.000Z,43405312
"avg:container.memory.usage{container_name:server-hotel OR container_name:server-flight OR container_name:conductor-server}",container_name:server-flight,2025-01-20T02:35:55.000Z,42967040
"avg:container.memory.usage{container_name:server-hotel OR container_name:server-flight OR container_name:conductor-server}",container_name:server-flight,2025-01-20T02:36:10.000Z,42962944
"avg:container.memory.usage{container_name:server-hotel OR container_name:server-flight OR container_name:conductor-server}",container_name:server-flight,2025-01-20T02:36:25.000Z,43073536
"avg:container.memory.usage{container_name:server-hotel OR container_name:server-flight OR container_name:conductor-server}",container_name:server-flight,2025-01-20T02:36:40.000Z,43073536
"avg:container.memory.usage{container_name:server-hotel OR container_name:server-flight OR container_name:conductor-server}",container_name:server-flight,2025-01-20T02:36:55.000Z,43073536
"avg:container.memory.usage{container_name:server-hotel OR container_name:server-flight OR container_name:conductor-server}",container_name:server-flight,2025-01-20T02:37:10.000Z,45019136
"avg:container.memory.usage{container_name:server-hotel OR container_name:server-flight OR container_name:conductor-server}",container_name:server-flight,2025-01-20T02:37:25.000Z,45019136
"avg:container.memory.usage{container_name:server-hotel OR container_name:server-flight OR container_name:conductor-server}",container_name:server-flight,2025-01-20T02:37:40.000Z,46391296
"avg:container.memory.usage{container_name:server-hotel OR container_name:server-flight OR container_name:conductor-server}",container_name:server-flight,2025-01-20T02:37:55.000Z,46391296
"avg:container.memory.usage{container_name:server-hotel OR container_name:server-flight OR container_name:conductor-server}",container_name:server-flight,2025-01-20T02:38:10.000Z,46391296
"avg:container.memory.usage{container_name:server-hotel OR container_name:server-flight OR container_name:conductor-server}",container_name:server-flight,2025-01-20T02:38:25.000Z,46399488
"avg:container.memory.usage{container_name:server-hotel OR container_name:server-flight OR container_name:conductor-server}",container_name:server-flight,2025-01-20T02:38:40.000Z,46395392
"avg:container.memory.usage{container_name:server-hotel OR container_name:server-flight OR container_name:conductor-server}",container_name:server-flight,2025-01-20T02:38:55.000Z,46391296
"avg:container.memory.usage{container_name:server-hotel OR container_name:server-flight OR container_name:conductor-server}",container_name:server-flight,2025-01-20T02:39:10.000Z,46387200
"avg:container.memory.usage{container_name:server-hotel OR container_name:server-flight OR container_name:conductor-server}",container_name:server-flight,2025-01-20T02:39:25.000Z,46391296
"avg:container.memory.usage{container_name:server-hotel OR container_name:server-flight OR container_name:conductor-server}",container_name:server-flight,2025-01-20T02:39:40.000Z,46391296
"avg:container.memory.usage{container_name:server-hotel OR container_name:server-flight OR container_name:conductor-server}",container_name:server-flight,2025-01-20T02:39:55.000Z,46391296
"avg:container.memory.usage{container_name:server-hotel OR container_name:server-flight OR container_name:conductor-server}",container_name:server-flight,2025-01-20T02:40:10.000Z,46387200
"avg:container.memory.usage{container_name:server-hotel OR container_name:server-flight OR container_name:conductor-server}",container_name:server-flight,2025-01-20T02:40:25.000Z,46391296
"avg:container.memory.usage{container_name:server-hotel OR container_name:server-flight OR container_name:conductor-server}",container_name:server-flight,2025-01-20T02:40:40.000Z,46391296
"avg:container.memory.usage{container_name:server-hotel OR container_name:server-flight OR container_name:conductor-server}",container_name:server-flight,2025-01-20T02:40:55.000Z,46391296
"avg:container.memory.usage{container_name:server-hotel OR container_name:server-flight OR container_name:conductor-server}",container_name:server-flight,2025-01-20T02:41:10.000Z,46391296
"avg:container.memory.usage{container_name:server-hotel OR container_name:server-flight OR container_name:conductor-server}",container_name:server-flight,2025-01-20T02:41:25.000Z,46391296
"avg:container.memory.usage{container_name:server-hotel OR container_name:server-flight OR container_name:conductor-server}",container_name:server-flight,2025-01-20T02:41:40.000Z,46391296
"avg:container.memory.usage{container_name:server-hotel OR container_name:server-flight OR container_name:conductor-server}",container_name:server-flight,2025-01-20T02:41:55.000Z,46391296
"avg:container.memory.usage{container_name:server-hotel OR container_name:server-flight OR container_name:conductor-server}",container_name:server-flight,2025-01-20T02:42:10.000Z,46391296
"avg:container.memory.usage{container_name:server-hotel OR container_name:server-flight OR container_name:conductor-server}",container_name:server-flight,2025-01-20T02:42:25.000Z,46391296
"avg:container.memory.usage{container_name:server-hotel OR container_name:server-flight OR container_name:conductor-server}",container_name:server-flight,2025-01-20T02:42:40.000Z,46391296
"avg:container.memory.usage{container_name:server-hotel OR container_name:server-flight OR container_name:conductor-server}",container_name:server-flight,2025-01-20T02:42:55.000Z,46391296
"avg:container.memory.usage{container_name:server-hotel OR container_name:server-flight OR container_name:conductor-server}",container_name:server-flight,2025-01-20T02:43:10.000Z,46395392
"avg:container.memory.usage{container_name:server-hotel OR container_name:server-flight OR container_name:conductor-server}",container_name:server-flight,2025-01-20T02:43:25.000Z,46399488
"avg:container.memory.usage{container_name:server-hotel OR container_name:server-flight OR container_name:conductor-server}",container_name:server-flight,2025-01-20T02:43:40.000Z,46395392
"avg:container.memory.usage{container_name:server-hotel OR container_name:server-flight OR container_name:conductor-server}",container_name:server-flight,2025-01-20T02:43:55.000Z,50745344
"avg:container.memory.usage{container_name:server-hotel OR container_name:server-flight OR container_name:conductor-server}",container_name:server-flight,2025-01-20T02:44:10.000Z,51486720
"avg:container.memory.usage{container_name:server-hotel OR container_name:server-flight OR container_name:conductor-server}",container_name:server-flight,2025-01-20T02:44:25.000Z,51445760
"avg:container.memory.usage{container_name:server-hotel OR container_name:server-flight OR container_name:conductor-server}",container_name:server-flight,2025-01-20T02:44:40.000Z,51482624
"avg:container.memory.usage{container_name:server-hotel OR container_name:server-flight OR container_name:conductor-server}",container_name:server-flight,2025-01-20T02:44:55.000Z,51494912
"avg:container.memory.usage{container_name:server-hotel OR container_name:server-flight OR container_name:conductor-server}",container_name:server-flight,2025-01-20T02:45:10.000Z,51707904
"avg:container.memory.usage{container_name:server-hotel OR container_name:server-flight OR container_name:conductor-server}",container_name:server-flight,2025-01-20T02:45:25.000Z,51671040
"avg:container.memory.usage{container_name:server-hotel OR container_name:server-flight OR container_name:conductor-server}",container_name:server-flight,2025-01-20T02:45:40.000Z,51556352
"avg:container.memory.usage{container_name:server-hotel OR container_name:server-flight OR container_name:conductor-server}",container_name:server-flight,2025-01-20T02:45:55.000Z,51527680
"avg:container.memory.usage{container_name:server-hotel OR container_name:server-flight OR container_name:conductor-server}",container_name:server-hotel,2025-01-20T02:23:55.000Z,20180992
"avg:container.memory.usage{container_name:server-hotel OR container_name:server-flight OR container_name:conductor-server}",container_name:server-hotel,2025-01-20T02:24:10.000Z,20213760
"avg:container.memory.usage{container_name:server-hotel OR container_name:server-flight OR container_name:conductor-server}",container_name:server-hotel,2025-01-20T02:24:25.000Z,20217856
"avg:container.memory.usage{container_name:server-hotel OR container_name:server-flight OR container_name:conductor-server}",container_name:server-hotel,2025-01-20T02:24:40.000Z,20221952
"avg:container.memory.usage{container_name:server-hotel OR container_name:server-flight OR container_name:conductor-server}",container_name:server-hotel,2025-01-20T02:24:55.000Z,20226048
"avg:container.memory.usage{container_name:server-hotel OR container_name:server-flight OR container_name:conductor-server}",container_name:server-hotel,2025-01-20T02:25:10.000Z,20316160
"avg:container.memory.usage{container_name:server-hotel OR container_name:server-flight OR container_name:conductor-server}",container_name:server-hotel,2025-01-20T02:25:25.000Z,20316160
"avg:container.memory.usage{container_name:server-hotel OR container_name:server-flight OR container_name:conductor-server}",container_name:server-hotel,2025-01-20T02:25:40.000Z,20316160
"avg:container.memory.usage{container_name:server-hotel OR container_name:server-flight OR container_name:conductor-server}",container_name:server-hotel,2025-01-20T02:25:55.000Z,20316160
"avg:container.memory.usage{container_name:server-hotel OR container_name:server-flight OR container_name:conductor-server}",container_name:server-hotel,2025-01-20T02:26:10.000Z,20684800
"avg:container.memory.usage{container_name:server-hotel OR container_name:server-flight OR container_name:conductor-server}",container_name:server-hotel,2025-01-20T02:26:25.000Z,20717568
"avg:container.memory.usage{container_name:server-hotel OR container_name:server-flight OR container_name:conductor-server}",container_name:server-hotel,2025-01-20T02:26:40.000Z,21286912
"avg:container.memory.usage{container_name:server-hotel OR container_name:server-flight OR container_name:conductor-server}",container_name:server-hotel,2025-01-20T02:26:55.000Z,21299200
"avg:container.memory.usage{container_name:server-hotel OR container_name:server-flight OR container_name:conductor-server}",container_name:server-hotel,2025-01-20T02:27:10.000Z,23465984
"avg:container.memory.usage{container_name:server-hotel OR container_name:server-flight OR container_name:conductor-server}",container_name:server-hotel,2025-01-20T02:27:25.000Z,23465984
"avg:container.memory.usage{container_name:server-hotel OR container_name:server-flight OR container_name:conductor-server}",container_name:server-hotel,2025-01-20T02:27:40.000Z,23465984
"avg:container.memory.usage{container_name:server-hotel OR container_name:server-flight OR container_name:conductor-server}",container_name:server-hotel,2025-01-20T02:27:55.000Z,23482368
"avg:container.memory.usage{container_name:server-hotel OR container_name:server-flight OR container_name:conductor-server}",container_name:server-hotel,2025-01-20T02:28:10.000Z,23486464
"avg:container.memory.usage{container_name:server-hotel OR container_name:server-flight OR container_name:conductor-server}",container_name:server-hotel,2025-01-20T02:28:25.000Z,23556096
"avg:container.memory.usage{container_name:server-hotel OR container_name:server-flight OR container_name:conductor-server}",container_name:server-hotel,2025-01-20T02:28:40.000Z,23560192
"avg:container.memory.usage{container_name:server-hotel OR container_name:server-flight OR container_name:conductor-server}",container_name:server-hotel,2025-01-20T02:28:55.000Z,23638016
"avg:container.memory.usage{container_name:server-hotel OR container_name:server-flight OR container_name:conductor-server}",container_name:server-hotel,2025-01-20T02:29:10.000Z,23638016
"avg:container.memory.usage{container_name:server-hotel OR container_name:server-flight OR container_name:conductor-server}",container_name:server-hotel,2025-01-20T02:29:25.000Z,23642112
"avg:container.memory.usage{container_name:server-hotel OR container_name:server-flight OR container_name:conductor-server}",container_name:server-hotel,2025-01-20T02:29:40.000Z,23658496
"avg:container.memory.usage{container_name:server-hotel OR container_name:server-flight OR container_name:conductor-server}",container_name:server-hotel,2025-01-20T02:29:55.000Z,23654400
"avg:container.memory.usage{container_name:server-hotel OR container_name:server-flight OR container_name:conductor-server}",container_name:server-hotel,2025-01-20T02:30:10.000Z,23650304
"avg:container.memory.usage{container_name:server-hotel OR container_name:server-flight OR container_name:conductor-server}",container_name:server-hotel,2025-01-20T02:30:25.000Z,23654400
"avg:container.memory.usage{container_name:server-hotel OR container_name:server-flight OR container_name:conductor-server}",container_name:server-hotel,2025-01-20T02:30:40.000Z,23658496
"avg:container.memory.usage{container_name:server-hotel OR container_name:server-flight OR container_name:conductor-server}",container_name:server-hotel,2025-01-20T02:30:55.000Z,23707648
"avg:container.memory.usage{container_name:server-hotel OR container_name:server-flight OR container_name:conductor-server}",container_name:server-hotel,2025-01-20T02:31:10.000Z,23715840
"avg:container.memory.usage{container_name:server-hotel OR container_name:server-flight OR container_name:conductor-server}",container_name:server-hotel,2025-01-20T02:31:25.000Z,23719936
"avg:container.memory.usage{container_name:server-hotel OR container_name:server-flight OR container_name:conductor-server}",container_name:server-hotel,2025-01-20T02:31:40.000Z,23719936
"avg:container.memory.usage{container_name:server-hotel OR container_name:server-flight OR container_name:conductor-server}",container_name:server-hotel,2025-01-20T02:31:55.000Z,23855104
"avg:container.memory.usage{container_name:server-hotel OR container_name:server-flight OR container_name:conductor-server}",container_name:server-hotel,2025-01-20T02:32:10.000Z,23728128
"avg:container.memory.usage{container_name:server-hotel OR container_name:server-flight OR container_name:conductor-server}",container_name:server-hotel,2025-01-20T02:32:25.000Z,23744512
"avg:container.memory.usage{container_name:server-hotel OR container_name:server-flight OR container_name:conductor-server}",container_name:server-hotel,2025-01-20T02:32:40.000Z,23748608
"avg:container.memory.usage{container_name:server-hotel OR container_name:server-flight OR container_name:conductor-server}",container_name:server-hotel,2025-01-20T02:32:55.000Z,23748608
"avg:container.memory.usage{container_name:server-hotel OR container_name:server-flight OR container_name:conductor-server}",container_name:server-hotel,2025-01-20T02:33:10.000Z,23785472
"avg:container.memory.usage{container_name:server-hotel OR container_name:server-flight OR container_name:conductor-server}",container_name:server-hotel,2025-01-20T02:33:25.000Z,23789568
"avg:container.memory.usage{container_name:server-hotel OR container_name:server-flight OR container_name:conductor-server}",container_name:server-hotel,2025-01-20T02:33:40.000Z,23805952
"avg:container.memory.usage{container_name:server-hotel OR container_name:server-flight OR container_name:conductor-server}",container_name:server-hotel,2025-01-20T02:33:55.000Z,23793664
"avg:container.memory.usage{container_name:server-hotel OR container_name:server-flight OR container_name:conductor-server}",container_name:server-hotel,2025-01-20T02:34:10.000Z,23785472
"avg:container.memory.usage{container_name:server-hotel OR container_name:server-flight OR container_name:conductor-server}",container_name:server-hotel,2025-01-20T02:34:25.000Z,26877952
"avg:container.memory.usage{container_name:server-hotel OR container_name:server-flight OR container_name:conductor-server}",container_name:server-hotel,2025-01-20T02:34:40.000Z,29732864
"avg:container.memory.usage{container_name:server-hotel OR container_name:server-flight OR container_name:conductor-server}",container_name:server-hotel,2025-01-20T02:34:55.000Z,29646848
"avg:container.memory.usage{container_name:server-hotel OR container_name:server-flight OR container_name:conductor-server}",container_name:server-hotel,2025-01-20T02:35:10.000Z,36257792
"avg:container.memory.usage{container_name:server-hotel OR container_name:server-flight OR container_name:conductor-server}",container_name:server-hotel,2025-01-20T02:35:25.000Z,36450304
"avg:container.memory.usage{container_name:server-hotel OR container_name:server-flight OR container_name:conductor-server}",container_name:server-hotel,2025-01-20T02:35:40.000Z,36405248
"avg:container.memory.usage{container_name:server-hotel OR container_name:server-flight OR container_name:conductor-server}",container_name:server-hotel,2025-01-20T02:35:55.000Z,37834752
"avg:container.memory.usage{container_name:server-hotel OR container_name:server-flight OR container_name:conductor-server}",container_name:server-hotel,2025-01-20T02:36:10.000Z,41988096
"avg:container.memory.usage{container_name:server-hotel OR container_name:server-flight OR container_name:conductor-server}",container_name:server-hotel,2025-01-20T02:36:25.000Z,42061824
"avg:container.memory.usage{container_name:server-hotel OR container_name:server-flight OR container_name:conductor-server}",container_name:server-hotel,2025-01-20T02:36:40.000Z,42020864
"avg:container.memory.usage{container_name:server-hotel OR container_name:server-flight OR container_name:conductor-server}",container_name:server-hotel,2025-01-20T02:36:55.000Z,44232704
"avg:container.memory.usage{container_name:server-hotel OR container_name:server-flight OR container_name:conductor-server}",container_name:server-hotel,2025-01-20T02:37:10.000Z,44269568
"avg:container.memory.usage{container_name:server-hotel OR container_name:server-flight OR container_name:conductor-server}",container_name:server-hotel,2025-01-20T02:37:25.000Z,44347392
"avg:container.memory.usage{container_name:server-hotel OR container_name:server-flight OR container_name:conductor-server}",container_name:server-hotel,2025-01-20T02:37:40.000Z,45072384
"avg:container.memory.usage{container_name:server-hotel OR container_name:server-flight OR container_name:conductor-server}",container_name:server-hotel,2025-01-20T02:37:55.000Z,44916736
"avg:container.memory.usage{container_name:server-hotel OR container_name:server-flight OR container_name:conductor-server}",container_name:server-hotel,2025-01-20T02:38:10.000Z,45219840
"avg:container.memory.usage{container_name:server-hotel OR container_name:server-flight OR container_name:conductor-server}",container_name:server-hotel,2025-01-20T02:38:25.000Z,45391872
"avg:container.memory.usage{container_name:server-hotel OR container_name:server-flight OR container_name:conductor-server}",container_name:server-hotel,2025-01-20T02:38:40.000Z,45338624
"avg:container.memory.usage{container_name:server-hotel OR container_name:server-flight OR container_name:conductor-server}",container_name:server-hotel,2025-01-20T02:38:55.000Z,45580288
"avg:container.memory.usage{container_name:server-hotel OR container_name:server-flight OR container_name:conductor-server}",container_name:server-hotel,2025-01-20T02:39:10.000Z,45604864
"avg:container.memory.usage{container_name:server-hotel OR container_name:server-flight OR container_name:conductor-server}",container_name:server-hotel,2025-01-20T02:39:25.000Z,45826048
"avg:container.memory.usage{container_name:server-hotel OR container_name:server-flight OR container_name:conductor-server}",container_name:server-hotel,2025-01-20T02:39:40.000Z,45842432
"avg:container.memory.usage{container_name:server-hotel OR container_name:server-flight OR container_name:conductor-server}",container_name:server-hotel,2025-01-20T02:39:55.000Z,46518272
"avg:container.memory.usage{container_name:server-hotel OR container_name:server-flight OR container_name:conductor-server}",container_name:server-hotel,2025-01-20T02:40:10.000Z,46600192
"avg:container.memory.usage{container_name:server-hotel OR container_name:server-flight OR container_name:conductor-server}",container_name:server-hotel,2025-01-20T02:40:25.000Z,46837760
"avg:container.memory.usage{container_name:server-hotel OR container_name:server-flight OR container_name:conductor-server}",container_name:server-hotel,2025-01-20T02:40:40.000Z,46780416
"avg:container.memory.usage{container_name:server-hotel OR container_name:server-flight OR container_name:conductor-server}",container_name:server-hotel,2025-01-20T02:40:55.000Z,46813184
"avg:container.memory.usage{container_name:server-hotel OR container_name:server-flight OR container_name:conductor-server}",container_name:server-hotel,2025-01-20T02:41:10.000Z,47161344
"avg:container.memory.usage{container_name:server-hotel OR container_name:server-flight OR container_name:conductor-server}",container_name:server-hotel,2025-01-20T02:41:25.000Z,47091712
"avg:container.memory.usage{container_name:server-hotel OR container_name:server-flight OR container_name:conductor-server}",container_name:server-hotel,2025-01-20T02:41:40.000Z,47083520
"avg:container.memory.usage{container_name:server-hotel OR container_name:server-flight OR container_name:conductor-server}",container_name:server-hotel,2025-01-20T02:41:55.000Z,47157248
"avg:container.memory.usage{container_name:server-hotel OR container_name:server-flight OR container_name:conductor-server}",container_name:server-hotel,2025-01-20T02:42:10.000Z,47325184
"avg:container.memory.usage{container_name:server-hotel OR container_name:server-flight OR container_name:conductor-server}",container_name:server-hotel,2025-01-20T02:42:25.000Z,47407104
"avg:container.memory.usage{container_name:server-hotel OR container_name:server-flight OR container_name:conductor-server}",container_name:server-hotel,2025-01-20T02:42:40.000Z,46997504
"avg:container.memory.usage{container_name:server-hotel OR container_name:server-flight OR container_name:conductor-server}",container_name:server-hotel,2025-01-20T02:42:55.000Z,47022080
"avg:container.memory.usage{container_name:server-hotel OR container_name:server-flight OR container_name:conductor-server}",container_name:server-hotel,2025-01-20T02:43:10.000Z,47415296
"avg:container.memory.usage{container_name:server-hotel OR container_name:server-flight OR container_name:conductor-server}",container_name:server-hotel,2025-01-20T02:43:25.000Z,47206400
"avg:container.memory.usage{container_name:server-hotel OR container_name:server-flight OR container_name:conductor-server}",container_name:server-hotel,2025-01-20T02:43:40.000Z,47542272
"avg:container.memory.usage{container_name:server-hotel OR container_name:server-flight OR container_name:conductor-server}",container_name:server-hotel,2025-01-20T02:43:55.000Z,46850048
"avg:container.memory.usage{container_name:server-hotel OR container_name:server-flight OR container_name:conductor-server}",container_name:server-hotel,2025-01-20T02:44:10.000Z,46850048
"avg:container.memory.usage{container_name:server-hotel OR container_name:server-flight OR container_name:conductor-server}",container_name:server-hotel,2025-01-20T02:44:25.000Z,46850048
"avg:container.memory.usage{container_name:server-hotel OR container_name:server-flight OR container_name:conductor-server}",container_name:server-hotel,2025-01-20T02:44:40.000Z,46850048
"avg:container.memory.usage{container_name:server-hotel OR container_name:server-flight OR container_name:conductor-server}",container_name:server-hotel,2025-01-20T02:44:55.000Z,46850048
"avg:container.memory.usage{container_name:server-hotel OR container_name:server-flight OR container_name:conductor-server}",container_name:server-hotel,2025-01-20T02:45:10.000Z,46850048
"avg:container.memory.usage{container_name:server-hotel OR container_name:server-flight OR container_name:conductor-server}",container_name:server-hotel,2025-01-20T02:45:25.000Z,46850048
"avg:container.memory.usage{container_name:server-hotel OR container_name:server-flight OR container_name:conductor-server}",container_name:server-hotel,2025-01-20T02:45:40.000Z,46981120
"avg:container.memory.usage{container_name:server-hotel OR container_name:server-flight OR container_name:conductor-server}",container_name:server-hotel,2025-01-20T02:45:55.000Z,45264896
