query,group,time,value
"sum:workflow_start_success{*}.as_count()",workflowname:cancel_flight_booking_sub_wf,2025-01-20T02:24:30.000Z,N/A
"sum:workflow_start_success{*}.as_count()",workflowname:cancel_flight_booking_sub_wf,2025-01-20T02:24:35.000Z,N/A
"sum:workflow_start_success{*}.as_count()",workflowname:cancel_flight_booking_sub_wf,2025-01-20T02:24:40.000Z,N/A
"sum:workflow_start_success{*}.as_count()",workflowname:cancel_flight_booking_sub_wf,2025-01-20T02:24:45.000Z,N/A
"sum:workflow_start_success{*}.as_count()",workflowname:cancel_flight_booking_sub_wf,2025-01-20T02:24:50.000Z,N/A
"sum:workflow_start_success{*}.as_count()",workflowname:cancel_flight_booking_sub_wf,2025-01-20T02:24:55.000Z,N/A
"sum:workflow_start_success{*}.as_count()",workflowname:cancel_flight_booking_sub_wf,2025-01-20T02:25:00.000Z,N/A
"sum:workflow_start_success{*}.as_count()",workflowname:cancel_flight_booking_sub_wf,2025-01-20T02:25:05.000Z,N/A
"sum:workflow_start_success{*}.as_count()",workflowname:cancel_flight_booking_sub_wf,2025-01-20T02:25:10.000Z,N/A
"sum:workflow_start_success{*}.as_count()",workflowname:cancel_flight_booking_sub_wf,2025-01-20T02:25:15.000Z,N/A
"sum:workflow_start_success{*}.as_count()",workflowname:cancel_flight_booking_sub_wf,2025-01-20T02:25:20.000Z,N/A
"sum:workflow_start_success{*}.as_count()",workflowname:cancel_flight_booking_sub_wf,2025-01-20T02:25:25.000Z,N/A
"sum:workflow_start_success{*}.as_count()",workflowname:cancel_flight_booking_sub_wf,2025-01-20T02:25:30.000Z,N/A
"sum:workflow_start_success{*}.as_count()",workflowname:cancel_flight_booking_sub_wf,2025-01-20T02:25:35.000Z,N/A
"sum:workflow_start_success{*}.as_count()",workflowname:cancel_flight_booking_sub_wf,2025-01-20T02:25:40.000Z,N/A
"sum:workflow_start_success{*}.as_count()",workflowname:cancel_flight_booking_sub_wf,2025-01-20T02:25:45.000Z,N/A
"sum:workflow_start_success{*}.as_count()",workflowname:cancel_flight_booking_sub_wf,2025-01-20T02:25:50.000Z,N/A
"sum:workflow_start_success{*}.as_count()",workflowname:cancel_flight_booking_sub_wf,2025-01-20T02:25:55.000Z,N/A
"sum:workflow_start_success{*}.as_count()",workflowname:cancel_flight_booking_sub_wf,2025-01-20T02:26:00.000Z,N/A
"sum:workflow_start_success{*}.as_count()",workflowname:cancel_flight_booking_sub_wf,2025-01-20T02:26:05.000Z,N/A
"sum:workflow_start_success{*}.as_count()",workflowname:cancel_flight_booking_sub_wf,2025-01-20T02:26:10.000Z,N/A
"sum:workflow_start_success{*}.as_count()",workflowname:cancel_flight_booking_sub_wf,2025-01-20T02:26:15.000Z,N/A
"sum:workflow_start_success{*}.as_count()",workflowname:cancel_flight_booking_sub_wf,2025-01-20T02:26:20.000Z,N/A
"sum:workflow_start_success{*}.as_count()",workflowname:cancel_flight_booking_sub_wf,2025-01-20T02:26:25.000Z,N/A
"sum:workflow_start_success{*}.as_count()",workflowname:cancel_flight_booking_sub_wf,2025-01-20T02:26:30.000Z,N/A
"sum:workflow_start_success{*}.as_count()",workflowname:cancel_flight_booking_sub_wf,2025-01-20T02:26:35.000Z,N/A
"sum:workflow_start_success{*}.as_count()",workflowname:cancel_flight_booking_sub_wf,2025-01-20T02:26:40.000Z,N/A
"sum:workflow_start_success{*}.as_count()",workflowname:cancel_flight_booking_sub_wf,2025-01-20T02:26:45.000Z,N/A
"sum:workflow_start_success{*}.as_count()",workflowname:cancel_flight_booking_sub_wf,2025-01-20T02:26:50.000Z,N/A
"sum:workflow_start_success{*}.as_count()",workflowname:cancel_flight_booking_sub_wf,2025-01-20T02:26:55.000Z,N/A
"sum:workflow_start_success{*}.as_count()",workflowname:cancel_flight_booking_sub_wf,2025-01-20T02:27:00.000Z,N/A
"sum:workflow_start_success{*}.as_count()",workflowname:cancel_flight_booking_sub_wf,2025-01-20T02:27:05.000Z,N/A
"sum:workflow_start_success{*}.as_count()",workflowname:cancel_flight_booking_sub_wf,2025-01-20T02:27:10.000Z,N/A
"sum:workflow_start_success{*}.as_count()",workflowname:cancel_flight_booking_sub_wf,2025-01-20T02:27:15.000Z,N/A
"sum:workflow_start_success{*}.as_count()",workflowname:cancel_flight_booking_sub_wf,2025-01-20T02:27:20.000Z,N/A
"sum:workflow_start_success{*}.as_count()",workflowname:cancel_flight_booking_sub_wf,2025-01-20T02:27:25.000Z,N/A
"sum:workflow_start_success{*}.as_count()",workflowname:cancel_flight_booking_sub_wf,2025-01-20T02:27:30.000Z,N/A
"sum:workflow_start_success{*}.as_count()",workflowname:cancel_flight_booking_sub_wf,2025-01-20T02:27:35.000Z,N/A
"sum:workflow_start_success{*}.as_count()",workflowname:cancel_flight_booking_sub_wf,2025-01-20T02:27:40.000Z,N/A
"sum:workflow_start_success{*}.as_count()",workflowname:cancel_flight_booking_sub_wf,2025-01-20T02:27:45.000Z,N/A
"sum:workflow_start_success{*}.as_count()",workflowname:cancel_flight_booking_sub_wf,2025-01-20T02:27:50.000Z,N/A
"sum:workflow_start_success{*}.as_count()",workflowname:cancel_flight_booking_sub_wf,2025-01-20T02:27:55.000Z,N/A
"sum:workflow_start_success{*}.as_count()",workflowname:cancel_flight_booking_sub_wf,2025-01-20T02:28:00.000Z,N/A
"sum:workflow_start_success{*}.as_count()",workflowname:cancel_flight_booking_sub_wf,2025-01-20T02:28:05.000Z,N/A
"sum:workflow_start_success{*}.as_count()",workflowname:cancel_flight_booking_sub_wf,2025-01-20T02:28:10.000Z,N/A
"sum:workflow_start_success{*}.as_count()",workflowname:cancel_flight_booking_sub_wf,2025-01-20T02:28:15.000Z,N/A
"sum:workflow_start_success{*}.as_count()",workflowname:cancel_flight_booking_sub_wf,2025-01-20T02:28:20.000Z,N/A
"sum:workflow_start_success{*}.as_count()",workflowname:cancel_flight_booking_sub_wf,2025-01-20T02:28:25.000Z,N/A
"sum:workflow_start_success{*}.as_count()",workflowname:cancel_flight_booking_sub_wf,2025-01-20T02:28:30.000Z,N/A
"sum:workflow_start_success{*}.as_count()",workflowname:cancel_flight_booking_sub_wf,2025-01-20T02:28:35.000Z,N/A
"sum:workflow_start_success{*}.as_count()",workflowname:cancel_flight_booking_sub_wf,2025-01-20T02:28:40.000Z,N/A
"sum:workflow_start_success{*}.as_count()",workflowname:cancel_flight_booking_sub_wf,2025-01-20T02:28:45.000Z,N/A
"sum:workflow_start_success{*}.as_count()",workflowname:cancel_flight_booking_sub_wf,2025-01-20T02:28:50.000Z,N/A
"sum:workflow_start_success{*}.as_count()",workflowname:cancel_flight_booking_sub_wf,2025-01-20T02:28:55.000Z,N/A
"sum:workflow_start_success{*}.as_count()",workflowname:cancel_flight_booking_sub_wf,2025-01-20T02:29:00.000Z,N/A
"sum:workflow_start_success{*}.as_count()",workflowname:cancel_flight_booking_sub_wf,2025-01-20T02:29:05.000Z,N/A
"sum:workflow_start_success{*}.as_count()",workflowname:cancel_flight_booking_sub_wf,2025-01-20T02:29:10.000Z,N/A
"sum:workflow_start_success{*}.as_count()",workflowname:cancel_flight_booking_sub_wf,2025-01-20T02:29:15.000Z,N/A
"sum:workflow_start_success{*}.as_count()",workflowname:cancel_flight_booking_sub_wf,2025-01-20T02:29:20.000Z,N/A
"sum:workflow_start_success{*}.as_count()",workflowname:cancel_flight_booking_sub_wf,2025-01-20T02:29:25.000Z,N/A
"sum:workflow_start_success{*}.as_count()",workflowname:cancel_flight_booking_sub_wf,2025-01-20T02:29:30.000Z,N/A
"sum:workflow_start_success{*}.as_count()",workflowname:cancel_flight_booking_sub_wf,2025-01-20T02:29:35.000Z,N/A
"sum:workflow_start_success{*}.as_count()",workflowname:cancel_flight_booking_sub_wf,2025-01-20T02:29:40.000Z,N/A
"sum:workflow_start_success{*}.as_count()",workflowname:cancel_flight_booking_sub_wf,2025-01-20T02:29:45.000Z,N/A
"sum:workflow_start_success{*}.as_count()",workflowname:cancel_flight_booking_sub_wf,2025-01-20T02:29:50.000Z,N/A
"sum:workflow_start_success{*}.as_count()",workflowname:cancel_flight_booking_sub_wf,2025-01-20T02:29:55.000Z,N/A
"sum:workflow_start_success{*}.as_count()",workflowname:cancel_flight_booking_sub_wf,2025-01-20T02:30:00.000Z,N/A
"sum:workflow_start_success{*}.as_count()",workflowname:cancel_flight_booking_sub_wf,2025-01-20T02:30:05.000Z,N/A
"sum:workflow_start_success{*}.as_count()",workflowname:cancel_flight_booking_sub_wf,2025-01-20T02:30:10.000Z,N/A
"sum:workflow_start_success{*}.as_count()",workflowname:cancel_flight_booking_sub_wf,2025-01-20T02:30:15.000Z,N/A
"sum:workflow_start_success{*}.as_count()",workflowname:cancel_flight_booking_sub_wf,2025-01-20T02:30:20.000Z,N/A
"sum:workflow_start_success{*}.as_count()",workflowname:cancel_flight_booking_sub_wf,2025-01-20T02:30:25.000Z,N/A
"sum:workflow_start_success{*}.as_count()",workflowname:cancel_flight_booking_sub_wf,2025-01-20T02:30:30.000Z,N/A
"sum:workflow_start_success{*}.as_count()",workflowname:cancel_flight_booking_sub_wf,2025-01-20T02:30:35.000Z,N/A
"sum:workflow_start_success{*}.as_count()",workflowname:cancel_flight_booking_sub_wf,2025-01-20T02:30:40.000Z,N/A
"sum:workflow_start_success{*}.as_count()",workflowname:cancel_flight_booking_sub_wf,2025-01-20T02:30:45.000Z,N/A
"sum:workflow_start_success{*}.as_count()",workflowname:cancel_flight_booking_sub_wf,2025-01-20T02:30:50.000Z,N/A
"sum:workflow_start_success{*}.as_count()",workflowname:cancel_flight_booking_sub_wf,2025-01-20T02:30:55.000Z,N/A
"sum:workflow_start_success{*}.as_count()",workflowname:cancel_flight_booking_sub_wf,2025-01-20T02:31:00.000Z,N/A
"sum:workflow_start_success{*}.as_count()",workflowname:cancel_flight_booking_sub_wf,2025-01-20T02:31:05.000Z,N/A
"sum:workflow_start_success{*}.as_count()",workflowname:cancel_flight_booking_sub_wf,2025-01-20T02:31:10.000Z,N/A
"sum:workflow_start_success{*}.as_count()",workflowname:cancel_flight_booking_sub_wf,2025-01-20T02:31:15.000Z,N/A
"sum:workflow_start_success{*}.as_count()",workflowname:cancel_flight_booking_sub_wf,2025-01-20T02:31:20.000Z,N/A
"sum:workflow_start_success{*}.as_count()",workflowname:cancel_flight_booking_sub_wf,2025-01-20T02:31:25.000Z,N/A
"sum:workflow_start_success{*}.as_count()",workflowname:cancel_flight_booking_sub_wf,2025-01-20T02:31:30.000Z,N/A
"sum:workflow_start_success{*}.as_count()",workflowname:cancel_flight_booking_sub_wf,2025-01-20T02:31:35.000Z,N/A
"sum:workflow_start_success{*}.as_count()",workflowname:cancel_flight_booking_sub_wf,2025-01-20T02:31:40.000Z,N/A
"sum:workflow_start_success{*}.as_count()",workflowname:cancel_flight_booking_sub_wf,2025-01-20T02:31:45.000Z,N/A
"sum:workflow_start_success{*}.as_count()",workflowname:cancel_flight_booking_sub_wf,2025-01-20T02:31:50.000Z,N/A
"sum:workflow_start_success{*}.as_count()",workflowname:cancel_flight_booking_sub_wf,2025-01-20T02:31:55.000Z,N/A
"sum:workflow_start_success{*}.as_count()",workflowname:cancel_flight_booking_sub_wf,2025-01-20T02:32:00.000Z,N/A
"sum:workflow_start_success{*}.as_count()",workflowname:cancel_flight_booking_sub_wf,2025-01-20T02:32:05.000Z,N/A
"sum:workflow_start_success{*}.as_count()",workflowname:cancel_flight_booking_sub_wf,2025-01-20T02:32:10.000Z,N/A
"sum:workflow_start_success{*}.as_count()",workflowname:cancel_flight_booking_sub_wf,2025-01-20T02:32:15.000Z,N/A
"sum:workflow_start_success{*}.as_count()",workflowname:cancel_flight_booking_sub_wf,2025-01-20T02:32:20.000Z,N/A
"sum:workflow_start_success{*}.as_count()",workflowname:cancel_flight_booking_sub_wf,2025-01-20T02:32:25.000Z,N/A
"sum:workflow_start_success{*}.as_count()",workflowname:cancel_flight_booking_sub_wf,2025-01-20T02:32:30.000Z,N/A
"sum:workflow_start_success{*}.as_count()",workflowname:cancel_flight_booking_sub_wf,2025-01-20T02:32:35.000Z,N/A
"sum:workflow_start_success{*}.as_count()",workflowname:cancel_flight_booking_sub_wf,2025-01-20T02:32:40.000Z,N/A
"sum:workflow_start_success{*}.as_count()",workflowname:cancel_flight_booking_sub_wf,2025-01-20T02:32:45.000Z,N/A
"sum:workflow_start_success{*}.as_count()",workflowname:cancel_flight_booking_sub_wf,2025-01-20T02:32:50.000Z,N/A
"sum:workflow_start_success{*}.as_count()",workflowname:cancel_flight_booking_sub_wf,2025-01-20T02:32:55.000Z,N/A
"sum:workflow_start_success{*}.as_count()",workflowname:cancel_flight_booking_sub_wf,2025-01-20T02:33:00.000Z,N/A
"sum:workflow_start_success{*}.as_count()",workflowname:cancel_flight_booking_sub_wf,2025-01-20T02:33:05.000Z,N/A
"sum:workflow_start_success{*}.as_count()",workflowname:cancel_flight_booking_sub_wf,2025-01-20T02:33:10.000Z,N/A
"sum:workflow_start_success{*}.as_count()",workflowname:cancel_flight_booking_sub_wf,2025-01-20T02:33:15.000Z,N/A
"sum:workflow_start_success{*}.as_count()",workflowname:cancel_flight_booking_sub_wf,2025-01-20T02:33:20.000Z,N/A
"sum:workflow_start_success{*}.as_count()",workflowname:cancel_flight_booking_sub_wf,2025-01-20T02:33:25.000Z,N/A
"sum:workflow_start_success{*}.as_count()",workflowname:cancel_flight_booking_sub_wf,2025-01-20T02:33:30.000Z,N/A
"sum:workflow_start_success{*}.as_count()",workflowname:cancel_flight_booking_sub_wf,2025-01-20T02:33:35.000Z,N/A
"sum:workflow_start_success{*}.as_count()",workflowname:cancel_flight_booking_sub_wf,2025-01-20T02:33:40.000Z,N/A
"sum:workflow_start_success{*}.as_count()",workflowname:cancel_flight_booking_sub_wf,2025-01-20T02:33:45.000Z,N/A
"sum:workflow_start_success{*}.as_count()",workflowname:cancel_flight_booking_sub_wf,2025-01-20T02:33:50.000Z,N/A
"sum:workflow_start_success{*}.as_count()",workflowname:cancel_flight_booking_sub_wf,2025-01-20T02:33:55.000Z,N/A
"sum:workflow_start_success{*}.as_count()",workflowname:cancel_flight_booking_sub_wf,2025-01-20T02:34:00.000Z,N/A
"sum:workflow_start_success{*}.as_count()",workflowname:cancel_flight_booking_sub_wf,2025-01-20T02:34:05.000Z,N/A
"sum:workflow_start_success{*}.as_count()",workflowname:cancel_flight_booking_sub_wf,2025-01-20T02:34:10.000Z,N/A
"sum:workflow_start_success{*}.as_count()",workflowname:cancel_flight_booking_sub_wf,2025-01-20T02:34:15.000Z,N/A
"sum:workflow_start_success{*}.as_count()",workflowname:cancel_flight_booking_sub_wf,2025-01-20T02:34:20.000Z,N/A
"sum:workflow_start_success{*}.as_count()",workflowname:cancel_flight_booking_sub_wf,2025-01-20T02:34:25.000Z,N/A
"sum:workflow_start_success{*}.as_count()",workflowname:cancel_flight_booking_sub_wf,2025-01-20T02:34:30.000Z,N/A
"sum:workflow_start_success{*}.as_count()",workflowname:cancel_flight_booking_sub_wf,2025-01-20T02:34:35.000Z,N/A
"sum:workflow_start_success{*}.as_count()",workflowname:cancel_flight_booking_sub_wf,2025-01-20T02:34:40.000Z,N/A
"sum:workflow_start_success{*}.as_count()",workflowname:cancel_flight_booking_sub_wf,2025-01-20T02:34:45.000Z,N/A
"sum:workflow_start_success{*}.as_count()",workflowname:cancel_flight_booking_sub_wf,2025-01-20T02:34:50.000Z,N/A
"sum:workflow_start_success{*}.as_count()",workflowname:cancel_flight_booking_sub_wf,2025-01-20T02:34:55.000Z,2
"sum:workflow_start_success{*}.as_count()",workflowname:cancel_flight_booking_sub_wf,2025-01-20T02:35:00.000Z,0
"sum:workflow_start_success{*}.as_count()",workflowname:cancel_flight_booking_sub_wf,2025-01-20T02:35:05.000Z,0
"sum:workflow_start_success{*}.as_count()",workflowname:cancel_flight_booking_sub_wf,2025-01-20T02:35:10.000Z,0
"sum:workflow_start_success{*}.as_count()",workflowname:cancel_flight_booking_sub_wf,2025-01-20T02:35:15.000Z,1
"sum:workflow_start_success{*}.as_count()",workflowname:cancel_flight_booking_sub_wf,2025-01-20T02:35:20.000Z,0
"sum:workflow_start_success{*}.as_count()",workflowname:cancel_flight_booking_sub_wf,2025-01-20T02:35:25.000Z,0
"sum:workflow_start_success{*}.as_count()",workflowname:cancel_flight_booking_sub_wf,2025-01-20T02:35:30.000Z,0
"sum:workflow_start_success{*}.as_count()",workflowname:cancel_flight_booking_sub_wf,2025-01-20T02:35:35.000Z,0
"sum:workflow_start_success{*}.as_count()",workflowname:cancel_flight_booking_sub_wf,2025-01-20T02:35:40.000Z,0
"sum:workflow_start_success{*}.as_count()",workflowname:cancel_flight_booking_sub_wf,2025-01-20T02:35:45.000Z,0
"sum:workflow_start_success{*}.as_count()",workflowname:cancel_flight_booking_sub_wf,2025-01-20T02:35:50.000Z,0
"sum:workflow_start_success{*}.as_count()",workflowname:cancel_flight_booking_sub_wf,2025-01-20T02:35:55.000Z,0
"sum:workflow_start_success{*}.as_count()",workflowname:cancel_flight_booking_sub_wf,2025-01-20T02:36:00.000Z,0
"sum:workflow_start_success{*}.as_count()",workflowname:cancel_flight_booking_sub_wf,2025-01-20T02:36:05.000Z,0
"sum:workflow_start_success{*}.as_count()",workflowname:cancel_flight_booking_sub_wf,2025-01-20T02:36:10.000Z,0
"sum:workflow_start_success{*}.as_count()",workflowname:cancel_flight_booking_sub_wf,2025-01-20T02:36:15.000Z,0
"sum:workflow_start_success{*}.as_count()",workflowname:cancel_flight_booking_sub_wf,2025-01-20T02:36:20.000Z,0
"sum:workflow_start_success{*}.as_count()",workflowname:cancel_flight_booking_sub_wf,2025-01-20T02:36:25.000Z,0
"sum:workflow_start_success{*}.as_count()",workflowname:cancel_flight_booking_sub_wf,2025-01-20T02:36:30.000Z,0
"sum:workflow_start_success{*}.as_count()",workflowname:cancel_flight_booking_sub_wf,2025-01-20T02:36:35.000Z,0
"sum:workflow_start_success{*}.as_count()",workflowname:cancel_flight_booking_sub_wf,2025-01-20T02:36:40.000Z,0
"sum:workflow_start_success{*}.as_count()",workflowname:cancel_flight_booking_sub_wf,2025-01-20T02:36:45.000Z,0
"sum:workflow_start_success{*}.as_count()",workflowname:cancel_flight_booking_sub_wf,2025-01-20T02:36:50.000Z,0
"sum:workflow_start_success{*}.as_count()",workflowname:cancel_flight_booking_sub_wf,2025-01-20T02:36:55.000Z,0
"sum:workflow_start_success{*}.as_count()",workflowname:cancel_flight_booking_sub_wf,2025-01-20T02:37:00.000Z,0
"sum:workflow_start_success{*}.as_count()",workflowname:cancel_flight_booking_sub_wf,2025-01-20T02:37:05.000Z,0
"sum:workflow_start_success{*}.as_count()",workflowname:cancel_flight_booking_sub_wf,2025-01-20T02:37:10.000Z,0
"sum:workflow_start_success{*}.as_count()",workflowname:cancel_flight_booking_sub_wf,2025-01-20T02:37:15.000Z,0
"sum:workflow_start_success{*}.as_count()",workflowname:cancel_flight_booking_sub_wf,2025-01-20T02:37:20.000Z,0
"sum:workflow_start_success{*}.as_count()",workflowname:cancel_flight_booking_sub_wf,2025-01-20T02:37:25.000Z,1
"sum:workflow_start_success{*}.as_count()",workflowname:cancel_flight_booking_sub_wf,2025-01-20T02:37:30.000Z,0
"sum:workflow_start_success{*}.as_count()",workflowname:cancel_flight_booking_sub_wf,2025-01-20T02:37:35.000Z,1
"sum:workflow_start_success{*}.as_count()",workflowname:cancel_flight_booking_sub_wf,2025-01-20T02:37:40.000Z,0
"sum:workflow_start_success{*}.as_count()",workflowname:cancel_flight_booking_sub_wf,2025-01-20T02:37:45.000Z,0
"sum:workflow_start_success{*}.as_count()",workflowname:cancel_flight_booking_sub_wf,2025-01-20T02:37:50.000Z,0
"sum:workflow_start_success{*}.as_count()",workflowname:cancel_flight_booking_sub_wf,2025-01-20T02:37:55.000Z,0
"sum:workflow_start_success{*}.as_count()",workflowname:cancel_flight_booking_sub_wf,2025-01-20T02:38:00.000Z,0
"sum:workflow_start_success{*}.as_count()",workflowname:cancel_flight_booking_sub_wf,2025-01-20T02:38:05.000Z,0
"sum:workflow_start_success{*}.as_count()",workflowname:cancel_flight_booking_sub_wf,2025-01-20T02:38:10.000Z,0
"sum:workflow_start_success{*}.as_count()",workflowname:cancel_flight_booking_sub_wf,2025-01-20T02:38:15.000Z,0
"sum:workflow_start_success{*}.as_count()",workflowname:cancel_flight_booking_sub_wf,2025-01-20T02:38:20.000Z,0
"sum:workflow_start_success{*}.as_count()",workflowname:cancel_flight_booking_sub_wf,2025-01-20T02:38:25.000Z,0
"sum:workflow_start_success{*}.as_count()",workflowname:cancel_flight_booking_sub_wf,2025-01-20T02:38:30.000Z,0
"sum:workflow_start_success{*}.as_count()",workflowname:cancel_flight_booking_sub_wf,2025-01-20T02:38:35.000Z,0
"sum:workflow_start_success{*}.as_count()",workflowname:cancel_flight_booking_sub_wf,2025-01-20T02:38:40.000Z,0
"sum:workflow_start_success{*}.as_count()",workflowname:cancel_flight_booking_sub_wf,2025-01-20T02:38:45.000Z,0
"sum:workflow_start_success{*}.as_count()",workflowname:cancel_flight_booking_sub_wf,2025-01-20T02:38:50.000Z,0
"sum:workflow_start_success{*}.as_count()",workflowname:cancel_flight_booking_sub_wf,2025-01-20T02:38:55.000Z,0
"sum:workflow_start_success{*}.as_count()",workflowname:cancel_flight_booking_sub_wf,2025-01-20T02:39:00.000Z,0
"sum:workflow_start_success{*}.as_count()",workflowname:cancel_flight_booking_sub_wf,2025-01-20T02:39:05.000Z,0
"sum:workflow_start_success{*}.as_count()",workflowname:cancel_flight_booking_sub_wf,2025-01-20T02:39:10.000Z,0
"sum:workflow_start_success{*}.as_count()",workflowname:cancel_flight_booking_sub_wf,2025-01-20T02:39:15.000Z,1
"sum:workflow_start_success{*}.as_count()",workflowname:cancel_flight_booking_sub_wf,2025-01-20T02:39:20.000Z,0
"sum:workflow_start_success{*}.as_count()",workflowname:cancel_flight_booking_sub_wf,2025-01-20T02:39:25.000Z,0
"sum:workflow_start_success{*}.as_count()",workflowname:cancel_flight_booking_sub_wf,2025-01-20T02:39:30.000Z,0
"sum:workflow_start_success{*}.as_count()",workflowname:cancel_flight_booking_sub_wf,2025-01-20T02:39:35.000Z,0
"sum:workflow_start_success{*}.as_count()",workflowname:cancel_flight_booking_sub_wf,2025-01-20T02:39:40.000Z,0
"sum:workflow_start_success{*}.as_count()",workflowname:cancel_flight_booking_sub_wf,2025-01-20T02:39:45.000Z,0
"sum:workflow_start_success{*}.as_count()",workflowname:cancel_flight_booking_sub_wf,2025-01-20T02:39:50.000Z,0
"sum:workflow_start_success{*}.as_count()",workflowname:cancel_flight_booking_sub_wf,2025-01-20T02:39:55.000Z,0
"sum:workflow_start_success{*}.as_count()",workflowname:cancel_flight_booking_sub_wf,2025-01-20T02:40:00.000Z,0
"sum:workflow_start_success{*}.as_count()",workflowname:cancel_flight_booking_sub_wf,2025-01-20T02:40:05.000Z,0
"sum:workflow_start_success{*}.as_count()",workflowname:cancel_flight_booking_sub_wf,2025-01-20T02:40:10.000Z,0
"sum:workflow_start_success{*}.as_count()",workflowname:cancel_flight_booking_sub_wf,2025-01-20T02:40:15.000Z,0
"sum:workflow_start_success{*}.as_count()",workflowname:cancel_flight_booking_sub_wf,2025-01-20T02:40:20.000Z,0
"sum:workflow_start_success{*}.as_count()",workflowname:cancel_flight_booking_sub_wf,2025-01-20T02:40:25.000Z,0
"sum:workflow_start_success{*}.as_count()",workflowname:cancel_flight_booking_sub_wf,2025-01-20T02:40:30.000Z,0
"sum:workflow_start_success{*}.as_count()",workflowname:cancel_flight_booking_sub_wf,2025-01-20T02:40:35.000Z,0
"sum:workflow_start_success{*}.as_count()",workflowname:cancel_flight_booking_sub_wf,2025-01-20T02:40:40.000Z,0
"sum:workflow_start_success{*}.as_count()",workflowname:cancel_flight_booking_sub_wf,2025-01-20T02:40:45.000Z,0
"sum:workflow_start_success{*}.as_count()",workflowname:cancel_flight_booking_sub_wf,2025-01-20T02:40:50.000Z,0
"sum:workflow_start_success{*}.as_count()",workflowname:cancel_flight_booking_sub_wf,2025-01-20T02:40:55.000Z,0
"sum:workflow_start_success{*}.as_count()",workflowname:cancel_flight_booking_sub_wf,2025-01-20T02:41:00.000Z,0
"sum:workflow_start_success{*}.as_count()",workflowname:cancel_flight_booking_sub_wf,2025-01-20T02:41:05.000Z,0
"sum:workflow_start_success{*}.as_count()",workflowname:cancel_flight_booking_sub_wf,2025-01-20T02:41:10.000Z,0
"sum:workflow_start_success{*}.as_count()",workflowname:cancel_flight_booking_sub_wf,2025-01-20T02:41:15.000Z,0
"sum:workflow_start_success{*}.as_count()",workflowname:cancel_flight_booking_sub_wf,2025-01-20T02:41:20.000Z,0
"sum:workflow_start_success{*}.as_count()",workflowname:cancel_flight_booking_sub_wf,2025-01-20T02:41:25.000Z,0
"sum:workflow_start_success{*}.as_count()",workflowname:cancel_flight_booking_sub_wf,2025-01-20T02:41:30.000Z,0
"sum:workflow_start_success{*}.as_count()",workflowname:cancel_flight_booking_sub_wf,2025-01-20T02:41:35.000Z,0
"sum:workflow_start_success{*}.as_count()",workflowname:cancel_flight_booking_sub_wf,2025-01-20T02:41:40.000Z,0
"sum:workflow_start_success{*}.as_count()",workflowname:cancel_flight_booking_sub_wf,2025-01-20T02:41:45.000Z,0
"sum:workflow_start_success{*}.as_count()",workflowname:cancel_flight_booking_sub_wf,2025-01-20T02:41:50.000Z,0
"sum:workflow_start_success{*}.as_count()",workflowname:cancel_flight_booking_sub_wf,2025-01-20T02:41:55.000Z,0
"sum:workflow_start_success{*}.as_count()",workflowname:cancel_flight_booking_sub_wf,2025-01-20T02:42:00.000Z,0
"sum:workflow_start_success{*}.as_count()",workflowname:cancel_flight_booking_sub_wf,2025-01-20T02:42:05.000Z,0
"sum:workflow_start_success{*}.as_count()",workflowname:cancel_flight_booking_sub_wf,2025-01-20T02:42:10.000Z,0
"sum:workflow_start_success{*}.as_count()",workflowname:cancel_flight_booking_sub_wf,2025-01-20T02:42:15.000Z,0
"sum:workflow_start_success{*}.as_count()",workflowname:cancel_flight_booking_sub_wf,2025-01-20T02:42:20.000Z,0
"sum:workflow_start_success{*}.as_count()",workflowname:cancel_flight_booking_sub_wf,2025-01-20T02:42:25.000Z,0
"sum:workflow_start_success{*}.as_count()",workflowname:cancel_flight_booking_sub_wf,2025-01-20T02:42:30.000Z,0
"sum:workflow_start_success{*}.as_count()",workflowname:cancel_flight_booking_sub_wf,2025-01-20T02:42:35.000Z,0
"sum:workflow_start_success{*}.as_count()",workflowname:cancel_flight_booking_sub_wf,2025-01-20T02:42:40.000Z,0
"sum:workflow_start_success{*}.as_count()",workflowname:cancel_flight_booking_sub_wf,2025-01-20T02:42:45.000Z,1
"sum:workflow_start_success{*}.as_count()",workflowname:cancel_flight_booking_sub_wf,2025-01-20T02:42:50.000Z,0
"sum:workflow_start_success{*}.as_count()",workflowname:cancel_flight_booking_sub_wf,2025-01-20T02:42:55.000Z,0
"sum:workflow_start_success{*}.as_count()",workflowname:cancel_flight_booking_sub_wf,2025-01-20T02:43:00.000Z,0
"sum:workflow_start_success{*}.as_count()",workflowname:cancel_flight_booking_sub_wf,2025-01-20T02:43:05.000Z,0
"sum:workflow_start_success{*}.as_count()",workflowname:cancel_flight_booking_sub_wf,2025-01-20T02:43:10.000Z,72
"sum:workflow_start_success{*}.as_count()",workflowname:cancel_flight_booking_sub_wf,2025-01-20T02:43:15.000Z,119
"sum:workflow_start_success{*}.as_count()",workflowname:cancel_flight_booking_sub_wf,2025-01-20T02:43:20.000Z,95
"sum:workflow_start_success{*}.as_count()",workflowname:cancel_flight_booking_sub_wf,2025-01-20T02:43:25.000Z,120
"sum:workflow_start_success{*}.as_count()",workflowname:cancel_flight_booking_sub_wf,2025-01-20T02:43:30.000Z,95
"sum:workflow_start_success{*}.as_count()",workflowname:cancel_flight_booking_sub_wf,2025-01-20T02:43:35.000Z,48
"sum:workflow_start_success{*}.as_count()",workflowname:cancel_flight_booking_sub_wf,2025-01-20T02:43:40.000Z,120
"sum:workflow_start_success{*}.as_count()",workflowname:cancel_flight_booking_sub_wf,2025-01-20T02:43:45.000Z,16
"sum:workflow_start_success{*}.as_count()",workflowname:cancel_flight_booking_sub_wf,2025-01-20T02:43:50.000Z,0
"sum:workflow_start_success{*}.as_count()",workflowname:cancel_flight_booking_sub_wf,2025-01-20T02:43:55.000Z,4
"sum:workflow_start_success{*}.as_count()",workflowname:cancel_flight_booking_sub_wf,2025-01-20T02:44:00.000Z,0
"sum:workflow_start_success{*}.as_count()",workflowname:cancel_flight_booking_sub_wf,2025-01-20T02:44:05.000Z,0
"sum:workflow_start_success{*}.as_count()",workflowname:cancel_flight_booking_sub_wf,2025-01-20T02:44:10.000Z,0
"sum:workflow_start_success{*}.as_count()",workflowname:cancel_flight_booking_sub_wf,2025-01-20T02:44:15.000Z,0
"sum:workflow_start_success{*}.as_count()",workflowname:cancel_flight_booking_sub_wf,2025-01-20T02:44:20.000Z,0
"sum:workflow_start_success{*}.as_count()",workflowname:cancel_flight_booking_sub_wf,2025-01-20T02:44:25.000Z,8
"sum:workflow_start_success{*}.as_count()",workflowname:cancel_flight_booking_sub_wf,2025-01-20T02:44:30.000Z,3
"sum:workflow_start_success{*}.as_count()",workflowname:cancel_flight_booking_sub_wf,2025-01-20T02:44:35.000Z,23
"sum:workflow_start_success{*}.as_count()",workflowname:cancel_flight_booking_sub_wf,2025-01-20T02:44:40.000Z,17
"sum:workflow_start_success{*}.as_count()",workflowname:cancel_flight_booking_sub_wf,2025-01-20T02:44:45.000Z,58
"sum:workflow_start_success{*}.as_count()",workflowname:cancel_flight_booking_sub_wf,2025-01-20T02:44:50.000Z,6
"sum:workflow_start_success{*}.as_count()",workflowname:cancel_flight_booking_sub_wf,2025-01-20T02:44:55.000Z,45
"sum:workflow_start_success{*}.as_count()",workflowname:cancel_flight_booking_sub_wf,2025-01-20T02:45:00.000Z,43
"sum:workflow_start_success{*}.as_count()",workflowname:cancel_flight_booking_sub_wf,2025-01-20T02:45:05.000Z,31
"sum:workflow_start_success{*}.as_count()",workflowname:cancel_flight_booking_sub_wf,2025-01-20T02:45:10.000Z,38
"sum:workflow_start_success{*}.as_count()",workflowname:cancel_flight_booking_sub_wf,2025-01-20T02:45:15.000Z,10
"sum:workflow_start_success{*}.as_count()",workflowname:cancel_flight_booking_sub_wf,2025-01-20T02:45:20.000Z,22
"sum:workflow_start_success{*}.as_count()",workflowname:cancel_flight_booking_sub_wf,2025-01-20T02:45:25.000Z,0
"sum:workflow_start_success{*}.as_count()",workflowname:cancel_flight_booking_sub_wf,2025-01-20T02:45:30.000Z,0
"sum:workflow_start_success{*}.as_count()",workflowname:cancel_flight_booking_sub_wf,2025-01-20T02:45:35.000Z,0
"sum:workflow_start_success{*}.as_count()",workflowname:cancel_flight_booking_sub_wf,2025-01-20T02:45:40.000Z,0
"sum:workflow_start_success{*}.as_count()",workflowname:cancel_flight_booking_sub_wf,2025-01-20T02:45:45.000Z,0
"sum:workflow_start_success{*}.as_count()",workflowname:cancel_flight_booking_sub_wf,2025-01-20T02:45:50.000Z,0
"sum:workflow_start_success{*}.as_count()",workflowname:cancel_flight_booking_sub_wf,2025-01-20T02:45:55.000Z,0
"sum:workflow_start_success{*}.as_count()",workflowname:cancel_flight_booking_sub_wf,2025-01-20T02:46:00.000Z,0
"sum:workflow_start_success{*}.as_count()",workflowname:cancel_hotel_booking_sub_wf,2025-01-20T02:24:30.000Z,N/A
"sum:workflow_start_success{*}.as_count()",workflowname:cancel_hotel_booking_sub_wf,2025-01-20T02:24:35.000Z,N/A
"sum:workflow_start_success{*}.as_count()",workflowname:cancel_hotel_booking_sub_wf,2025-01-20T02:24:40.000Z,N/A
"sum:workflow_start_success{*}.as_count()",workflowname:cancel_hotel_booking_sub_wf,2025-01-20T02:24:45.000Z,N/A
"sum:workflow_start_success{*}.as_count()",workflowname:cancel_hotel_booking_sub_wf,2025-01-20T02:24:50.000Z,N/A
"sum:workflow_start_success{*}.as_count()",workflowname:cancel_hotel_booking_sub_wf,2025-01-20T02:24:55.000Z,N/A
"sum:workflow_start_success{*}.as_count()",workflowname:cancel_hotel_booking_sub_wf,2025-01-20T02:25:00.000Z,N/A
"sum:workflow_start_success{*}.as_count()",workflowname:cancel_hotel_booking_sub_wf,2025-01-20T02:25:05.000Z,N/A
"sum:workflow_start_success{*}.as_count()",workflowname:cancel_hotel_booking_sub_wf,2025-01-20T02:25:10.000Z,N/A
"sum:workflow_start_success{*}.as_count()",workflowname:cancel_hotel_booking_sub_wf,2025-01-20T02:25:15.000Z,N/A
"sum:workflow_start_success{*}.as_count()",workflowname:cancel_hotel_booking_sub_wf,2025-01-20T02:25:20.000Z,N/A
"sum:workflow_start_success{*}.as_count()",workflowname:cancel_hotel_booking_sub_wf,2025-01-20T02:25:25.000Z,N/A
"sum:workflow_start_success{*}.as_count()",workflowname:cancel_hotel_booking_sub_wf,2025-01-20T02:25:30.000Z,N/A
"sum:workflow_start_success{*}.as_count()",workflowname:cancel_hotel_booking_sub_wf,2025-01-20T02:25:35.000Z,N/A
"sum:workflow_start_success{*}.as_count()",workflowname:cancel_hotel_booking_sub_wf,2025-01-20T02:25:40.000Z,N/A
"sum:workflow_start_success{*}.as_count()",workflowname:cancel_hotel_booking_sub_wf,2025-01-20T02:25:45.000Z,N/A
"sum:workflow_start_success{*}.as_count()",workflowname:cancel_hotel_booking_sub_wf,2025-01-20T02:25:50.000Z,N/A
"sum:workflow_start_success{*}.as_count()",workflowname:cancel_hotel_booking_sub_wf,2025-01-20T02:25:55.000Z,1
"sum:workflow_start_success{*}.as_count()",workflowname:cancel_hotel_booking_sub_wf,2025-01-20T02:26:00.000Z,1
"sum:workflow_start_success{*}.as_count()",workflowname:cancel_hotel_booking_sub_wf,2025-01-20T02:26:05.000Z,0
"sum:workflow_start_success{*}.as_count()",workflowname:cancel_hotel_booking_sub_wf,2025-01-20T02:26:10.000Z,0
"sum:workflow_start_success{*}.as_count()",workflowname:cancel_hotel_booking_sub_wf,2025-01-20T02:26:15.000Z,0
"sum:workflow_start_success{*}.as_count()",workflowname:cancel_hotel_booking_sub_wf,2025-01-20T02:26:20.000Z,0
"sum:workflow_start_success{*}.as_count()",workflowname:cancel_hotel_booking_sub_wf,2025-01-20T02:26:25.000Z,0
"sum:workflow_start_success{*}.as_count()",workflowname:cancel_hotel_booking_sub_wf,2025-01-20T02:26:30.000Z,1
"sum:workflow_start_success{*}.as_count()",workflowname:cancel_hotel_booking_sub_wf,2025-01-20T02:26:35.000Z,0
"sum:workflow_start_success{*}.as_count()",workflowname:cancel_hotel_booking_sub_wf,2025-01-20T02:26:40.000Z,0
"sum:workflow_start_success{*}.as_count()",workflowname:cancel_hotel_booking_sub_wf,2025-01-20T02:26:45.000Z,0
"sum:workflow_start_success{*}.as_count()",workflowname:cancel_hotel_booking_sub_wf,2025-01-20T02:26:50.000Z,0
"sum:workflow_start_success{*}.as_count()",workflowname:cancel_hotel_booking_sub_wf,2025-01-20T02:26:55.000Z,0
"sum:workflow_start_success{*}.as_count()",workflowname:cancel_hotel_booking_sub_wf,2025-01-20T02:27:00.000Z,0
"sum:workflow_start_success{*}.as_count()",workflowname:cancel_hotel_booking_sub_wf,2025-01-20T02:27:05.000Z,0
"sum:workflow_start_success{*}.as_count()",workflowname:cancel_hotel_booking_sub_wf,2025-01-20T02:27:10.000Z,0
"sum:workflow_start_success{*}.as_count()",workflowname:cancel_hotel_booking_sub_wf,2025-01-20T02:27:15.000Z,0
"sum:workflow_start_success{*}.as_count()",workflowname:cancel_hotel_booking_sub_wf,2025-01-20T02:27:20.000Z,0
"sum:workflow_start_success{*}.as_count()",workflowname:cancel_hotel_booking_sub_wf,2025-01-20T02:27:25.000Z,0
"sum:workflow_start_success{*}.as_count()",workflowname:cancel_hotel_booking_sub_wf,2025-01-20T02:27:30.000Z,0
"sum:workflow_start_success{*}.as_count()",workflowname:cancel_hotel_booking_sub_wf,2025-01-20T02:27:35.000Z,0
"sum:workflow_start_success{*}.as_count()",workflowname:cancel_hotel_booking_sub_wf,2025-01-20T02:27:40.000Z,0
"sum:workflow_start_success{*}.as_count()",workflowname:cancel_hotel_booking_sub_wf,2025-01-20T02:27:45.000Z,0
"sum:workflow_start_success{*}.as_count()",workflowname:cancel_hotel_booking_sub_wf,2025-01-20T02:27:50.000Z,0
"sum:workflow_start_success{*}.as_count()",workflowname:cancel_hotel_booking_sub_wf,2025-01-20T02:27:55.000Z,0
"sum:workflow_start_success{*}.as_count()",workflowname:cancel_hotel_booking_sub_wf,2025-01-20T02:28:00.000Z,0
"sum:workflow_start_success{*}.as_count()",workflowname:cancel_hotel_booking_sub_wf,2025-01-20T02:28:05.000Z,0
"sum:workflow_start_success{*}.as_count()",workflowname:cancel_hotel_booking_sub_wf,2025-01-20T02:28:10.000Z,0
"sum:workflow_start_success{*}.as_count()",workflowname:cancel_hotel_booking_sub_wf,2025-01-20T02:28:15.000Z,0
"sum:workflow_start_success{*}.as_count()",workflowname:cancel_hotel_booking_sub_wf,2025-01-20T02:28:20.000Z,0
"sum:workflow_start_success{*}.as_count()",workflowname:cancel_hotel_booking_sub_wf,2025-01-20T02:28:25.000Z,0
"sum:workflow_start_success{*}.as_count()",workflowname:cancel_hotel_booking_sub_wf,2025-01-20T02:28:30.000Z,0
"sum:workflow_start_success{*}.as_count()",workflowname:cancel_hotel_booking_sub_wf,2025-01-20T02:28:35.000Z,0
"sum:workflow_start_success{*}.as_count()",workflowname:cancel_hotel_booking_sub_wf,2025-01-20T02:28:40.000Z,1
"sum:workflow_start_success{*}.as_count()",workflowname:cancel_hotel_booking_sub_wf,2025-01-20T02:28:45.000Z,1
"sum:workflow_start_success{*}.as_count()",workflowname:cancel_hotel_booking_sub_wf,2025-01-20T02:28:50.000Z,0
"sum:workflow_start_success{*}.as_count()",workflowname:cancel_hotel_booking_sub_wf,2025-01-20T02:28:55.000Z,0
"sum:workflow_start_success{*}.as_count()",workflowname:cancel_hotel_booking_sub_wf,2025-01-20T02:29:00.000Z,0
"sum:workflow_start_success{*}.as_count()",workflowname:cancel_hotel_booking_sub_wf,2025-01-20T02:29:05.000Z,0
"sum:workflow_start_success{*}.as_count()",workflowname:cancel_hotel_booking_sub_wf,2025-01-20T02:29:10.000Z,0
"sum:workflow_start_success{*}.as_count()",workflowname:cancel_hotel_booking_sub_wf,2025-01-20T02:29:15.000Z,0
"sum:workflow_start_success{*}.as_count()",workflowname:cancel_hotel_booking_sub_wf,2025-01-20T02:29:20.000Z,0
"sum:workflow_start_success{*}.as_count()",workflowname:cancel_hotel_booking_sub_wf,2025-01-20T02:29:25.000Z,0
"sum:workflow_start_success{*}.as_count()",workflowname:cancel_hotel_booking_sub_wf,2025-01-20T02:29:30.000Z,0
"sum:workflow_start_success{*}.as_count()",workflowname:cancel_hotel_booking_sub_wf,2025-01-20T02:29:35.000Z,0
"sum:workflow_start_success{*}.as_count()",workflowname:cancel_hotel_booking_sub_wf,2025-01-20T02:29:40.000Z,0
"sum:workflow_start_success{*}.as_count()",workflowname:cancel_hotel_booking_sub_wf,2025-01-20T02:29:45.000Z,0
"sum:workflow_start_success{*}.as_count()",workflowname:cancel_hotel_booking_sub_wf,2025-01-20T02:29:50.000Z,0
"sum:workflow_start_success{*}.as_count()",workflowname:cancel_hotel_booking_sub_wf,2025-01-20T02:29:55.000Z,0
"sum:workflow_start_success{*}.as_count()",workflowname:cancel_hotel_booking_sub_wf,2025-01-20T02:30:00.000Z,0
"sum:workflow_start_success{*}.as_count()",workflowname:cancel_hotel_booking_sub_wf,2025-01-20T02:30:05.000Z,0
"sum:workflow_start_success{*}.as_count()",workflowname:cancel_hotel_booking_sub_wf,2025-01-20T02:30:10.000Z,0
"sum:workflow_start_success{*}.as_count()",workflowname:cancel_hotel_booking_sub_wf,2025-01-20T02:30:15.000Z,0
"sum:workflow_start_success{*}.as_count()",workflowname:cancel_hotel_booking_sub_wf,2025-01-20T02:30:20.000Z,0
"sum:workflow_start_success{*}.as_count()",workflowname:cancel_hotel_booking_sub_wf,2025-01-20T02:30:25.000Z,1
"sum:workflow_start_success{*}.as_count()",workflowname:cancel_hotel_booking_sub_wf,2025-01-20T02:30:30.000Z,0
"sum:workflow_start_success{*}.as_count()",workflowname:cancel_hotel_booking_sub_wf,2025-01-20T02:30:35.000Z,0
"sum:workflow_start_success{*}.as_count()",workflowname:cancel_hotel_booking_sub_wf,2025-01-20T02:30:40.000Z,0
"sum:workflow_start_success{*}.as_count()",workflowname:cancel_hotel_booking_sub_wf,2025-01-20T02:30:45.000Z,0
"sum:workflow_start_success{*}.as_count()",workflowname:cancel_hotel_booking_sub_wf,2025-01-20T02:30:50.000Z,0
"sum:workflow_start_success{*}.as_count()",workflowname:cancel_hotel_booking_sub_wf,2025-01-20T02:30:55.000Z,0
"sum:workflow_start_success{*}.as_count()",workflowname:cancel_hotel_booking_sub_wf,2025-01-20T02:31:00.000Z,0
"sum:workflow_start_success{*}.as_count()",workflowname:cancel_hotel_booking_sub_wf,2025-01-20T02:31:05.000Z,0
"sum:workflow_start_success{*}.as_count()",workflowname:cancel_hotel_booking_sub_wf,2025-01-20T02:31:10.000Z,0
"sum:workflow_start_success{*}.as_count()",workflowname:cancel_hotel_booking_sub_wf,2025-01-20T02:31:15.000Z,0
"sum:workflow_start_success{*}.as_count()",workflowname:cancel_hotel_booking_sub_wf,2025-01-20T02:31:20.000Z,0
"sum:workflow_start_success{*}.as_count()",workflowname:cancel_hotel_booking_sub_wf,2025-01-20T02:31:25.000Z,0
"sum:workflow_start_success{*}.as_count()",workflowname:cancel_hotel_booking_sub_wf,2025-01-20T02:31:30.000Z,0
"sum:workflow_start_success{*}.as_count()",workflowname:cancel_hotel_booking_sub_wf,2025-01-20T02:31:35.000Z,0
"sum:workflow_start_success{*}.as_count()",workflowname:cancel_hotel_booking_sub_wf,2025-01-20T02:31:40.000Z,0
"sum:workflow_start_success{*}.as_count()",workflowname:cancel_hotel_booking_sub_wf,2025-01-20T02:31:45.000Z,0
"sum:workflow_start_success{*}.as_count()",workflowname:cancel_hotel_booking_sub_wf,2025-01-20T02:31:50.000Z,0
"sum:workflow_start_success{*}.as_count()",workflowname:cancel_hotel_booking_sub_wf,2025-01-20T02:31:55.000Z,0
"sum:workflow_start_success{*}.as_count()",workflowname:cancel_hotel_booking_sub_wf,2025-01-20T02:32:00.000Z,0
"sum:workflow_start_success{*}.as_count()",workflowname:cancel_hotel_booking_sub_wf,2025-01-20T02:32:05.000Z,0
"sum:workflow_start_success{*}.as_count()",workflowname:cancel_hotel_booking_sub_wf,2025-01-20T02:32:10.000Z,0
"sum:workflow_start_success{*}.as_count()",workflowname:cancel_hotel_booking_sub_wf,2025-01-20T02:32:15.000Z,0
"sum:workflow_start_success{*}.as_count()",workflowname:cancel_hotel_booking_sub_wf,2025-01-20T02:32:20.000Z,0
"sum:workflow_start_success{*}.as_count()",workflowname:cancel_hotel_booking_sub_wf,2025-01-20T02:32:25.000Z,0
"sum:workflow_start_success{*}.as_count()",workflowname:cancel_hotel_booking_sub_wf,2025-01-20T02:32:30.000Z,0
"sum:workflow_start_success{*}.as_count()",workflowname:cancel_hotel_booking_sub_wf,2025-01-20T02:32:35.000Z,0
"sum:workflow_start_success{*}.as_count()",workflowname:cancel_hotel_booking_sub_wf,2025-01-20T02:32:40.000Z,0
"sum:workflow_start_success{*}.as_count()",workflowname:cancel_hotel_booking_sub_wf,2025-01-20T02:32:45.000Z,0
"sum:workflow_start_success{*}.as_count()",workflowname:cancel_hotel_booking_sub_wf,2025-01-20T02:32:50.000Z,0
"sum:workflow_start_success{*}.as_count()",workflowname:cancel_hotel_booking_sub_wf,2025-01-20T02:32:55.000Z,0
"sum:workflow_start_success{*}.as_count()",workflowname:cancel_hotel_booking_sub_wf,2025-01-20T02:33:00.000Z,0
"sum:workflow_start_success{*}.as_count()",workflowname:cancel_hotel_booking_sub_wf,2025-01-20T02:33:05.000Z,0
"sum:workflow_start_success{*}.as_count()",workflowname:cancel_hotel_booking_sub_wf,2025-01-20T02:33:10.000Z,0
"sum:workflow_start_success{*}.as_count()",workflowname:cancel_hotel_booking_sub_wf,2025-01-20T02:33:15.000Z,0
"sum:workflow_start_success{*}.as_count()",workflowname:cancel_hotel_booking_sub_wf,2025-01-20T02:33:20.000Z,0
"sum:workflow_start_success{*}.as_count()",workflowname:cancel_hotel_booking_sub_wf,2025-01-20T02:33:25.000Z,0
"sum:workflow_start_success{*}.as_count()",workflowname:cancel_hotel_booking_sub_wf,2025-01-20T02:33:30.000Z,0
"sum:workflow_start_success{*}.as_count()",workflowname:cancel_hotel_booking_sub_wf,2025-01-20T02:33:35.000Z,0
"sum:workflow_start_success{*}.as_count()",workflowname:cancel_hotel_booking_sub_wf,2025-01-20T02:33:40.000Z,0
"sum:workflow_start_success{*}.as_count()",workflowname:cancel_hotel_booking_sub_wf,2025-01-20T02:33:45.000Z,0
"sum:workflow_start_success{*}.as_count()",workflowname:cancel_hotel_booking_sub_wf,2025-01-20T02:33:50.000Z,0
"sum:workflow_start_success{*}.as_count()",workflowname:cancel_hotel_booking_sub_wf,2025-01-20T02:33:55.000Z,1
"sum:workflow_start_success{*}.as_count()",workflowname:cancel_hotel_booking_sub_wf,2025-01-20T02:34:00.000Z,0
"sum:workflow_start_success{*}.as_count()",workflowname:cancel_hotel_booking_sub_wf,2025-01-20T02:34:05.000Z,0
"sum:workflow_start_success{*}.as_count()",workflowname:cancel_hotel_booking_sub_wf,2025-01-20T02:34:10.000Z,0
"sum:workflow_start_success{*}.as_count()",workflowname:cancel_hotel_booking_sub_wf,2025-01-20T02:34:15.000Z,0
"sum:workflow_start_success{*}.as_count()",workflowname:cancel_hotel_booking_sub_wf,2025-01-20T02:34:20.000Z,7
"sum:workflow_start_success{*}.as_count()",workflowname:cancel_hotel_booking_sub_wf,2025-01-20T02:34:25.000Z,5
"sum:workflow_start_success{*}.as_count()",workflowname:cancel_hotel_booking_sub_wf,2025-01-20T02:34:30.000Z,9
"sum:workflow_start_success{*}.as_count()",workflowname:cancel_hotel_booking_sub_wf,2025-01-20T02:34:35.000Z,20
"sum:workflow_start_success{*}.as_count()",workflowname:cancel_hotel_booking_sub_wf,2025-01-20T02:34:40.000Z,9
"sum:workflow_start_success{*}.as_count()",workflowname:cancel_hotel_booking_sub_wf,2025-01-20T02:34:45.000Z,8
"sum:workflow_start_success{*}.as_count()",workflowname:cancel_hotel_booking_sub_wf,2025-01-20T02:34:50.000Z,5
"sum:workflow_start_success{*}.as_count()",workflowname:cancel_hotel_booking_sub_wf,2025-01-20T02:34:55.000Z,17
"sum:workflow_start_success{*}.as_count()",workflowname:cancel_hotel_booking_sub_wf,2025-01-20T02:35:00.000Z,12
"sum:workflow_start_success{*}.as_count()",workflowname:cancel_hotel_booking_sub_wf,2025-01-20T02:35:05.000Z,5
"sum:workflow_start_success{*}.as_count()",workflowname:cancel_hotel_booking_sub_wf,2025-01-20T02:35:10.000Z,3
"sum:workflow_start_success{*}.as_count()",workflowname:cancel_hotel_booking_sub_wf,2025-01-20T02:35:15.000Z,7
"sum:workflow_start_success{*}.as_count()",workflowname:cancel_hotel_booking_sub_wf,2025-01-20T02:35:20.000Z,11
"sum:workflow_start_success{*}.as_count()",workflowname:cancel_hotel_booking_sub_wf,2025-01-20T02:35:25.000Z,21
"sum:workflow_start_success{*}.as_count()",workflowname:cancel_hotel_booking_sub_wf,2025-01-20T02:35:30.000Z,5
"sum:workflow_start_success{*}.as_count()",workflowname:cancel_hotel_booking_sub_wf,2025-01-20T02:35:35.000Z,11
"sum:workflow_start_success{*}.as_count()",workflowname:cancel_hotel_booking_sub_wf,2025-01-20T02:35:40.000Z,6
"sum:workflow_start_success{*}.as_count()",workflowname:cancel_hotel_booking_sub_wf,2025-01-20T02:35:45.000Z,12
"sum:workflow_start_success{*}.as_count()",workflowname:cancel_hotel_booking_sub_wf,2025-01-20T02:35:50.000Z,17
"sum:workflow_start_success{*}.as_count()",workflowname:cancel_hotel_booking_sub_wf,2025-01-20T02:35:55.000Z,7
"sum:workflow_start_success{*}.as_count()",workflowname:cancel_hotel_booking_sub_wf,2025-01-20T02:36:00.000Z,4
"sum:workflow_start_success{*}.as_count()",workflowname:cancel_hotel_booking_sub_wf,2025-01-20T02:36:05.000Z,6
"sum:workflow_start_success{*}.as_count()",workflowname:cancel_hotel_booking_sub_wf,2025-01-20T02:36:10.000Z,10
"sum:workflow_start_success{*}.as_count()",workflowname:cancel_hotel_booking_sub_wf,2025-01-20T02:36:15.000Z,5
"sum:workflow_start_success{*}.as_count()",workflowname:cancel_hotel_booking_sub_wf,2025-01-20T02:36:20.000Z,20
"sum:workflow_start_success{*}.as_count()",workflowname:cancel_hotel_booking_sub_wf,2025-01-20T02:36:25.000Z,15
"sum:workflow_start_success{*}.as_count()",workflowname:cancel_hotel_booking_sub_wf,2025-01-20T02:36:30.000Z,2
"sum:workflow_start_success{*}.as_count()",workflowname:cancel_hotel_booking_sub_wf,2025-01-20T02:36:35.000Z,3
"sum:workflow_start_success{*}.as_count()",workflowname:cancel_hotel_booking_sub_wf,2025-01-20T02:36:40.000Z,13
"sum:workflow_start_success{*}.as_count()",workflowname:cancel_hotel_booking_sub_wf,2025-01-20T02:36:45.000Z,12
"sum:workflow_start_success{*}.as_count()",workflowname:cancel_hotel_booking_sub_wf,2025-01-20T02:36:50.000Z,5
"sum:workflow_start_success{*}.as_count()",workflowname:cancel_hotel_booking_sub_wf,2025-01-20T02:36:55.000Z,5
"sum:workflow_start_success{*}.as_count()",workflowname:cancel_hotel_booking_sub_wf,2025-01-20T02:37:00.000Z,9
"sum:workflow_start_success{*}.as_count()",workflowname:cancel_hotel_booking_sub_wf,2025-01-20T02:37:05.000Z,11
"sum:workflow_start_success{*}.as_count()",workflowname:cancel_hotel_booking_sub_wf,2025-01-20T02:37:10.000Z,6
"sum:workflow_start_success{*}.as_count()",workflowname:cancel_hotel_booking_sub_wf,2025-01-20T02:37:15.000Z,10
"sum:workflow_start_success{*}.as_count()",workflowname:cancel_hotel_booking_sub_wf,2025-01-20T02:37:20.000Z,12
"sum:workflow_start_success{*}.as_count()",workflowname:cancel_hotel_booking_sub_wf,2025-01-20T02:37:25.000Z,6
"sum:workflow_start_success{*}.as_count()",workflowname:cancel_hotel_booking_sub_wf,2025-01-20T02:37:30.000Z,8
"sum:workflow_start_success{*}.as_count()",workflowname:cancel_hotel_booking_sub_wf,2025-01-20T02:37:35.000Z,10
"sum:workflow_start_success{*}.as_count()",workflowname:cancel_hotel_booking_sub_wf,2025-01-20T02:37:40.000Z,10
"sum:workflow_start_success{*}.as_count()",workflowname:cancel_hotel_booking_sub_wf,2025-01-20T02:37:45.000Z,12
"sum:workflow_start_success{*}.as_count()",workflowname:cancel_hotel_booking_sub_wf,2025-01-20T02:37:50.000Z,4
"sum:workflow_start_success{*}.as_count()",workflowname:cancel_hotel_booking_sub_wf,2025-01-20T02:37:55.000Z,4
"sum:workflow_start_success{*}.as_count()",workflowname:cancel_hotel_booking_sub_wf,2025-01-20T02:38:00.000Z,7
"sum:workflow_start_success{*}.as_count()",workflowname:cancel_hotel_booking_sub_wf,2025-01-20T02:38:05.000Z,6
"sum:workflow_start_success{*}.as_count()",workflowname:cancel_hotel_booking_sub_wf,2025-01-20T02:38:10.000Z,8
"sum:workflow_start_success{*}.as_count()",workflowname:cancel_hotel_booking_sub_wf,2025-01-20T02:38:15.000Z,14
"sum:workflow_start_success{*}.as_count()",workflowname:cancel_hotel_booking_sub_wf,2025-01-20T02:38:20.000Z,15
"sum:workflow_start_success{*}.as_count()",workflowname:cancel_hotel_booking_sub_wf,2025-01-20T02:38:25.000Z,9
"sum:workflow_start_success{*}.as_count()",workflowname:cancel_hotel_booking_sub_wf,2025-01-20T02:38:30.000Z,5
"sum:workflow_start_success{*}.as_count()",workflowname:cancel_hotel_booking_sub_wf,2025-01-20T02:38:35.000Z,16
"sum:workflow_start_success{*}.as_count()",workflowname:cancel_hotel_booking_sub_wf,2025-01-20T02:38:40.000Z,14
"sum:workflow_start_success{*}.as_count()",workflowname:cancel_hotel_booking_sub_wf,2025-01-20T02:38:45.000Z,3
"sum:workflow_start_success{*}.as_count()",workflowname:cancel_hotel_booking_sub_wf,2025-01-20T02:38:50.000Z,9
"sum:workflow_start_success{*}.as_count()",workflowname:cancel_hotel_booking_sub_wf,2025-01-20T02:38:55.000Z,13
"sum:workflow_start_success{*}.as_count()",workflowname:cancel_hotel_booking_sub_wf,2025-01-20T02:39:00.000Z,15
"sum:workflow_start_success{*}.as_count()",workflowname:cancel_hotel_booking_sub_wf,2025-01-20T02:39:05.000Z,9
"sum:workflow_start_success{*}.as_count()",workflowname:cancel_hotel_booking_sub_wf,2025-01-20T02:39:10.000Z,12
"sum:workflow_start_success{*}.as_count()",workflowname:cancel_hotel_booking_sub_wf,2025-01-20T02:39:15.000Z,5
"sum:workflow_start_success{*}.as_count()",workflowname:cancel_hotel_booking_sub_wf,2025-01-20T02:39:20.000Z,5
"sum:workflow_start_success{*}.as_count()",workflowname:cancel_hotel_booking_sub_wf,2025-01-20T02:39:25.000Z,21
"sum:workflow_start_success{*}.as_count()",workflowname:cancel_hotel_booking_sub_wf,2025-01-20T02:39:30.000Z,6
"sum:workflow_start_success{*}.as_count()",workflowname:cancel_hotel_booking_sub_wf,2025-01-20T02:39:35.000Z,3
"sum:workflow_start_success{*}.as_count()",workflowname:cancel_hotel_booking_sub_wf,2025-01-20T02:39:40.000Z,4
"sum:workflow_start_success{*}.as_count()",workflowname:cancel_hotel_booking_sub_wf,2025-01-20T02:39:45.000Z,7
"sum:workflow_start_success{*}.as_count()",workflowname:cancel_hotel_booking_sub_wf,2025-01-20T02:39:50.000Z,7
"sum:workflow_start_success{*}.as_count()",workflowname:cancel_hotel_booking_sub_wf,2025-01-20T02:39:55.000Z,7
"sum:workflow_start_success{*}.as_count()",workflowname:cancel_hotel_booking_sub_wf,2025-01-20T02:40:00.000Z,10
"sum:workflow_start_success{*}.as_count()",workflowname:cancel_hotel_booking_sub_wf,2025-01-20T02:40:05.000Z,15
"sum:workflow_start_success{*}.as_count()",workflowname:cancel_hotel_booking_sub_wf,2025-01-20T02:40:10.000Z,11
"sum:workflow_start_success{*}.as_count()",workflowname:cancel_hotel_booking_sub_wf,2025-01-20T02:40:15.000Z,4
"sum:workflow_start_success{*}.as_count()",workflowname:cancel_hotel_booking_sub_wf,2025-01-20T02:40:20.000Z,6
"sum:workflow_start_success{*}.as_count()",workflowname:cancel_hotel_booking_sub_wf,2025-01-20T02:40:25.000Z,11
"sum:workflow_start_success{*}.as_count()",workflowname:cancel_hotel_booking_sub_wf,2025-01-20T02:40:30.000Z,15
"sum:workflow_start_success{*}.as_count()",workflowname:cancel_hotel_booking_sub_wf,2025-01-20T02:40:35.000Z,5
"sum:workflow_start_success{*}.as_count()",workflowname:cancel_hotel_booking_sub_wf,2025-01-20T02:40:40.000Z,6
"sum:workflow_start_success{*}.as_count()",workflowname:cancel_hotel_booking_sub_wf,2025-01-20T02:40:45.000Z,3
"sum:workflow_start_success{*}.as_count()",workflowname:cancel_hotel_booking_sub_wf,2025-01-20T02:40:50.000Z,11
"sum:workflow_start_success{*}.as_count()",workflowname:cancel_hotel_booking_sub_wf,2025-01-20T02:40:55.000Z,16
"sum:workflow_start_success{*}.as_count()",workflowname:cancel_hotel_booking_sub_wf,2025-01-20T02:41:00.000Z,10
"sum:workflow_start_success{*}.as_count()",workflowname:cancel_hotel_booking_sub_wf,2025-01-20T02:41:05.000Z,3
"sum:workflow_start_success{*}.as_count()",workflowname:cancel_hotel_booking_sub_wf,2025-01-20T02:41:10.000Z,14
"sum:workflow_start_success{*}.as_count()",workflowname:cancel_hotel_booking_sub_wf,2025-01-20T02:41:15.000Z,7
"sum:workflow_start_success{*}.as_count()",workflowname:cancel_hotel_booking_sub_wf,2025-01-20T02:41:20.000Z,12
"sum:workflow_start_success{*}.as_count()",workflowname:cancel_hotel_booking_sub_wf,2025-01-20T02:41:25.000Z,11
"sum:workflow_start_success{*}.as_count()",workflowname:cancel_hotel_booking_sub_wf,2025-01-20T02:41:30.000Z,6
"sum:workflow_start_success{*}.as_count()",workflowname:cancel_hotel_booking_sub_wf,2025-01-20T02:41:35.000Z,9
"sum:workflow_start_success{*}.as_count()",workflowname:cancel_hotel_booking_sub_wf,2025-01-20T02:41:40.000Z,7
"sum:workflow_start_success{*}.as_count()",workflowname:cancel_hotel_booking_sub_wf,2025-01-20T02:41:45.000Z,11
"sum:workflow_start_success{*}.as_count()",workflowname:cancel_hotel_booking_sub_wf,2025-01-20T02:41:50.000Z,17
"sum:workflow_start_success{*}.as_count()",workflowname:cancel_hotel_booking_sub_wf,2025-01-20T02:41:55.000Z,7
"sum:workflow_start_success{*}.as_count()",workflowname:cancel_hotel_booking_sub_wf,2025-01-20T02:42:00.000Z,13
"sum:workflow_start_success{*}.as_count()",workflowname:cancel_hotel_booking_sub_wf,2025-01-20T02:42:05.000Z,14
"sum:workflow_start_success{*}.as_count()",workflowname:cancel_hotel_booking_sub_wf,2025-01-20T02:42:10.000Z,15
"sum:workflow_start_success{*}.as_count()",workflowname:cancel_hotel_booking_sub_wf,2025-01-20T02:42:15.000Z,8
"sum:workflow_start_success{*}.as_count()",workflowname:cancel_hotel_booking_sub_wf,2025-01-20T02:42:20.000Z,8
"sum:workflow_start_success{*}.as_count()",workflowname:cancel_hotel_booking_sub_wf,2025-01-20T02:42:25.000Z,7
"sum:workflow_start_success{*}.as_count()",workflowname:cancel_hotel_booking_sub_wf,2025-01-20T02:42:30.000Z,18
"sum:workflow_start_success{*}.as_count()",workflowname:cancel_hotel_booking_sub_wf,2025-01-20T02:42:35.000Z,12
"sum:workflow_start_success{*}.as_count()",workflowname:cancel_hotel_booking_sub_wf,2025-01-20T02:42:40.000Z,13
"sum:workflow_start_success{*}.as_count()",workflowname:cancel_hotel_booking_sub_wf,2025-01-20T02:42:45.000Z,4
"sum:workflow_start_success{*}.as_count()",workflowname:cancel_hotel_booking_sub_wf,2025-01-20T02:42:50.000Z,3
"sum:workflow_start_success{*}.as_count()",workflowname:cancel_hotel_booking_sub_wf,2025-01-20T02:42:55.000Z,7
"sum:workflow_start_success{*}.as_count()",workflowname:cancel_hotel_booking_sub_wf,2025-01-20T02:43:00.000Z,17
"sum:workflow_start_success{*}.as_count()",workflowname:cancel_hotel_booking_sub_wf,2025-01-20T02:43:05.000Z,8
"sum:workflow_start_success{*}.as_count()",workflowname:cancel_hotel_booking_sub_wf,2025-01-20T02:43:10.000Z,0
"sum:workflow_start_success{*}.as_count()",workflowname:cancel_hotel_booking_sub_wf,2025-01-20T02:43:15.000Z,0
"sum:workflow_start_success{*}.as_count()",workflowname:cancel_hotel_booking_sub_wf,2025-01-20T02:43:20.000Z,0
"sum:workflow_start_success{*}.as_count()",workflowname:cancel_hotel_booking_sub_wf,2025-01-20T02:43:25.000Z,0
"sum:workflow_start_success{*}.as_count()",workflowname:cancel_hotel_booking_sub_wf,2025-01-20T02:43:30.000Z,0
"sum:workflow_start_success{*}.as_count()",workflowname:cancel_hotel_booking_sub_wf,2025-01-20T02:43:35.000Z,0
"sum:workflow_start_success{*}.as_count()",workflowname:cancel_hotel_booking_sub_wf,2025-01-20T02:43:40.000Z,0
"sum:workflow_start_success{*}.as_count()",workflowname:cancel_hotel_booking_sub_wf,2025-01-20T02:43:45.000Z,0
"sum:workflow_start_success{*}.as_count()",workflowname:cancel_hotel_booking_sub_wf,2025-01-20T02:43:50.000Z,0
"sum:workflow_start_success{*}.as_count()",workflowname:cancel_hotel_booking_sub_wf,2025-01-20T02:43:55.000Z,0
"sum:workflow_start_success{*}.as_count()",workflowname:cancel_hotel_booking_sub_wf,2025-01-20T02:44:00.000Z,0
"sum:workflow_start_success{*}.as_count()",workflowname:cancel_hotel_booking_sub_wf,2025-01-20T02:44:05.000Z,0
"sum:workflow_start_success{*}.as_count()",workflowname:cancel_hotel_booking_sub_wf,2025-01-20T02:44:10.000Z,0
"sum:workflow_start_success{*}.as_count()",workflowname:cancel_hotel_booking_sub_wf,2025-01-20T02:44:15.000Z,0
"sum:workflow_start_success{*}.as_count()",workflowname:cancel_hotel_booking_sub_wf,2025-01-20T02:44:20.000Z,0
"sum:workflow_start_success{*}.as_count()",workflowname:cancel_hotel_booking_sub_wf,2025-01-20T02:44:25.000Z,0
"sum:workflow_start_success{*}.as_count()",workflowname:cancel_hotel_booking_sub_wf,2025-01-20T02:44:30.000Z,0
"sum:workflow_start_success{*}.as_count()",workflowname:cancel_hotel_booking_sub_wf,2025-01-20T02:44:35.000Z,0
"sum:workflow_start_success{*}.as_count()",workflowname:cancel_hotel_booking_sub_wf,2025-01-20T02:44:40.000Z,0
"sum:workflow_start_success{*}.as_count()",workflowname:cancel_hotel_booking_sub_wf,2025-01-20T02:44:45.000Z,0
"sum:workflow_start_success{*}.as_count()",workflowname:cancel_hotel_booking_sub_wf,2025-01-20T02:44:50.000Z,0
"sum:workflow_start_success{*}.as_count()",workflowname:cancel_hotel_booking_sub_wf,2025-01-20T02:44:55.000Z,0
"sum:workflow_start_success{*}.as_count()",workflowname:cancel_hotel_booking_sub_wf,2025-01-20T02:45:00.000Z,0
"sum:workflow_start_success{*}.as_count()",workflowname:cancel_hotel_booking_sub_wf,2025-01-20T02:45:05.000Z,0
"sum:workflow_start_success{*}.as_count()",workflowname:cancel_hotel_booking_sub_wf,2025-01-20T02:45:10.000Z,0
"sum:workflow_start_success{*}.as_count()",workflowname:cancel_hotel_booking_sub_wf,2025-01-20T02:45:15.000Z,0
"sum:workflow_start_success{*}.as_count()",workflowname:cancel_hotel_booking_sub_wf,2025-01-20T02:45:20.000Z,0
"sum:workflow_start_success{*}.as_count()",workflowname:cancel_hotel_booking_sub_wf,2025-01-20T02:45:25.000Z,0
"sum:workflow_start_success{*}.as_count()",workflowname:cancel_hotel_booking_sub_wf,2025-01-20T02:45:30.000Z,0
"sum:workflow_start_success{*}.as_count()",workflowname:cancel_hotel_booking_sub_wf,2025-01-20T02:45:35.000Z,0
"sum:workflow_start_success{*}.as_count()",workflowname:cancel_hotel_booking_sub_wf,2025-01-20T02:45:40.000Z,0
"sum:workflow_start_success{*}.as_count()",workflowname:cancel_hotel_booking_sub_wf,2025-01-20T02:45:45.000Z,0
"sum:workflow_start_success{*}.as_count()",workflowname:cancel_hotel_booking_sub_wf,2025-01-20T02:45:50.000Z,0
"sum:workflow_start_success{*}.as_count()",workflowname:cancel_hotel_booking_sub_wf,2025-01-20T02:45:55.000Z,0
"sum:workflow_start_success{*}.as_count()",workflowname:cancel_hotel_booking_sub_wf,2025-01-20T02:46:00.000Z,0
"sum:workflow_start_success{*}.as_count()",workflowname:travel_booking_http_saga_wf,2025-01-20T02:24:30.000Z,200
"sum:workflow_start_success{*}.as_count()",workflowname:travel_booking_http_saga_wf,2025-01-20T02:24:35.000Z,400
"sum:workflow_start_success{*}.as_count()",workflowname:travel_booking_http_saga_wf,2025-01-20T02:24:40.000Z,599
"sum:workflow_start_success{*}.as_count()",workflowname:travel_booking_http_saga_wf,2025-01-20T02:24:45.000Z,568
"sum:workflow_start_success{*}.as_count()",workflowname:travel_booking_http_saga_wf,2025-01-20T02:24:50.000Z,579
"sum:workflow_start_success{*}.as_count()",workflowname:travel_booking_http_saga_wf,2025-01-20T02:24:55.000Z,675
"sum:workflow_start_success{*}.as_count()",workflowname:travel_booking_http_saga_wf,2025-01-20T02:25:00.000Z,818
"sum:workflow_start_success{*}.as_count()",workflowname:travel_booking_http_saga_wf,2025-01-20T02:25:05.000Z,1025
"sum:workflow_start_success{*}.as_count()",workflowname:travel_booking_http_saga_wf,2025-01-20T02:25:10.000Z,136
"sum:workflow_start_success{*}.as_count()",workflowname:travel_booking_http_saga_wf,2025-01-20T02:25:15.000Z,0
"sum:workflow_start_success{*}.as_count()",workflowname:travel_booking_http_saga_wf,2025-01-20T02:25:20.000Z,0
"sum:workflow_start_success{*}.as_count()",workflowname:travel_booking_http_saga_wf,2025-01-20T02:25:25.000Z,0
"sum:workflow_start_success{*}.as_count()",workflowname:travel_booking_http_saga_wf,2025-01-20T02:25:30.000Z,0
"sum:workflow_start_success{*}.as_count()",workflowname:travel_booking_http_saga_wf,2025-01-20T02:25:35.000Z,0
"sum:workflow_start_success{*}.as_count()",workflowname:travel_booking_http_saga_wf,2025-01-20T02:25:40.000Z,0
"sum:workflow_start_success{*}.as_count()",workflowname:travel_booking_http_saga_wf,2025-01-20T02:25:45.000Z,0
"sum:workflow_start_success{*}.as_count()",workflowname:travel_booking_http_saga_wf,2025-01-20T02:25:50.000Z,0
"sum:workflow_start_success{*}.as_count()",workflowname:travel_booking_http_saga_wf,2025-01-20T02:25:55.000Z,0
"sum:workflow_start_success{*}.as_count()",workflowname:travel_booking_http_saga_wf,2025-01-20T02:26:00.000Z,0
"sum:workflow_start_success{*}.as_count()",workflowname:travel_booking_http_saga_wf,2025-01-20T02:26:05.000Z,0
"sum:workflow_start_success{*}.as_count()",workflowname:travel_booking_http_saga_wf,2025-01-20T02:26:10.000Z,0
"sum:workflow_start_success{*}.as_count()",workflowname:travel_booking_http_saga_wf,2025-01-20T02:26:15.000Z,0
"sum:workflow_start_success{*}.as_count()",workflowname:travel_booking_http_saga_wf,2025-01-20T02:26:20.000Z,0
"sum:workflow_start_success{*}.as_count()",workflowname:travel_booking_http_saga_wf,2025-01-20T02:26:25.000Z,0
"sum:workflow_start_success{*}.as_count()",workflowname:travel_booking_http_saga_wf,2025-01-20T02:26:30.000Z,0
"sum:workflow_start_success{*}.as_count()",workflowname:travel_booking_http_saga_wf,2025-01-20T02:26:35.000Z,0
"sum:workflow_start_success{*}.as_count()",workflowname:travel_booking_http_saga_wf,2025-01-20T02:26:40.000Z,0
"sum:workflow_start_success{*}.as_count()",workflowname:travel_booking_http_saga_wf,2025-01-20T02:26:45.000Z,0
"sum:workflow_start_success{*}.as_count()",workflowname:travel_booking_http_saga_wf,2025-01-20T02:26:50.000Z,0
"sum:workflow_start_success{*}.as_count()",workflowname:travel_booking_http_saga_wf,2025-01-20T02:26:55.000Z,0
"sum:workflow_start_success{*}.as_count()",workflowname:travel_booking_http_saga_wf,2025-01-20T02:27:00.000Z,0
"sum:workflow_start_success{*}.as_count()",workflowname:travel_booking_http_saga_wf,2025-01-20T02:27:05.000Z,0
"sum:workflow_start_success{*}.as_count()",workflowname:travel_booking_http_saga_wf,2025-01-20T02:27:10.000Z,0
"sum:workflow_start_success{*}.as_count()",workflowname:travel_booking_http_saga_wf,2025-01-20T02:27:15.000Z,0
"sum:workflow_start_success{*}.as_count()",workflowname:travel_booking_http_saga_wf,2025-01-20T02:27:20.000Z,0
"sum:workflow_start_success{*}.as_count()",workflowname:travel_booking_http_saga_wf,2025-01-20T02:27:25.000Z,0
"sum:workflow_start_success{*}.as_count()",workflowname:travel_booking_http_saga_wf,2025-01-20T02:27:30.000Z,0
"sum:workflow_start_success{*}.as_count()",workflowname:travel_booking_http_saga_wf,2025-01-20T02:27:35.000Z,0
"sum:workflow_start_success{*}.as_count()",workflowname:travel_booking_http_saga_wf,2025-01-20T02:27:40.000Z,0
"sum:workflow_start_success{*}.as_count()",workflowname:travel_booking_http_saga_wf,2025-01-20T02:27:45.000Z,0
"sum:workflow_start_success{*}.as_count()",workflowname:travel_booking_http_saga_wf,2025-01-20T02:27:50.000Z,0
"sum:workflow_start_success{*}.as_count()",workflowname:travel_booking_http_saga_wf,2025-01-20T02:27:55.000Z,0
"sum:workflow_start_success{*}.as_count()",workflowname:travel_booking_http_saga_wf,2025-01-20T02:28:00.000Z,0
"sum:workflow_start_success{*}.as_count()",workflowname:travel_booking_http_saga_wf,2025-01-20T02:28:05.000Z,0
"sum:workflow_start_success{*}.as_count()",workflowname:travel_booking_http_saga_wf,2025-01-20T02:28:10.000Z,0
"sum:workflow_start_success{*}.as_count()",workflowname:travel_booking_http_saga_wf,2025-01-20T02:28:15.000Z,0
"sum:workflow_start_success{*}.as_count()",workflowname:travel_booking_http_saga_wf,2025-01-20T02:28:20.000Z,0
"sum:workflow_start_success{*}.as_count()",workflowname:travel_booking_http_saga_wf,2025-01-20T02:28:25.000Z,0
"sum:workflow_start_success{*}.as_count()",workflowname:travel_booking_http_saga_wf,2025-01-20T02:28:30.000Z,0
"sum:workflow_start_success{*}.as_count()",workflowname:travel_booking_http_saga_wf,2025-01-20T02:28:35.000Z,0
"sum:workflow_start_success{*}.as_count()",workflowname:travel_booking_http_saga_wf,2025-01-20T02:28:40.000Z,0
"sum:workflow_start_success{*}.as_count()",workflowname:travel_booking_http_saga_wf,2025-01-20T02:28:45.000Z,0
"sum:workflow_start_success{*}.as_count()",workflowname:travel_booking_http_saga_wf,2025-01-20T02:28:50.000Z,0
"sum:workflow_start_success{*}.as_count()",workflowname:travel_booking_http_saga_wf,2025-01-20T02:28:55.000Z,0
"sum:workflow_start_success{*}.as_count()",workflowname:travel_booking_http_saga_wf,2025-01-20T02:29:00.000Z,0
"sum:workflow_start_success{*}.as_count()",workflowname:travel_booking_http_saga_wf,2025-01-20T02:29:05.000Z,0
"sum:workflow_start_success{*}.as_count()",workflowname:travel_booking_http_saga_wf,2025-01-20T02:29:10.000Z,0
"sum:workflow_start_success{*}.as_count()",workflowname:travel_booking_http_saga_wf,2025-01-20T02:29:15.000Z,0
"sum:workflow_start_success{*}.as_count()",workflowname:travel_booking_http_saga_wf,2025-01-20T02:29:20.000Z,0
"sum:workflow_start_success{*}.as_count()",workflowname:travel_booking_http_saga_wf,2025-01-20T02:29:25.000Z,0
"sum:workflow_start_success{*}.as_count()",workflowname:travel_booking_http_saga_wf,2025-01-20T02:29:30.000Z,0
"sum:workflow_start_success{*}.as_count()",workflowname:travel_booking_http_saga_wf,2025-01-20T02:29:35.000Z,0
"sum:workflow_start_success{*}.as_count()",workflowname:travel_booking_http_saga_wf,2025-01-20T02:29:40.000Z,0
"sum:workflow_start_success{*}.as_count()",workflowname:travel_booking_http_saga_wf,2025-01-20T02:29:45.000Z,0
"sum:workflow_start_success{*}.as_count()",workflowname:travel_booking_http_saga_wf,2025-01-20T02:29:50.000Z,0
"sum:workflow_start_success{*}.as_count()",workflowname:travel_booking_http_saga_wf,2025-01-20T02:29:55.000Z,0
"sum:workflow_start_success{*}.as_count()",workflowname:travel_booking_http_saga_wf,2025-01-20T02:30:00.000Z,0
"sum:workflow_start_success{*}.as_count()",workflowname:travel_booking_http_saga_wf,2025-01-20T02:30:05.000Z,0
"sum:workflow_start_success{*}.as_count()",workflowname:travel_booking_http_saga_wf,2025-01-20T02:30:10.000Z,0
"sum:workflow_start_success{*}.as_count()",workflowname:travel_booking_http_saga_wf,2025-01-20T02:30:15.000Z,0
"sum:workflow_start_success{*}.as_count()",workflowname:travel_booking_http_saga_wf,2025-01-20T02:30:20.000Z,0
"sum:workflow_start_success{*}.as_count()",workflowname:travel_booking_http_saga_wf,2025-01-20T02:30:25.000Z,0
"sum:workflow_start_success{*}.as_count()",workflowname:travel_booking_http_saga_wf,2025-01-20T02:30:30.000Z,0
"sum:workflow_start_success{*}.as_count()",workflowname:travel_booking_http_saga_wf,2025-01-20T02:30:35.000Z,0
"sum:workflow_start_success{*}.as_count()",workflowname:travel_booking_http_saga_wf,2025-01-20T02:30:40.000Z,0
"sum:workflow_start_success{*}.as_count()",workflowname:travel_booking_http_saga_wf,2025-01-20T02:30:45.000Z,0
"sum:workflow_start_success{*}.as_count()",workflowname:travel_booking_http_saga_wf,2025-01-20T02:30:50.000Z,0
"sum:workflow_start_success{*}.as_count()",workflowname:travel_booking_http_saga_wf,2025-01-20T02:30:55.000Z,0
"sum:workflow_start_success{*}.as_count()",workflowname:travel_booking_http_saga_wf,2025-01-20T02:31:00.000Z,0
"sum:workflow_start_success{*}.as_count()",workflowname:travel_booking_http_saga_wf,2025-01-20T02:31:05.000Z,0
"sum:workflow_start_success{*}.as_count()",workflowname:travel_booking_http_saga_wf,2025-01-20T02:31:10.000Z,0
"sum:workflow_start_success{*}.as_count()",workflowname:travel_booking_http_saga_wf,2025-01-20T02:31:15.000Z,0
"sum:workflow_start_success{*}.as_count()",workflowname:travel_booking_http_saga_wf,2025-01-20T02:31:20.000Z,0
"sum:workflow_start_success{*}.as_count()",workflowname:travel_booking_http_saga_wf,2025-01-20T02:31:25.000Z,0
"sum:workflow_start_success{*}.as_count()",workflowname:travel_booking_http_saga_wf,2025-01-20T02:31:30.000Z,0
"sum:workflow_start_success{*}.as_count()",workflowname:travel_booking_http_saga_wf,2025-01-20T02:31:35.000Z,0
"sum:workflow_start_success{*}.as_count()",workflowname:travel_booking_http_saga_wf,2025-01-20T02:31:40.000Z,0
"sum:workflow_start_success{*}.as_count()",workflowname:travel_booking_http_saga_wf,2025-01-20T02:31:45.000Z,0
"sum:workflow_start_success{*}.as_count()",workflowname:travel_booking_http_saga_wf,2025-01-20T02:31:50.000Z,0
"sum:workflow_start_success{*}.as_count()",workflowname:travel_booking_http_saga_wf,2025-01-20T02:31:55.000Z,0
"sum:workflow_start_success{*}.as_count()",workflowname:travel_booking_http_saga_wf,2025-01-20T02:32:00.000Z,0
"sum:workflow_start_success{*}.as_count()",workflowname:travel_booking_http_saga_wf,2025-01-20T02:32:05.000Z,0
"sum:workflow_start_success{*}.as_count()",workflowname:travel_booking_http_saga_wf,2025-01-20T02:32:10.000Z,0
"sum:workflow_start_success{*}.as_count()",workflowname:travel_booking_http_saga_wf,2025-01-20T02:32:15.000Z,0
"sum:workflow_start_success{*}.as_count()",workflowname:travel_booking_http_saga_wf,2025-01-20T02:32:20.000Z,0
"sum:workflow_start_success{*}.as_count()",workflowname:travel_booking_http_saga_wf,2025-01-20T02:32:25.000Z,0
"sum:workflow_start_success{*}.as_count()",workflowname:travel_booking_http_saga_wf,2025-01-20T02:32:30.000Z,0
"sum:workflow_start_success{*}.as_count()",workflowname:travel_booking_http_saga_wf,2025-01-20T02:32:35.000Z,0
"sum:workflow_start_success{*}.as_count()",workflowname:travel_booking_http_saga_wf,2025-01-20T02:32:40.000Z,0
"sum:workflow_start_success{*}.as_count()",workflowname:travel_booking_http_saga_wf,2025-01-20T02:32:45.000Z,0
"sum:workflow_start_success{*}.as_count()",workflowname:travel_booking_http_saga_wf,2025-01-20T02:32:50.000Z,0
"sum:workflow_start_success{*}.as_count()",workflowname:travel_booking_http_saga_wf,2025-01-20T02:32:55.000Z,0
"sum:workflow_start_success{*}.as_count()",workflowname:travel_booking_http_saga_wf,2025-01-20T02:33:00.000Z,0
"sum:workflow_start_success{*}.as_count()",workflowname:travel_booking_http_saga_wf,2025-01-20T02:33:05.000Z,0
"sum:workflow_start_success{*}.as_count()",workflowname:travel_booking_http_saga_wf,2025-01-20T02:33:10.000Z,0
"sum:workflow_start_success{*}.as_count()",workflowname:travel_booking_http_saga_wf,2025-01-20T02:33:15.000Z,0
"sum:workflow_start_success{*}.as_count()",workflowname:travel_booking_http_saga_wf,2025-01-20T02:33:20.000Z,0
"sum:workflow_start_success{*}.as_count()",workflowname:travel_booking_http_saga_wf,2025-01-20T02:33:25.000Z,0
"sum:workflow_start_success{*}.as_count()",workflowname:travel_booking_http_saga_wf,2025-01-20T02:33:30.000Z,0
"sum:workflow_start_success{*}.as_count()",workflowname:travel_booking_http_saga_wf,2025-01-20T02:33:35.000Z,0
"sum:workflow_start_success{*}.as_count()",workflowname:travel_booking_http_saga_wf,2025-01-20T02:33:40.000Z,0
"sum:workflow_start_success{*}.as_count()",workflowname:travel_booking_http_saga_wf,2025-01-20T02:33:45.000Z,0
"sum:workflow_start_success{*}.as_count()",workflowname:travel_booking_http_saga_wf,2025-01-20T02:33:50.000Z,0
"sum:workflow_start_success{*}.as_count()",workflowname:travel_booking_http_saga_wf,2025-01-20T02:33:55.000Z,0
"sum:workflow_start_success{*}.as_count()",workflowname:travel_booking_http_saga_wf,2025-01-20T02:34:00.000Z,0
"sum:workflow_start_success{*}.as_count()",workflowname:travel_booking_http_saga_wf,2025-01-20T02:34:05.000Z,0
"sum:workflow_start_success{*}.as_count()",workflowname:travel_booking_http_saga_wf,2025-01-20T02:34:10.000Z,0
"sum:workflow_start_success{*}.as_count()",workflowname:travel_booking_http_saga_wf,2025-01-20T02:34:15.000Z,0
"sum:workflow_start_success{*}.as_count()",workflowname:travel_booking_http_saga_wf,2025-01-20T02:34:20.000Z,0
"sum:workflow_start_success{*}.as_count()",workflowname:travel_booking_http_saga_wf,2025-01-20T02:34:25.000Z,0
"sum:workflow_start_success{*}.as_count()",workflowname:travel_booking_http_saga_wf,2025-01-20T02:34:30.000Z,0
"sum:workflow_start_success{*}.as_count()",workflowname:travel_booking_http_saga_wf,2025-01-20T02:34:35.000Z,0
"sum:workflow_start_success{*}.as_count()",workflowname:travel_booking_http_saga_wf,2025-01-20T02:34:40.000Z,0
"sum:workflow_start_success{*}.as_count()",workflowname:travel_booking_http_saga_wf,2025-01-20T02:34:45.000Z,0
"sum:workflow_start_success{*}.as_count()",workflowname:travel_booking_http_saga_wf,2025-01-20T02:34:50.000Z,0
"sum:workflow_start_success{*}.as_count()",workflowname:travel_booking_http_saga_wf,2025-01-20T02:34:55.000Z,0
"sum:workflow_start_success{*}.as_count()",workflowname:travel_booking_http_saga_wf,2025-01-20T02:35:00.000Z,0
"sum:workflow_start_success{*}.as_count()",workflowname:travel_booking_http_saga_wf,2025-01-20T02:35:05.000Z,0
"sum:workflow_start_success{*}.as_count()",workflowname:travel_booking_http_saga_wf,2025-01-20T02:35:10.000Z,0
"sum:workflow_start_success{*}.as_count()",workflowname:travel_booking_http_saga_wf,2025-01-20T02:35:15.000Z,0
"sum:workflow_start_success{*}.as_count()",workflowname:travel_booking_http_saga_wf,2025-01-20T02:35:20.000Z,0
"sum:workflow_start_success{*}.as_count()",workflowname:travel_booking_http_saga_wf,2025-01-20T02:35:25.000Z,0
"sum:workflow_start_success{*}.as_count()",workflowname:travel_booking_http_saga_wf,2025-01-20T02:35:30.000Z,0
"sum:workflow_start_success{*}.as_count()",workflowname:travel_booking_http_saga_wf,2025-01-20T02:35:35.000Z,0
"sum:workflow_start_success{*}.as_count()",workflowname:travel_booking_http_saga_wf,2025-01-20T02:35:40.000Z,0
"sum:workflow_start_success{*}.as_count()",workflowname:travel_booking_http_saga_wf,2025-01-20T02:35:45.000Z,0
"sum:workflow_start_success{*}.as_count()",workflowname:travel_booking_http_saga_wf,2025-01-20T02:35:50.000Z,0
"sum:workflow_start_success{*}.as_count()",workflowname:travel_booking_http_saga_wf,2025-01-20T02:35:55.000Z,0
"sum:workflow_start_success{*}.as_count()",workflowname:travel_booking_http_saga_wf,2025-01-20T02:36:00.000Z,0
"sum:workflow_start_success{*}.as_count()",workflowname:travel_booking_http_saga_wf,2025-01-20T02:36:05.000Z,0
"sum:workflow_start_success{*}.as_count()",workflowname:travel_booking_http_saga_wf,2025-01-20T02:36:10.000Z,0
"sum:workflow_start_success{*}.as_count()",workflowname:travel_booking_http_saga_wf,2025-01-20T02:36:15.000Z,0
"sum:workflow_start_success{*}.as_count()",workflowname:travel_booking_http_saga_wf,2025-01-20T02:36:20.000Z,0
"sum:workflow_start_success{*}.as_count()",workflowname:travel_booking_http_saga_wf,2025-01-20T02:36:25.000Z,0
"sum:workflow_start_success{*}.as_count()",workflowname:travel_booking_http_saga_wf,2025-01-20T02:36:30.000Z,0
"sum:workflow_start_success{*}.as_count()",workflowname:travel_booking_http_saga_wf,2025-01-20T02:36:35.000Z,0
"sum:workflow_start_success{*}.as_count()",workflowname:travel_booking_http_saga_wf,2025-01-20T02:36:40.000Z,0
"sum:workflow_start_success{*}.as_count()",workflowname:travel_booking_http_saga_wf,2025-01-20T02:36:45.000Z,0
"sum:workflow_start_success{*}.as_count()",workflowname:travel_booking_http_saga_wf,2025-01-20T02:36:50.000Z,0
"sum:workflow_start_success{*}.as_count()",workflowname:travel_booking_http_saga_wf,2025-01-20T02:36:55.000Z,0
"sum:workflow_start_success{*}.as_count()",workflowname:travel_booking_http_saga_wf,2025-01-20T02:37:00.000Z,0
"sum:workflow_start_success{*}.as_count()",workflowname:travel_booking_http_saga_wf,2025-01-20T02:37:05.000Z,0
"sum:workflow_start_success{*}.as_count()",workflowname:travel_booking_http_saga_wf,2025-01-20T02:37:10.000Z,0
"sum:workflow_start_success{*}.as_count()",workflowname:travel_booking_http_saga_wf,2025-01-20T02:37:15.000Z,0
"sum:workflow_start_success{*}.as_count()",workflowname:travel_booking_http_saga_wf,2025-01-20T02:37:20.000Z,0
"sum:workflow_start_success{*}.as_count()",workflowname:travel_booking_http_saga_wf,2025-01-20T02:37:25.000Z,0
"sum:workflow_start_success{*}.as_count()",workflowname:travel_booking_http_saga_wf,2025-01-20T02:37:30.000Z,0
"sum:workflow_start_success{*}.as_count()",workflowname:travel_booking_http_saga_wf,2025-01-20T02:37:35.000Z,0
"sum:workflow_start_success{*}.as_count()",workflowname:travel_booking_http_saga_wf,2025-01-20T02:37:40.000Z,0
"sum:workflow_start_success{*}.as_count()",workflowname:travel_booking_http_saga_wf,2025-01-20T02:37:45.000Z,0
"sum:workflow_start_success{*}.as_count()",workflowname:travel_booking_http_saga_wf,2025-01-20T02:37:50.000Z,0
"sum:workflow_start_success{*}.as_count()",workflowname:travel_booking_http_saga_wf,2025-01-20T02:37:55.000Z,0
"sum:workflow_start_success{*}.as_count()",workflowname:travel_booking_http_saga_wf,2025-01-20T02:38:00.000Z,0
"sum:workflow_start_success{*}.as_count()",workflowname:travel_booking_http_saga_wf,2025-01-20T02:38:05.000Z,0
"sum:workflow_start_success{*}.as_count()",workflowname:travel_booking_http_saga_wf,2025-01-20T02:38:10.000Z,0
"sum:workflow_start_success{*}.as_count()",workflowname:travel_booking_http_saga_wf,2025-01-20T02:38:15.000Z,0
"sum:workflow_start_success{*}.as_count()",workflowname:travel_booking_http_saga_wf,2025-01-20T02:38:20.000Z,0
"sum:workflow_start_success{*}.as_count()",workflowname:travel_booking_http_saga_wf,2025-01-20T02:38:25.000Z,0
"sum:workflow_start_success{*}.as_count()",workflowname:travel_booking_http_saga_wf,2025-01-20T02:38:30.000Z,0
"sum:workflow_start_success{*}.as_count()",workflowname:travel_booking_http_saga_wf,2025-01-20T02:38:35.000Z,0
"sum:workflow_start_success{*}.as_count()",workflowname:travel_booking_http_saga_wf,2025-01-20T02:38:40.000Z,0
"sum:workflow_start_success{*}.as_count()",workflowname:travel_booking_http_saga_wf,2025-01-20T02:38:45.000Z,0
"sum:workflow_start_success{*}.as_count()",workflowname:travel_booking_http_saga_wf,2025-01-20T02:38:50.000Z,0
"sum:workflow_start_success{*}.as_count()",workflowname:travel_booking_http_saga_wf,2025-01-20T02:38:55.000Z,0
"sum:workflow_start_success{*}.as_count()",workflowname:travel_booking_http_saga_wf,2025-01-20T02:39:00.000Z,0
"sum:workflow_start_success{*}.as_count()",workflowname:travel_booking_http_saga_wf,2025-01-20T02:39:05.000Z,0
"sum:workflow_start_success{*}.as_count()",workflowname:travel_booking_http_saga_wf,2025-01-20T02:39:10.000Z,0
"sum:workflow_start_success{*}.as_count()",workflowname:travel_booking_http_saga_wf,2025-01-20T02:39:15.000Z,0
"sum:workflow_start_success{*}.as_count()",workflowname:travel_booking_http_saga_wf,2025-01-20T02:39:20.000Z,0
"sum:workflow_start_success{*}.as_count()",workflowname:travel_booking_http_saga_wf,2025-01-20T02:39:25.000Z,0
"sum:workflow_start_success{*}.as_count()",workflowname:travel_booking_http_saga_wf,2025-01-20T02:39:30.000Z,0
"sum:workflow_start_success{*}.as_count()",workflowname:travel_booking_http_saga_wf,2025-01-20T02:39:35.000Z,0
"sum:workflow_start_success{*}.as_count()",workflowname:travel_booking_http_saga_wf,2025-01-20T02:39:40.000Z,0
"sum:workflow_start_success{*}.as_count()",workflowname:travel_booking_http_saga_wf,2025-01-20T02:39:45.000Z,0
"sum:workflow_start_success{*}.as_count()",workflowname:travel_booking_http_saga_wf,2025-01-20T02:39:50.000Z,0
"sum:workflow_start_success{*}.as_count()",workflowname:travel_booking_http_saga_wf,2025-01-20T02:39:55.000Z,0
"sum:workflow_start_success{*}.as_count()",workflowname:travel_booking_http_saga_wf,2025-01-20T02:40:00.000Z,0
"sum:workflow_start_success{*}.as_count()",workflowname:travel_booking_http_saga_wf,2025-01-20T02:40:05.000Z,0
"sum:workflow_start_success{*}.as_count()",workflowname:travel_booking_http_saga_wf,2025-01-20T02:40:10.000Z,0
"sum:workflow_start_success{*}.as_count()",workflowname:travel_booking_http_saga_wf,2025-01-20T02:40:15.000Z,0
"sum:workflow_start_success{*}.as_count()",workflowname:travel_booking_http_saga_wf,2025-01-20T02:40:20.000Z,0
"sum:workflow_start_success{*}.as_count()",workflowname:travel_booking_http_saga_wf,2025-01-20T02:40:25.000Z,0
"sum:workflow_start_success{*}.as_count()",workflowname:travel_booking_http_saga_wf,2025-01-20T02:40:30.000Z,0
"sum:workflow_start_success{*}.as_count()",workflowname:travel_booking_http_saga_wf,2025-01-20T02:40:35.000Z,0
"sum:workflow_start_success{*}.as_count()",workflowname:travel_booking_http_saga_wf,2025-01-20T02:40:40.000Z,0
"sum:workflow_start_success{*}.as_count()",workflowname:travel_booking_http_saga_wf,2025-01-20T02:40:45.000Z,0
"sum:workflow_start_success{*}.as_count()",workflowname:travel_booking_http_saga_wf,2025-01-20T02:40:50.000Z,0
"sum:workflow_start_success{*}.as_count()",workflowname:travel_booking_http_saga_wf,2025-01-20T02:40:55.000Z,0
"sum:workflow_start_success{*}.as_count()",workflowname:travel_booking_http_saga_wf,2025-01-20T02:41:00.000Z,0
"sum:workflow_start_success{*}.as_count()",workflowname:travel_booking_http_saga_wf,2025-01-20T02:41:05.000Z,0
"sum:workflow_start_success{*}.as_count()",workflowname:travel_booking_http_saga_wf,2025-01-20T02:41:10.000Z,0
"sum:workflow_start_success{*}.as_count()",workflowname:travel_booking_http_saga_wf,2025-01-20T02:41:15.000Z,0
"sum:workflow_start_success{*}.as_count()",workflowname:travel_booking_http_saga_wf,2025-01-20T02:41:20.000Z,0
"sum:workflow_start_success{*}.as_count()",workflowname:travel_booking_http_saga_wf,2025-01-20T02:41:25.000Z,0
"sum:workflow_start_success{*}.as_count()",workflowname:travel_booking_http_saga_wf,2025-01-20T02:41:30.000Z,0
"sum:workflow_start_success{*}.as_count()",workflowname:travel_booking_http_saga_wf,2025-01-20T02:41:35.000Z,0
"sum:workflow_start_success{*}.as_count()",workflowname:travel_booking_http_saga_wf,2025-01-20T02:41:40.000Z,0
"sum:workflow_start_success{*}.as_count()",workflowname:travel_booking_http_saga_wf,2025-01-20T02:41:45.000Z,0
"sum:workflow_start_success{*}.as_count()",workflowname:travel_booking_http_saga_wf,2025-01-20T02:41:50.000Z,0
"sum:workflow_start_success{*}.as_count()",workflowname:travel_booking_http_saga_wf,2025-01-20T02:41:55.000Z,0
"sum:workflow_start_success{*}.as_count()",workflowname:travel_booking_http_saga_wf,2025-01-20T02:42:00.000Z,0
"sum:workflow_start_success{*}.as_count()",workflowname:travel_booking_http_saga_wf,2025-01-20T02:42:05.000Z,0
"sum:workflow_start_success{*}.as_count()",workflowname:travel_booking_http_saga_wf,2025-01-20T02:42:10.000Z,0
"sum:workflow_start_success{*}.as_count()",workflowname:travel_booking_http_saga_wf,2025-01-20T02:42:15.000Z,0
"sum:workflow_start_success{*}.as_count()",workflowname:travel_booking_http_saga_wf,2025-01-20T02:42:20.000Z,0
"sum:workflow_start_success{*}.as_count()",workflowname:travel_booking_http_saga_wf,2025-01-20T02:42:25.000Z,0
"sum:workflow_start_success{*}.as_count()",workflowname:travel_booking_http_saga_wf,2025-01-20T02:42:30.000Z,0
"sum:workflow_start_success{*}.as_count()",workflowname:travel_booking_http_saga_wf,2025-01-20T02:42:35.000Z,0
"sum:workflow_start_success{*}.as_count()",workflowname:travel_booking_http_saga_wf,2025-01-20T02:42:40.000Z,0
"sum:workflow_start_success{*}.as_count()",workflowname:travel_booking_http_saga_wf,2025-01-20T02:42:45.000Z,0
"sum:workflow_start_success{*}.as_count()",workflowname:travel_booking_http_saga_wf,2025-01-20T02:42:50.000Z,0
"sum:workflow_start_success{*}.as_count()",workflowname:travel_booking_http_saga_wf,2025-01-20T02:42:55.000Z,0
"sum:workflow_start_success{*}.as_count()",workflowname:travel_booking_http_saga_wf,2025-01-20T02:43:00.000Z,0
"sum:workflow_start_success{*}.as_count()",workflowname:travel_booking_http_saga_wf,2025-01-20T02:43:05.000Z,0
"sum:workflow_start_success{*}.as_count()",workflowname:travel_booking_http_saga_wf,2025-01-20T02:43:10.000Z,0
"sum:workflow_start_success{*}.as_count()",workflowname:travel_booking_http_saga_wf,2025-01-20T02:43:15.000Z,0
"sum:workflow_start_success{*}.as_count()",workflowname:travel_booking_http_saga_wf,2025-01-20T02:43:20.000Z,0
"sum:workflow_start_success{*}.as_count()",workflowname:travel_booking_http_saga_wf,2025-01-20T02:43:25.000Z,0
"sum:workflow_start_success{*}.as_count()",workflowname:travel_booking_http_saga_wf,2025-01-20T02:43:30.000Z,0
"sum:workflow_start_success{*}.as_count()",workflowname:travel_booking_http_saga_wf,2025-01-20T02:43:35.000Z,0
"sum:workflow_start_success{*}.as_count()",workflowname:travel_booking_http_saga_wf,2025-01-20T02:43:40.000Z,0
"sum:workflow_start_success{*}.as_count()",workflowname:travel_booking_http_saga_wf,2025-01-20T02:43:45.000Z,0
"sum:workflow_start_success{*}.as_count()",workflowname:travel_booking_http_saga_wf,2025-01-20T02:43:50.000Z,0
"sum:workflow_start_success{*}.as_count()",workflowname:travel_booking_http_saga_wf,2025-01-20T02:43:55.000Z,0
"sum:workflow_start_success{*}.as_count()",workflowname:travel_booking_http_saga_wf,2025-01-20T02:44:00.000Z,0
"sum:workflow_start_success{*}.as_count()",workflowname:travel_booking_http_saga_wf,2025-01-20T02:44:05.000Z,0
"sum:workflow_start_success{*}.as_count()",workflowname:travel_booking_http_saga_wf,2025-01-20T02:44:10.000Z,0
"sum:workflow_start_success{*}.as_count()",workflowname:travel_booking_http_saga_wf,2025-01-20T02:44:15.000Z,0
"sum:workflow_start_success{*}.as_count()",workflowname:travel_booking_http_saga_wf,2025-01-20T02:44:20.000Z,0
"sum:workflow_start_success{*}.as_count()",workflowname:travel_booking_http_saga_wf,2025-01-20T02:44:25.000Z,0
"sum:workflow_start_success{*}.as_count()",workflowname:travel_booking_http_saga_wf,2025-01-20T02:44:30.000Z,0
"sum:workflow_start_success{*}.as_count()",workflowname:travel_booking_http_saga_wf,2025-01-20T02:44:35.000Z,0
"sum:workflow_start_success{*}.as_count()",workflowname:travel_booking_http_saga_wf,2025-01-20T02:44:40.000Z,0
"sum:workflow_start_success{*}.as_count()",workflowname:travel_booking_http_saga_wf,2025-01-20T02:44:45.000Z,0
"sum:workflow_start_success{*}.as_count()",workflowname:travel_booking_http_saga_wf,2025-01-20T02:44:50.000Z,0
"sum:workflow_start_success{*}.as_count()",workflowname:travel_booking_http_saga_wf,2025-01-20T02:44:55.000Z,0
"sum:workflow_start_success{*}.as_count()",workflowname:travel_booking_http_saga_wf,2025-01-20T02:45:00.000Z,0
"sum:workflow_start_success{*}.as_count()",workflowname:travel_booking_http_saga_wf,2025-01-20T02:45:05.000Z,0
"sum:workflow_start_success{*}.as_count()",workflowname:travel_booking_http_saga_wf,2025-01-20T02:45:10.000Z,0
"sum:workflow_start_success{*}.as_count()",workflowname:travel_booking_http_saga_wf,2025-01-20T02:45:15.000Z,0
"sum:workflow_start_success{*}.as_count()",workflowname:travel_booking_http_saga_wf,2025-01-20T02:45:20.000Z,0
"sum:workflow_start_success{*}.as_count()",workflowname:travel_booking_http_saga_wf,2025-01-20T02:45:25.000Z,0
"sum:workflow_start_success{*}.as_count()",workflowname:travel_booking_http_saga_wf,2025-01-20T02:45:30.000Z,0
"sum:workflow_start_success{*}.as_count()",workflowname:travel_booking_http_saga_wf,2025-01-20T02:45:35.000Z,0
"sum:workflow_start_success{*}.as_count()",workflowname:travel_booking_http_saga_wf,2025-01-20T02:45:40.000Z,0
"sum:workflow_start_success{*}.as_count()",workflowname:travel_booking_http_saga_wf,2025-01-20T02:45:45.000Z,0
"sum:workflow_start_success{*}.as_count()",workflowname:travel_booking_http_saga_wf,2025-01-20T02:45:50.000Z,0
"sum:workflow_start_success{*}.as_count()",workflowname:travel_booking_http_saga_wf,2025-01-20T02:45:55.000Z,0
"sum:workflow_start_success{*}.as_count()",workflowname:travel_booking_http_saga_wf,2025-01-20T02:46:00.000Z,0
